/*
 * [Input] Generated deterministic JSON from pc/builtin-clawpkgs.
 * [Output] Null-terminated firmware-resident eight-component bundle with P4 sprites.
 * [Pos] Generated data source linked into the ESP32-P4 application image.
 * [Sync] Regenerate with tools/build_builtin_bundle.py; do not edit manually.
 */

const unsigned char pet_p4_builtin_components_json[] = {
  0x7b, 0x22, 0x76, 0x65, 0x72, 0x73, 0x69, 0x6f, 0x6e, 0x22, 0x3a, 0x31, 0x2c, 0x22, 0x63, 0x6f,
  0x6d, 0x70, 0x6f, 0x6e, 0x65, 0x6e, 0x74, 0x73, 0x22, 0x3a, 0x5b, 0x7b, 0x22, 0x69, 0x64, 0x22,
  0x3a, 0x22, 0x74, 0x77, 0x6f, 0x2d, 0x6b, 0x65, 0x79, 0x2d, 0x70, 0x6f, 0x6e, 0x67, 0x22, 0x2c,
  0x22, 0x76, 0x65, 0x72, 0x73, 0x69, 0x6f, 0x6e, 0x22, 0x3a, 0x22, 0x31, 0x2e, 0x31, 0x2e, 0x35,
  0x22, 0x2c, 0x22, 0x77, 0x69, 0x64, 0x67, 0x65, 0x74, 0x22, 0x3a, 0x7b, 0x22, 0x73, 0x63, 0x68,
  0x65, 0x6d, 0x61, 0x5f, 0x76, 0x65, 0x72, 0x73, 0x69, 0x6f, 0x6e, 0x22, 0x3a, 0x31, 0x2c, 0x22,
  0x65, 0x6e, 0x67, 0x69, 0x6e, 0x65, 0x22, 0x3a, 0x22, 0x70, 0x34, 0x2d, 0x62, 0x6f, 0x75, 0x6e,
  0x64, 0x65, 0x64, 0x2d, 0x72, 0x75, 0x6e, 0x74, 0x69, 0x6d, 0x65, 0x2d, 0x76, 0x33, 0x22, 0x2c,
  0x22, 0x76, 0x61, 0x72, 0x73, 0x22, 0x3a, 0x7b, 0x22, 0x73, 0x63, 0x6f, 0x72, 0x65, 0x22, 0x3a,
  0x7b, 0x22, 0x74, 0x79, 0x70, 0x65, 0x22, 0x3a, 0x22, 0x69, 0x6e, 0x74, 0x22, 0x2c, 0x22, 0x69,
  0x6e, 0x69, 0x74, 0x22, 0x3a, 0x30, 0x7d, 0x7d, 0x2c, 0x22, 0x73, 0x74, 0x61, 0x74, 0x65, 0x73,
  0x22, 0x3a, 0x5b, 0x22, 0x72, 0x65, 0x61, 0x64, 0x79, 0x22, 0x2c, 0x22, 0x70, 0x6c, 0x61, 0x79,
  0x69, 0x6e, 0x67, 0x22, 0x2c, 0x22, 0x72, 0x65, 0x73, 0x75, 0x6c, 0x74, 0x22, 0x5d, 0x2c, 0x22,
  0x69, 0x6e, 0x69, 0x74, 0x69, 0x61, 0x6c, 0x5f, 0x73, 0x74, 0x61, 0x74, 0x65, 0x22, 0x3a, 0x22,
  0x72, 0x65, 0x61, 0x64, 0x79, 0x22, 0x2c, 0x22, 0x74, 0x72, 0x61, 0x6e, 0x73, 0x69, 0x74, 0x69,
  0x6f, 0x6e, 0x73, 0x22, 0x3a, 0x5b, 0x7b, 0x22, 0x6f, 0x6e, 0x22, 0x3a, 0x22, 0x73, 0x68, 0x69,
  0x66, 0x74, 0x5f, 0x6c, 0x65, 0x66, 0x74, 0x22, 0x2c, 0x22, 0x66, 0x72, 0x6f, 0x6d, 0x22, 0x3a,
  0x22, 0x70, 0x6c, 0x61, 0x79, 0x69, 0x6e, 0x67, 0x22, 0x2c, 0x22, 0x74, 0x6f, 0x22, 0x3a, 0x22,
  0x70, 0x6c, 0x61, 0x79, 0x69, 0x6e, 0x67, 0x22, 0x7d, 0x2c, 0x7b, 0x22, 0x6f, 0x6e, 0x22, 0x3a,
  0x22, 0x73, 0x68, 0x69, 0x66, 0x74, 0x5f, 0x72, 0x69, 0x67, 0x68, 0x74, 0x22, 0x2c, 0x22, 0x66,
  0x72, 0x6f, 0x6d, 0x22, 0x3a, 0x22, 0x70, 0x6c, 0x61, 0x79, 0x69, 0x6e, 0x67, 0x22, 0x2c, 0x22,
  0x74, 0x6f, 0x22, 0x3a, 0x22, 0x70, 0x6c, 0x61, 0x79, 0x69, 0x6e, 0x67, 0x22, 0x7d, 0x2c, 0x7b,
  0x22, 0x6f, 0x6e, 0x22, 0x3a, 0x22, 0x73, 0x74, 0x61, 0x72, 0x74, 0x22, 0x2c, 0x22, 0x66, 0x72,
  0x6f, 0x6d, 0x22, 0x3a, 0x22, 0x72, 0x65, 0x61, 0x64, 0x79, 0x22, 0x2c, 0x22, 0x74, 0x6f, 0x22,
  0x3a, 0x22, 0x70, 0x6c, 0x61, 0x79, 0x69, 0x6e, 0x67, 0x22, 0x7d, 0x2c, 0x7b, 0x22, 0x6f, 0x6e,
  0x22, 0x3a, 0x22, 0x73, 0x74, 0x61, 0x72, 0x74, 0x22, 0x2c, 0x22, 0x66, 0x72, 0x6f, 0x6d, 0x22,
  0x3a, 0x22, 0x72, 0x65, 0x73, 0x75, 0x6c, 0x74, 0x22, 0x2c, 0x22, 0x74, 0x6f, 0x22, 0x3a, 0x22,
  0x70, 0x6c, 0x61, 0x79, 0x69, 0x6e, 0x67, 0x22, 0x7d, 0x5d, 0x2c, 0x22, 0x74, 0x69, 0x63, 0x6b,
  0x22, 0x3a, 0x5b, 0x5d, 0x2c, 0x22, 0x64, 0x61, 0x73, 0x68, 0x62, 0x6f, 0x61, 0x72, 0x64, 0x22,
  0x3a, 0x7b, 0x22, 0x74, 0x69, 0x74, 0x6c, 0x65, 0x22, 0x3a, 0x22, 0xe5, 0x8f, 0x8c, 0xe9, 0x94,
  0xae, 0xe6, 0x8e, 0xa5, 0xe7, 0x90, 0x83, 0x22, 0x2c, 0x22, 0x65, 0x79, 0x65, 0x62, 0x72, 0x6f,
  0x77, 0x22, 0x3a, 0x7b, 0x22, 0x73, 0x77, 0x69, 0x74, 0x63, 0x68, 0x5f, 0x73, 0x74, 0x61, 0x74,
  0x65, 0x22, 0x3a, 0x7b, 0x22, 0x72, 0x65, 0x61, 0x64, 0x79, 0x22, 0x3a, 0x22, 0xe7, 0xbb, 0x8f,
  0xe5, 0x85, 0xb8, 0xe7, 0x94, 0xb5, 0xe5, 0xad, 0x90, 0xe4, 0xb9, 0x92, 0xe4, 0xb9, 0x93, 0x22,
  0x2c, 0x22, 0x70, 0x6c, 0x61, 0x79, 0x69, 0x6e, 0x67, 0x22, 0x3a, 0x22, 0xe7, 0xbb, 0x8f, 0xe5,
  0x85, 0xb8, 0xe7, 0x94, 0xb5, 0xe5, 0xad, 0x90, 0xe4, 0xb9, 0x92, 0xe4, 0xb9, 0x93, 0x22, 0x2c,
  0x22, 0x72, 0x65, 0x73, 0x75, 0x6c, 0x74, 0x22, 0x3a, 0x22, 0xe6, 0x9c, 0xac, 0xe5, 0xb1, 0x80,
  0xe7, 0xbb, 0x93, 0xe6, 0x9d, 0x9f, 0x22, 0x7d, 0x7d, 0x2c, 0x22, 0x68, 0x65, 0x61, 0x64, 0x6c,
  0x69, 0x6e, 0x65, 0x22, 0x3a, 0x7b, 0x22, 0x73, 0x77, 0x69, 0x74, 0x63, 0x68, 0x5f, 0x73, 0x74,
  0x61, 0x74, 0x65, 0x22, 0x3a, 0x7b, 0x22, 0x72, 0x65, 0x61, 0x64, 0x79, 0x22, 0x3a, 0x22, 0xe6,
  0x8c, 0x89, 0x20, 0x53, 0x57, 0x31, 0x20, 0xe5, 0xbc, 0x80, 0xe5, 0xa7, 0x8b, 0x22, 0x2c, 0x22,
  0x70, 0x6c, 0x61, 0x79, 0x69, 0x6e, 0x67, 0x22, 0x3a, 0x22, 0xe5, 0xae, 0x88, 0xe4, 0xbd, 0x8f,
  0xe5, 0xba, 0x95, 0xe7, 0xba, 0xbf, 0x22, 0x2c, 0x22, 0x72, 0x65, 0x73, 0x75, 0x6c, 0x74, 0x22,
  0x3a, 0x22, 0xe6, 0xbc, 0x8f, 0xe7, 0x90, 0x83, 0xe4, 0xba, 0x86, 0x22, 0x7d, 0x7d, 0x2c, 0x22,
  0x6d, 0x65, 0x74, 0x72, 0x69, 0x63, 0x4c, 0x61, 0x62, 0x65, 0x6c, 0x22, 0x3a, 0x22, 0xe8, 0xbf,
  0x9e, 0xe7, 0xbb, 0xad, 0xe6, 0x8e, 0xa5, 0xe7, 0x90, 0x83, 0x22, 0x2c, 0x22, 0x6d, 0x65, 0x74,
  0x72, 0x69, 0x63, 0x56, 0x61, 0x6c, 0x75, 0x65, 0x22, 0x3a, 0x7b, 0x22, 0x76, 0x61, 0x72, 0x22,
  0x3a, 0x22, 0x73, 0x63, 0x6f, 0x72, 0x65, 0x22, 0x7d, 0x2c, 0x22, 0x6d, 0x65, 0x74, 0x72, 0x69,
  0x63, 0x55, 0x6e, 0x69, 0x74, 0x22, 0x3a, 0x22, 0xe6, 0xac, 0xa1, 0x22, 0x2c, 0x22, 0x66, 0x6f,
  0x6f, 0x74, 0x65, 0x72, 0x22, 0x3a, 0x7b, 0x22, 0x73, 0x77, 0x69, 0x74, 0x63, 0x68, 0x5f, 0x73,
  0x74, 0x61, 0x74, 0x65, 0x22, 0x3a, 0x7b, 0x22, 0x72, 0x65, 0x61, 0x64, 0x79, 0x22, 0x3a, 0x22,
  0x53, 0x57, 0x31, 0xe5, 0xbc, 0x80, 0xe5, 0xa7, 0x8b, 0x20, 0xc2, 0xb7, 0x20, 0xe6, 0x91, 0x87,
  0xe6, 0x9d, 0x86, 0xe5, 0xb7, 0xa6, 0xe5, 0x8f, 0xb3, 0xe7, 0xa7, 0xbb, 0xe5, 0x8a, 0xa8, 0x20,
  0xc2, 0xb7, 0x20, 0xe5, 0x85, 0xa8, 0xe5, 0xb1, 0x80, 0xe9, 0x94, 0xae, 0xe9, 0x80, 0x80, 0xe5,
  0x87, 0xba, 0x22, 0x2c, 0x22, 0x70, 0x6c, 0x61, 0x79, 0x69, 0x6e, 0x67, 0x22, 0x3a, 0x22, 0xe6,
  0x91, 0x87, 0xe6, 0x9d, 0x86, 0xe5, 0xb7, 0xa6, 0xe5, 0x8f, 0xb3, 0xe7, 0xa7, 0xbb, 0xe5, 0x8a,
  0xa8, 0x20, 0xc2, 0xb7, 0x20, 0xe5, 0x85, 0xa8, 0xe5, 0xb1, 0x80, 0xe9, 0x94, 0xae, 0xe9, 0x80,
  0x80, 0xe5, 0x87, 0xba, 0x22, 0x2c, 0x22, 0x72, 0x65, 0x73, 0x75, 0x6c, 0x74, 0x22, 0x3a, 0x22,
  0x53, 0x57, 0x31, 0xe9, 0x87, 0x8d, 0xe5, 0xbc, 0x80, 0x20, 0xc2, 0xb7, 0x20, 0xe5, 0x85, 0xa8,
  0xe5, 0xb1, 0x80, 0xe9, 0x94, 0xae, 0xe9, 0x80, 0x80, 0xe5, 0x87, 0xba, 0x22, 0x7d, 0x7d, 0x2c,
  0x22, 0x76, 0x69, 0x73, 0x75, 0x61, 0x6c, 0x53, 0x74, 0x79, 0x6c, 0x65, 0x22, 0x3a, 0x22, 0x70,
  0x69, 0x78, 0x65, 0x6c, 0x22, 0x2c, 0x22, 0x76, 0x69, 0x73, 0x75, 0x61, 0x6c, 0x50, 0x61, 0x6c,
  0x65, 0x74, 0x74, 0x65, 0x22, 0x3a, 0x22, 0x6d, 0x6f, 0x6e, 0x6f, 0x22, 0x2c, 0x22, 0x76, 0x69,
  0x73, 0x75, 0x61, 0x6c, 0x4c, 0x61, 0x79, 0x6f, 0x75, 0x74, 0x22, 0x3a, 0x22, 0x73, 0x63, 0x6f,
  0x72, 0x65, 0x62, 0x6f, 0x61, 0x72, 0x64, 0x22, 0x2c, 0x22, 0x76, 0x69, 0x73, 0x75, 0x61, 0x6c,
  0x53, 0x70, 0x72, 0x69, 0x74, 0x65, 0x22, 0x3a, 0x22, 0x74, 0x72, 0x6f, 0x70, 0x68, 0x79, 0x22,
  0x7d, 0x2c, 0x22, 0x73, 0x63, 0x65, 0x6e, 0x65, 0x22, 0x3a, 0x7b, 0x22, 0x74, 0x69, 0x63, 0x6b,
  0x5f, 0x6d, 0x73, 0x22, 0x3a, 0x31, 0x37, 0x30, 0x2c, 0x22, 0x61, 0x63, 0x74, 0x69, 0x76, 0x65,
  0x5f, 0x73, 0x74, 0x61, 0x74, 0x65, 0x22, 0x3a, 0x22, 0x70, 0x6c, 0x61, 0x79, 0x69, 0x6e, 0x67,
  0x22, 0x2c, 0x22, 0x72, 0x65, 0x73, 0x75, 0x6c, 0x74, 0x5f, 0x73, 0x74, 0x61, 0x74, 0x65, 0x22,
  0x3a, 0x22, 0x72, 0x65, 0x73, 0x75, 0x6c, 0x74, 0x22, 0x2c, 0x22, 0x73, 0x63, 0x6f, 0x72, 0x65,
  0x5f, 0x76, 0x61, 0x72, 0x22, 0x3a, 0x22, 0x73, 0x63, 0x6f, 0x72, 0x65, 0x22, 0x2c, 0x22, 0x67,
  0x72, 0x69, 0x64, 0x22, 0x3a, 0x7b, 0x22, 0x77, 0x69, 0x64, 0x74, 0x68, 0x22, 0x3a, 0x31, 0x36,
  0x2c, 0x22, 0x68, 0x65, 0x69, 0x67, 0x68, 0x74, 0x22, 0x3a, 0x31, 0x36, 0x7d, 0x2c, 0x22, 0x65,
  0x6e, 0x74, 0x69, 0x74, 0x69, 0x65, 0x73, 0x22, 0x3a, 0x5b, 0x7b, 0x22, 0x69, 0x64, 0x22, 0x3a,
  0x22, 0x62, 0x61, 0x74, 0x22, 0x2c, 0x22, 0x78, 0x22, 0x3a, 0x36, 0x2c, 0x22, 0x79, 0x22, 0x3a,
  0x31, 0x33, 0x2c, 0x22, 0x77, 0x69, 0x64, 0x74, 0x68, 0x22, 0x3a, 0x34, 0x2c, 0x22, 0x68, 0x65,
  0x69, 0x67, 0x68, 0x74, 0x22, 0x3a, 0x31, 0x2c, 0x22, 0x73, 0x68, 0x61, 0x70, 0x65, 0x22, 0x3a,
  0x22, 0x70, 0x61, 0x64, 0x64, 0x6c, 0x65, 0x22, 0x2c, 0x22, 0x74, 0x6f, 0x6e, 0x65, 0x22, 0x3a,
  0x32, 0x2c, 0x22, 0x62, 0x6f, 0x75, 0x6e, 0x64, 0x73, 0x22, 0x3a, 0x22, 0x63, 0x6c, 0x61, 0x6d,
  0x70, 0x22, 0x2c, 0x22, 0x63, 0x6f, 0x6c, 0x6c, 0x69, 0x64, 0x61, 0x62, 0x6c, 0x65, 0x22, 0x3a,
  0x74, 0x72, 0x75, 0x65, 0x7d, 0x2c, 0x7b, 0x22, 0x69, 0x64, 0x22, 0x3a, 0x22, 0x6f, 0x72, 0x62,
  0x22, 0x2c, 0x22, 0x78, 0x22, 0x3a, 0x34, 0x2c, 0x22, 0x79, 0x22, 0x3a, 0x33, 0x2c, 0x22, 0x77,
  0x69, 0x64, 0x74, 0x68, 0x22, 0x3a, 0x32, 0x2c, 0x22, 0x68, 0x65, 0x69, 0x67, 0x68, 0x74, 0x22,
  0x3a, 0x32, 0x2c, 0x22, 0x73, 0x68, 0x61, 0x70, 0x65, 0x22, 0x3a, 0x22, 0x62, 0x61, 0x6c, 0x6c,
  0x22, 0x2c, 0x22, 0x74, 0x6f, 0x6e, 0x65, 0x22, 0x3a, 0x34, 0x2c, 0x22, 0x76, 0x78, 0x22, 0x3a,
  0x31, 0x2c, 0x22, 0x76, 0x79, 0x22, 0x3a, 0x31, 0x2c, 0x22, 0x62, 0x6f, 0x75, 0x6e, 0x64, 0x73,
  0x22, 0x3a, 0x22, 0x63, 0x6c, 0x61, 0x6d, 0x70, 0x22, 0x2c, 0x22, 0x63, 0x6f, 0x6c, 0x6c, 0x69,
  0x64, 0x61, 0x62, 0x6c, 0x65, 0x22, 0x3a, 0x74, 0x72, 0x75, 0x65, 0x7d, 0x5d, 0x2c, 0x22, 0x72,
  0x75, 0x6c, 0x65, 0x73, 0x22, 0x3a, 0x5b, 0x7b, 0x22, 0x6f, 0x6e, 0x22, 0x3a, 0x22, 0x73, 0x74,
  0x61, 0x72, 0x74, 0x22, 0x2c, 0x22, 0x64, 0x6f, 0x22, 0x3a, 0x5b, 0x7b, 0x22, 0x6f, 0x70, 0x22,
  0x3a, 0x22, 0x72, 0x65, 0x73, 0x74, 0x61, 0x72, 0x74, 0x22, 0x7d, 0x5d, 0x7d, 0x2c, 0x7b, 0x22,
  0x6f, 0x6e, 0x22, 0x3a, 0x22, 0x73, 0x68, 0x69, 0x66, 0x74, 0x5f, 0x6c, 0x65, 0x66, 0x74, 0x22,
  0x2c, 0x22, 0x64, 0x6f, 0x22, 0x3a, 0x5b, 0x7b, 0x22, 0x6f, 0x70, 0x22, 0x3a, 0x22, 0x6d, 0x6f,
  0x76, 0x65, 0x22, 0x2c, 0x22, 0x65, 0x6e, 0x74, 0x69, 0x74, 0x79, 0x22, 0x3a, 0x22, 0x62, 0x61,
  0x74, 0x22, 0x2c, 0x22, 0x64, 0x78, 0x22, 0x3a, 0x2d, 0x32, 0x2c, 0x22, 0x64, 0x79, 0x22, 0x3a,
  0x30, 0x7d, 0x5d, 0x7d, 0x2c, 0x7b, 0x22, 0x6f, 0x6e, 0x22, 0x3a, 0x22, 0x73, 0x68, 0x69, 0x66,
  0x74, 0x5f, 0x72, 0x69, 0x67, 0x68, 0x74, 0x22, 0x2c, 0x22, 0x64, 0x6f, 0x22, 0x3a, 0x5b, 0x7b,
  0x22, 0x6f, 0x70, 0x22, 0x3a, 0x22, 0x6d, 0x6f, 0x76, 0x65, 0x22, 0x2c, 0x22, 0x65, 0x6e, 0x74,
  0x69, 0x74, 0x79, 0x22, 0x3a, 0x22, 0x62, 0x61, 0x74, 0x22, 0x2c, 0x22, 0x64, 0x78, 0x22, 0x3a,
  0x32, 0x2c, 0x22, 0x64, 0x79, 0x22, 0x3a, 0x30, 0x7d, 0x5d, 0x7d, 0x2c, 0x7b, 0x22, 0x6f, 0x6e,
  0x22, 0x3a, 0x22, 0x65, 0x64, 0x67, 0x65, 0x22, 0x2c, 0x22, 0x65, 0x6e, 0x74, 0x69, 0x74, 0x79,
  0x22, 0x3a, 0x22, 0x6f, 0x72, 0x62, 0x22, 0x2c, 0x22, 0x65, 0x64, 0x67, 0x65, 0x22, 0x3a, 0x22,
  0x6c, 0x65, 0x66, 0x74, 0x22, 0x2c, 0x22, 0x64, 0x6f, 0x22, 0x3a, 0x5b, 0x7b, 0x22, 0x6f, 0x70,
  0x22, 0x3a, 0x22, 0x62, 0x6f, 0x75, 0x6e, 0x63, 0x65, 0x22, 0x2c, 0x22, 0x65, 0x6e, 0x74, 0x69,
  0x74, 0x79, 0x22, 0x3a, 0x22, 0x6f, 0x72, 0x62, 0x22, 0x2c, 0x22, 0x61, 0x78, 0x69, 0x73, 0x22,
  0x3a, 0x22, 0x78, 0x22, 0x7d, 0x5d, 0x7d, 0x2c, 0x7b, 0x22, 0x6f, 0x6e, 0x22, 0x3a, 0x22, 0x65,
  0x64, 0x67, 0x65, 0x22, 0x2c, 0x22, 0x65, 0x6e, 0x74, 0x69, 0x74, 0x79, 0x22, 0x3a, 0x22, 0x6f,
  0x72, 0x62, 0x22, 0x2c, 0x22, 0x65, 0x64, 0x67, 0x65, 0x22, 0x3a, 0x22, 0x72, 0x69, 0x67, 0x68,
  0x74, 0x22, 0x2c, 0x22, 0x64, 0x6f, 0x22, 0x3a, 0x5b, 0x7b, 0x22, 0x6f, 0x70, 0x22, 0x3a, 0x22,
  0x62, 0x6f, 0x75, 0x6e, 0x63, 0x65, 0x22, 0x2c, 0x22, 0x65, 0x6e, 0x74, 0x69, 0x74, 0x79, 0x22,
  0x3a, 0x22, 0x6f, 0x72, 0x62, 0x22, 0x2c, 0x22, 0x61, 0x78, 0x69, 0x73, 0x22, 0x3a, 0x22, 0x78,
  0x22, 0x7d, 0x5d, 0x7d, 0x2c, 0x7b, 0x22, 0x6f, 0x6e, 0x22, 0x3a, 0x22, 0x65, 0x64, 0x67, 0x65,
  0x22, 0x2c, 0x22, 0x65, 0x6e, 0x74, 0x69, 0x74, 0x79, 0x22, 0x3a, 0x22, 0x6f, 0x72, 0x62, 0x22,
  0x2c, 0x22, 0x65, 0x64, 0x67, 0x65, 0x22, 0x3a, 0x22, 0x74, 0x6f, 0x70, 0x22, 0x2c, 0x22, 0x64,
  0x6f, 0x22, 0x3a, 0x5b, 0x7b, 0x22, 0x6f, 0x70, 0x22, 0x3a, 0x22, 0x62, 0x6f, 0x75, 0x6e, 0x63,
  0x65, 0x22, 0x2c, 0x22, 0x65, 0x6e, 0x74, 0x69, 0x74, 0x79, 0x22, 0x3a, 0x22, 0x6f, 0x72, 0x62,
  0x22, 0x2c, 0x22, 0x61, 0x78, 0x69, 0x73, 0x22, 0x3a, 0x22, 0x79, 0x22, 0x7d, 0x5d, 0x7d, 0x2c,
  0x7b, 0x22, 0x6f, 0x6e, 0x22, 0x3a, 0x22, 0x63, 0x6f, 0x6c, 0x6c, 0x69, 0x73, 0x69, 0x6f, 0x6e,
  0x22, 0x2c, 0x22, 0x65, 0x6e, 0x74, 0x69, 0x74, 0x79, 0x22, 0x3a, 0x22, 0x6f, 0x72, 0x62, 0x22,
  0x2c, 0x22, 0x77, 0x69, 0x74, 0x68, 0x22, 0x3a, 0x22, 0x62, 0x61, 0x74, 0x22, 0x2c, 0x22, 0x64,
  0x6f, 0x22, 0x3a, 0x5b, 0x7b, 0x22, 0x6f, 0x70, 0x22, 0x3a, 0x22, 0x62, 0x6f, 0x75, 0x6e, 0x63,
  0x65, 0x22, 0x2c, 0x22, 0x65, 0x6e, 0x74, 0x69, 0x74, 0x79, 0x22, 0x3a, 0x22, 0x6f, 0x72, 0x62,
  0x22, 0x2c, 0x22, 0x61, 0x78, 0x69, 0x73, 0x22, 0x3a, 0x22, 0x79, 0x22, 0x7d, 0x2c, 0x7b, 0x22,
  0x6f, 0x70, 0x22, 0x3a, 0x22, 0x73, 0x63, 0x6f, 0x72, 0x65, 0x22, 0x2c, 0x22, 0x61, 0x64, 0x64,
  0x22, 0x3a, 0x31, 0x7d, 0x5d, 0x7d, 0x2c, 0x7b, 0x22, 0x6f, 0x6e, 0x22, 0x3a, 0x22, 0x65, 0x64,
  0x67, 0x65, 0x22, 0x2c, 0x22, 0x65, 0x6e, 0x74, 0x69, 0x74, 0x79, 0x22, 0x3a, 0x22, 0x6f, 0x72,
  0x62, 0x22, 0x2c, 0x22, 0x65, 0x64, 0x67, 0x65, 0x22, 0x3a, 0x22, 0x62, 0x6f, 0x74, 0x74, 0x6f,
  0x6d, 0x22, 0x2c, 0x22, 0x64, 0x6f, 0x22, 0x3a, 0x5b, 0x7b, 0x22, 0x6f, 0x70, 0x22, 0x3a, 0x22,
  0x73, 0x74, 0x6f, 0x70, 0x22, 0x7d, 0x5d, 0x7d, 0x5d, 0x7d, 0x7d, 0x2c, 0x22, 0x62, 0x75, 0x74,
  0x74, 0x6f, 0x6e, 0x73, 0x22, 0x3a, 0x5b, 0x7b, 0x22, 0x61, 0x63, 0x74, 0x69, 0x6f, 0x6e, 0x22,
  0x3a, 0x22, 0x73, 0x74, 0x61, 0x72, 0x74, 0x22, 0x2c, 0x22, 0x63, 0x6f, 0x6e, 0x74, 0x72, 0x6f,
  0x6c, 0x22, 0x3a, 0x22, 0x53, 0x57, 0x31, 0x22, 0x2c, 0x22, 0x65, 0x76, 0x65, 0x6e, 0x74, 0x22,
  0x3a, 0x22, 0x62, 0x75, 0x74, 0x74, 0x6f, 0x6e, 0x2e, 0x73, 0x77, 0x31, 0x2e, 0x73, 0x68, 0x6f,
  0x72, 0x74, 0x5f, 0x70, 0x72, 0x65, 0x73, 0x73, 0x22, 0x2c, 0x22, 0x6c, 0x61, 0x62, 0x65, 0x6c,
  0x22, 0x3a, 0x22, 0xe5, 0xbc, 0x80, 0xe5, 0xa7, 0x8b, 0xe6, 0x88, 0x96, 0xe9, 0x87, 0x8d, 0xe5,
  0xbc, 0x80, 0x22, 0x7d, 0x2c, 0x7b, 0x22, 0x61, 0x63, 0x74, 0x69, 0x6f, 0x6e, 0x22, 0x3a, 0x22,
  0x73, 0x68, 0x69, 0x66, 0x74, 0x5f, 0x6c, 0x65, 0x66, 0x74, 0x22, 0x2c, 0x22, 0x63, 0x6f, 0x6e,
  0x74, 0x72, 0x6f, 0x6c, 0x22, 0x3a, 0x22, 0xe5, 0x89, 0x8d, 0xe6, 0x96, 0xb9, 0xe6, 0x91, 0x87,
  0xe6, 0x9d, 0x86, 0x22, 0x2c, 0x22, 0x65, 0x76, 0x65, 0x6e, 0x74, 0x22, 0x3a, 0x22, 0x6b, 0x6e,
  0x6f, 0x62, 0x2e, 0x72, 0x6f, 0x74, 0x61, 0x74, 0x65, 0x5f, 0x63, 0x63, 0x77, 0x22, 0x2c, 0x22,
  0x6c, 0x61, 0x62, 0x65, 0x6c, 0x22, 0x3a, 0x22, 0xe6, 0x8c, 0xa1, 0xe6, 0x9d, 0xbf, 0xe5, 0xb7,
  0xa6, 0xe7, 0xa7, 0xbb, 0x22, 0x7d, 0x2c, 0x7b, 0x22, 0x61, 0x63, 0x74, 0x69, 0x6f, 0x6e, 0x22,
  0x3a, 0x22, 0x73, 0x68, 0x69, 0x66, 0x74, 0x5f, 0x72, 0x69, 0x67, 0x68, 0x74, 0x22, 0x2c, 0x22,
  0x63, 0x6f, 0x6e, 0x74, 0x72, 0x6f, 0x6c, 0x22, 0x3a, 0x22, 0xe5, 0x89, 0x8d, 0xe6, 0x96, 0xb9,
  0xe6, 0x91, 0x87, 0xe6, 0x9d, 0x86, 0x22, 0x2c, 0x22, 0x65, 0x76, 0x65, 0x6e, 0x74, 0x22, 0x3a,
  0x22, 0x6b, 0x6e, 0x6f, 0x62, 0x2e, 0x72, 0x6f, 0x74, 0x61, 0x74, 0x65, 0x5f, 0x63, 0x77, 0x22,
  0x2c, 0x22, 0x6c, 0x61, 0x62, 0x65, 0x6c, 0x22, 0x3a, 0x22, 0xe6, 0x8c, 0xa1, 0xe6, 0x9d, 0xbf,
  0xe5, 0x8f, 0xb3, 0xe7, 0xa7, 0xbb, 0x22, 0x7d, 0x5d, 0x2c, 0x22, 0x73, 0x70, 0x72, 0x69, 0x74,
  0x65, 0x73, 0x43, 0x68, 0x65, 0x63, 0x6b, 0x73, 0x75, 0x6d, 0x22, 0x3a, 0x22, 0x30, 0x30, 0x30,
  0x30, 0x30, 0x30, 0x30, 0x30, 0x22, 0x2c, 0x22, 0x73, 0x70, 0x72, 0x69, 0x74, 0x65, 0x46, 0x69,
  0x6c, 0x65, 0x73, 0x22, 0x3a, 0x5b, 0x5d, 0x7d, 0x2c, 0x7b, 0x22, 0x69, 0x64, 0x22, 0x3a, 0x22,
  0x62, 0x6c, 0x6f, 0x6f, 0x6d, 0x66, 0x72, 0x6f, 0x67, 0x5f, 0x63, 0x6f, 0x6d, 0x70, 0x61, 0x6e,
  0x69, 0x6f, 0x6e, 0x22, 0x2c, 0x22, 0x76, 0x65, 0x72, 0x73, 0x69, 0x6f, 0x6e, 0x22, 0x3a, 0x22,
  0x31, 0x2e, 0x33, 0x2e, 0x31, 0x22, 0x2c, 0x22, 0x77, 0x69, 0x64, 0x67, 0x65, 0x74, 0x22, 0x3a,
  0x7b, 0x22, 0x73, 0x63, 0x68, 0x65, 0x6d, 0x61, 0x5f, 0x76, 0x65, 0x72, 0x73, 0x69, 0x6f, 0x6e,
  0x22, 0x3a, 0x31, 0x2c, 0x22, 0x65, 0x6e, 0x67, 0x69, 0x6e, 0x65, 0x22, 0x3a, 0x22, 0x70, 0x34,
  0x2d, 0x62, 0x6f, 0x75, 0x6e, 0x64, 0x65, 0x64, 0x2d, 0x72, 0x75, 0x6e, 0x74, 0x69, 0x6d, 0x65,
  0x2d, 0x76, 0x34, 0x22, 0x2c, 0x22, 0x76, 0x61, 0x72, 0x73, 0x22, 0x3a, 0x7b, 0x22, 0x62, 0x6f,
  0x6e, 0x64, 0x22, 0x3a, 0x7b, 0x22, 0x74, 0x79, 0x70, 0x65, 0x22, 0x3a, 0x22, 0x69, 0x6e, 0x74,
  0x22, 0x2c, 0x22, 0x69, 0x6e, 0x69, 0x74, 0x22, 0x3a, 0x33, 0x30, 0x7d, 0x2c, 0x22, 0x62, 0x6f,
  0x6e, 0x64, 0x5f, 0x6d, 0x61, 0x78, 0x22, 0x3a, 0x7b, 0x22, 0x74, 0x79, 0x70, 0x65, 0x22, 0x3a,
  0x22, 0x69, 0x6e, 0x74, 0x22, 0x2c, 0x22, 0x69, 0x6e, 0x69, 0x74, 0x22, 0x3a, 0x31, 0x30, 0x30,
  0x7d, 0x2c, 0x22, 0x6d, 0x65, 0x61, 0x6c, 0x73, 0x22, 0x3a, 0x7b, 0x22, 0x74, 0x79, 0x70, 0x65,
  0x22, 0x3a, 0x22, 0x69, 0x6e, 0x74, 0x22, 0x2c, 0x22, 0x69, 0x6e, 0x69, 0x74, 0x22, 0x3a, 0x30,
  0x7d, 0x2c, 0x22, 0x70, 0x65, 0x74, 0x73, 0x22, 0x3a, 0x7b, 0x22, 0x74, 0x79, 0x70, 0x65, 0x22,
  0x3a, 0x22, 0x69, 0x6e, 0x74, 0x22, 0x2c, 0x22, 0x69, 0x6e, 0x69, 0x74, 0x22, 0x3a, 0x30, 0x7d,
  0x2c, 0x22, 0x72, 0x65, 0x70, 0x6c, 0x79, 0x22, 0x3a, 0x7b, 0x22, 0x74, 0x79, 0x70, 0x65, 0x22,
  0x3a, 0x22, 0x73, 0x74, 0x72, 0x69, 0x6e, 0x67, 0x22, 0x2c, 0x22, 0x69, 0x6e, 0x69, 0x74, 0x22,
  0x3a, 0x22, 0xe6, 0x9d, 0xa5, 0xe9, 0x99, 0xaa, 0xe6, 0x88, 0x91, 0xe7, 0x8e, 0xa9, 0xe5, 0x90,
  0xa7, 0xef, 0xbc, 0x81, 0x22, 0x7d, 0x7d, 0x2c, 0x22, 0x73, 0x74, 0x61, 0x74, 0x65, 0x73, 0x22,
  0x3a, 0x5b, 0x22, 0x74, 0x6f, 0x67, 0x65, 0x74, 0x68, 0x65, 0x72, 0x22, 0x5d, 0x2c, 0x22, 0x69,
  0x6e, 0x69, 0x74, 0x69, 0x61, 0x6c, 0x5f, 0x73, 0x74, 0x61, 0x74, 0x65, 0x22, 0x3a, 0x22, 0x74,
  0x6f, 0x67, 0x65, 0x74, 0x68, 0x65, 0x72, 0x22, 0x2c, 0x22, 0x74, 0x72, 0x61, 0x6e, 0x73, 0x69,
  0x74, 0x69, 0x6f, 0x6e, 0x73, 0x22, 0x3a, 0x5b, 0x7b, 0x22, 0x6f, 0x6e, 0x22, 0x3a, 0x22, 0x6d,
  0x6f, 0x76, 0x65, 0x5f, 0x75, 0x70, 0x22, 0x2c, 0x22, 0x66, 0x72, 0x6f, 0x6d, 0x22, 0x3a, 0x22,
  0x2a, 0x22, 0x7d, 0x2c, 0x7b, 0x22, 0x6f, 0x6e, 0x22, 0x3a, 0x22, 0x6d, 0x6f, 0x76, 0x65, 0x5f,
  0x64, 0x6f, 0x77, 0x6e, 0x22, 0x2c, 0x22, 0x66, 0x72, 0x6f, 0x6d, 0x22, 0x3a, 0x22, 0x2a, 0x22,
  0x7d, 0x2c, 0x7b, 0x22, 0x6f, 0x6e, 0x22, 0x3a, 0x22, 0x6d, 0x6f, 0x76, 0x65, 0x5f, 0x6c, 0x65,
  0x66, 0x74, 0x22, 0x2c, 0x22, 0x66, 0x72, 0x6f, 0x6d, 0x22, 0x3a, 0x22, 0x2a, 0x22, 0x7d, 0x2c,
  0x7b, 0x22, 0x6f, 0x6e, 0x22, 0x3a, 0x22, 0x6d, 0x6f, 0x76, 0x65, 0x5f, 0x72, 0x69, 0x67, 0x68,
  0x74, 0x22, 0x2c, 0x22, 0x66, 0x72, 0x6f, 0x6d, 0x22, 0x3a, 0x22, 0x2a, 0x22, 0x7d, 0x2c, 0x7b,
  0x22, 0x6f, 0x6e, 0x22, 0x3a, 0x22, 0x70, 0x65, 0x74, 0x5f, 0x70, 0x65, 0x74, 0x22, 0x2c, 0x22,
  0x66, 0x72, 0x6f, 0x6d, 0x22, 0x3a, 0x22, 0x2a, 0x22, 0x2c, 0x22, 0x69, 0x6e, 0x63, 0x22, 0x3a,
  0x7b, 0x22, 0x62, 0x6f, 0x6e, 0x64, 0x22, 0x3a, 0x31, 0x2c, 0x22, 0x70, 0x65, 0x74, 0x73, 0x22,
  0x3a, 0x31, 0x7d, 0x2c, 0x22, 0x73, 0x65, 0x74, 0x22, 0x3a, 0x7b, 0x22, 0x72, 0x65, 0x70, 0x6c,
  0x79, 0x22, 0x3a, 0x22, 0xe8, 0x88, 0x92, 0xe6, 0x9c, 0x8d, 0xef, 0xbd, 0x9e, 0xe5, 0x86, 0x8d,
  0xe6, 0x91, 0xb8, 0xe6, 0x91, 0xb8, 0xef, 0xbc, 0x81, 0x22, 0x7d, 0x7d, 0x2c, 0x7b, 0x22, 0x6f,
  0x6e, 0x22, 0x3a, 0x22, 0x66, 0x65, 0x65, 0x64, 0x5f, 0x70, 0x65, 0x74, 0x22, 0x2c, 0x22, 0x66,
  0x72, 0x6f, 0x6d, 0x22, 0x3a, 0x22, 0x2a, 0x22, 0x2c, 0x22, 0x69, 0x6e, 0x63, 0x22, 0x3a, 0x7b,
  0x22, 0x62, 0x6f, 0x6e, 0x64, 0x22, 0x3a, 0x31, 0x30, 0x2c, 0x22, 0x6d, 0x65, 0x61, 0x6c, 0x73,
  0x22, 0x3a, 0x31, 0x7d, 0x2c, 0x22, 0x73, 0x65, 0x74, 0x22, 0x3a, 0x7b, 0x22, 0x72, 0x65, 0x70,
  0x6c, 0x79, 0x22, 0x3a, 0x22, 0xe5, 0xa5, 0xbd, 0xe5, 0x90, 0x83, 0xe5, 0xa5, 0xbd, 0xe5, 0x90,
  0x83, 0xef, 0xbc, 0x8c, 0xe6, 0x88, 0x91, 0xe8, 0xbf, 0x98, 0xe8, 0xa6, 0x81, 0xef, 0xbc, 0x81,
  0x22, 0x7d, 0x7d, 0x5d, 0x2c, 0x22, 0x74, 0x69, 0x63, 0x6b, 0x22, 0x3a, 0x5b, 0x5d, 0x2c, 0x22,
  0x64, 0x61, 0x73, 0x68, 0x62, 0x6f, 0x61, 0x72, 0x64, 0x22, 0x3a, 0x7b, 0x22, 0x74, 0x69, 0x74,
  0x6c, 0x65, 0x22, 0x3a, 0x22, 0xe8, 0x9b, 0x99, 0xe8, 0x9b, 0x99, 0xe5, 0x85, 0xbb, 0xe6, 0x88,
  0x90, 0x22, 0x2c, 0x22, 0x65, 0x79, 0x65, 0x62, 0x72, 0x6f, 0x77, 0x22, 0x3a, 0x22, 0xe6, 0xa4,
  0x8d, 0xe7, 0x89, 0xa9, 0xe7, 0xb3, 0xbb, 0xe6, 0xa1, 0x8c, 0xe5, 0xae, 0xa0, 0x22, 0x2c, 0x22,
  0x68, 0x65, 0x61, 0x64, 0x6c, 0x69, 0x6e, 0x65, 0x22, 0x3a, 0x7b, 0x22, 0x76, 0x61, 0x72, 0x22,
  0x3a, 0x22, 0x72, 0x65, 0x70, 0x6c, 0x79, 0x22, 0x7d, 0x2c, 0x22, 0x6d, 0x65, 0x74, 0x72, 0x69,
  0x63, 0x4c, 0x61, 0x62, 0x65, 0x6c, 0x22, 0x3a, 0x22, 0xe4, 0xba, 0xb2, 0xe5, 0xaf, 0x86, 0xe5,
  0xba, 0xa6, 0x22, 0x2c, 0x22, 0x6d, 0x65, 0x74, 0x72, 0x69, 0x63, 0x56, 0x61, 0x6c, 0x75, 0x65,
  0x22, 0x3a, 0x7b, 0x22, 0x76, 0x61, 0x72, 0x22, 0x3a, 0x22, 0x62, 0x6f, 0x6e, 0x64, 0x22, 0x7d,
  0x2c, 0x22, 0x6d, 0x65, 0x74, 0x72, 0x69, 0x63, 0x55, 0x6e, 0x69, 0x74, 0x22, 0x3a, 0x22, 0xe8,
  0x8a, 0xbd, 0x22, 0x2c, 0x22, 0x6e, 0x6f, 0x74, 0x65, 0x22, 0x3a, 0x22, 0xe6, 0x8a, 0x9a, 0xe6,
  0x91, 0xb8, 0x20, 0x2b, 0x31, 0xef, 0xbc, 0x8c, 0xe5, 0x96, 0x82, 0xe9, 0xa3, 0x9f, 0x20, 0x2b,
  0x31, 0x30, 0x22, 0x2c, 0x22, 0x66, 0x6f, 0x6f, 0x74, 0x65, 0x72, 0x22, 0x3a, 0x22, 0xe6, 0x91,
  0x87, 0xe6, 0x9d, 0x86, 0xe7, 0xa7, 0xbb, 0xe5, 0x8a, 0xa8, 0x20, 0xc2, 0xb7, 0x20, 0xe4, 0xba,
  0x92, 0xe5, 0x8a, 0xa8, 0xe5, 0x85, 0xbb, 0xe6, 0x88, 0x90, 0x20, 0xc2, 0xb7, 0x20, 0xe5, 0x85,
  0xa8, 0xe5, 0xb1, 0x80, 0xe9, 0x94, 0xae, 0xe9, 0x80, 0x80, 0xe5, 0x87, 0xba, 0x22, 0x2c, 0x22,
  0x70, 0x72, 0x6f, 0x67, 0x72, 0x65, 0x73, 0x73, 0x22, 0x3a, 0x7b, 0x22, 0x70, 0x63, 0x74, 0x5f,
  0x6f, 0x66, 0x22, 0x3a, 0x22, 0x62, 0x6f, 0x6e, 0x64, 0x22, 0x2c, 0x22, 0x6f, 0x66, 0x5f, 0x6d,
  0x61, 0x78, 0x22, 0x3a, 0x22, 0x62, 0x6f, 0x6e, 0x64, 0x5f, 0x6d, 0x61, 0x78, 0x22, 0x2c, 0x22,
  0x6c, 0x61, 0x62, 0x65, 0x6c, 0x22, 0x3a, 0x22, 0xe7, 0x9b, 0xb8, 0xe4, 0xbc, 0xb4, 0xe6, 0x88,
  0x90, 0xe9, 0x95, 0xbf, 0x22, 0x7d, 0x2c, 0x22, 0x76, 0x69, 0x73, 0x75, 0x61, 0x6c, 0x53, 0x74,
  0x79, 0x6c, 0x65, 0x22, 0x3a, 0x22, 0x63, 0x6c, 0x65, 0x61, 0x6e, 0x22, 0x2c, 0x22, 0x76, 0x69,
  0x73, 0x75, 0x61, 0x6c, 0x50, 0x61, 0x6c, 0x65, 0x74, 0x74, 0x65, 0x22, 0x3a, 0x22, 0x66, 0x6f,
  0x72, 0x65, 0x73, 0x74, 0x22, 0x2c, 0x22, 0x76, 0x69, 0x73, 0x75, 0x61, 0x6c, 0x4c, 0x61, 0x79,
  0x6f, 0x75, 0x74, 0x22, 0x3a, 0x22, 0x74, 0x6f, 0x6f, 0x6c, 0x22, 0x2c, 0x22, 0x76, 0x69, 0x73,
  0x75, 0x61, 0x6c, 0x53, 0x70, 0x72, 0x69, 0x74, 0x65, 0x22, 0x3a, 0x22, 0x73, 0x74, 0x61, 0x72,
  0x22, 0x7d, 0x2c, 0x22, 0x73, 0x63, 0x65, 0x6e, 0x65, 0x22, 0x3a, 0x7b, 0x22, 0x74, 0x69, 0x63,
  0x6b, 0x5f, 0x6d, 0x73, 0x22, 0x3a, 0x39, 0x30, 0x30, 0x2c, 0x22, 0x61, 0x63, 0x74, 0x69, 0x76,
  0x65, 0x5f, 0x73, 0x74, 0x61, 0x74, 0x65, 0x22, 0x3a, 0x22, 0x74, 0x6f, 0x67, 0x65, 0x74, 0x68,
  0x65, 0x72, 0x22, 0x2c, 0x22, 0x61, 0x75, 0x74, 0x6f, 0x5f, 0x73, 0x74, 0x61, 0x72, 0x74, 0x22,
  0x3a, 0x74, 0x72, 0x75, 0x65, 0x2c, 0x22, 0x67, 0x72, 0x69, 0x64, 0x22, 0x3a, 0x7b, 0x22, 0x77,
  0x69, 0x64, 0x74, 0x68, 0x22, 0x3a, 0x31, 0x36, 0x2c, 0x22, 0x68, 0x65, 0x69, 0x67, 0x68, 0x74,
  0x22, 0x3a, 0x31, 0x32, 0x7d, 0x2c, 0x22, 0x73, 0x70, 0x72, 0x69, 0x74, 0x65, 0x73, 0x22, 0x3a,
  0x5b, 0x7b, 0x22, 0x69, 0x64, 0x22, 0x3a, 0x22, 0x62, 0x6c, 0x6f, 0x6f, 0x6d, 0x66, 0x72, 0x6f,
  0x67, 0x22, 0x2c, 0x22, 0x61, 0x73, 0x73, 0x65, 0x74, 0x22, 0x3a, 0x22, 0x61, 0x73, 0x73, 0x65,
  0x74, 0x73, 0x2f, 0x62, 0x6c, 0x6f, 0x6f, 0x6d, 0x66, 0x72, 0x6f, 0x67, 0x2e, 0x70, 0x6e, 0x67,
  0x22, 0x2c, 0x22, 0x66, 0x72, 0x61, 0x6d, 0x65, 0x5f, 0x77, 0x69, 0x64, 0x74, 0x68, 0x22, 0x3a,
  0x33, 0x32, 0x2c, 0x22, 0x66, 0x72, 0x61, 0x6d, 0x65, 0x5f, 0x68, 0x65, 0x69, 0x67, 0x68, 0x74,
  0x22, 0x3a, 0x33, 0x32, 0x2c, 0x22, 0x66, 0x72, 0x61, 0x6d, 0x65, 0x73, 0x22, 0x3a, 0x34, 0x2c,
  0x22, 0x66, 0x70, 0x73, 0x22, 0x3a, 0x32, 0x7d, 0x5d, 0x2c, 0x22, 0x65, 0x6e, 0x74, 0x69, 0x74,
  0x69, 0x65, 0x73, 0x22, 0x3a, 0x5b, 0x7b, 0x22, 0x69, 0x64, 0x22, 0x3a, 0x22, 0x70, 0x65, 0x74,
  0x22, 0x2c, 0x22, 0x78, 0x22, 0x3a, 0x35, 0x2c, 0x22, 0x79, 0x22, 0x3a, 0x33, 0x2c, 0x22, 0x77,
  0x69, 0x64, 0x74, 0x68, 0x22, 0x3a, 0x36, 0x2c, 0x22, 0x68, 0x65, 0x69, 0x67, 0x68, 0x74, 0x22,
  0x3a, 0x36, 0x2c, 0x22, 0x74, 0x6f, 0x6e, 0x65, 0x22, 0x3a, 0x32, 0x2c, 0x22, 0x73, 0x70, 0x72,
  0x69, 0x74, 0x65, 0x22, 0x3a, 0x22, 0x62, 0x6c, 0x6f, 0x6f, 0x6d, 0x66, 0x72, 0x6f, 0x67, 0x22,
  0x2c, 0x22, 0x62, 0x6f, 0x75, 0x6e, 0x64, 0x73, 0x22, 0x3a, 0x22, 0x63, 0x6c, 0x61, 0x6d, 0x70,
  0x22, 0x2c, 0x22, 0x63, 0x6f, 0x6c, 0x6c, 0x69, 0x64, 0x61, 0x62, 0x6c, 0x65, 0x22, 0x3a, 0x66,
  0x61, 0x6c, 0x73, 0x65, 0x7d, 0x2c, 0x7b, 0x22, 0x69, 0x64, 0x22, 0x3a, 0x22, 0x73, 0x6e, 0x61,
  0x63, 0x6b, 0x22, 0x2c, 0x22, 0x78, 0x22, 0x3a, 0x38, 0x2c, 0x22, 0x79, 0x22, 0x3a, 0x37, 0x2c,
  0x22, 0x73, 0x68, 0x61, 0x70, 0x65, 0x22, 0x3a, 0x22, 0x63, 0x6f, 0x69, 0x6e, 0x22, 0x2c, 0x22,
  0x74, 0x6f, 0x6e, 0x65, 0x22, 0x3a, 0x33, 0x2c, 0x22, 0x61, 0x63, 0x74, 0x69, 0x76, 0x65, 0x22,
  0x3a, 0x66, 0x61, 0x6c, 0x73, 0x65, 0x2c, 0x22, 0x63, 0x6f, 0x6c, 0x6c, 0x69, 0x64, 0x61, 0x62,
  0x6c, 0x65, 0x22, 0x3a, 0x66, 0x61, 0x6c, 0x73, 0x65, 0x7d, 0x2c, 0x7b, 0x22, 0x69, 0x64, 0x22,
  0x3a, 0x22, 0x6a, 0x6f, 0x79, 0x22, 0x2c, 0x22, 0x78, 0x22, 0x3a, 0x39, 0x2c, 0x22, 0x79, 0x22,
  0x3a, 0x33, 0x2c, 0x22, 0x73, 0x68, 0x61, 0x70, 0x65, 0x22, 0x3a, 0x22, 0x68, 0x65, 0x61, 0x72,
  0x74, 0x22, 0x2c, 0x22, 0x74, 0x6f, 0x6e, 0x65, 0x22, 0x3a, 0x34, 0x2c, 0x22, 0x61, 0x63, 0x74,
  0x69, 0x76, 0x65, 0x22, 0x3a, 0x66, 0x61, 0x6c, 0x73, 0x65, 0x2c, 0x22, 0x63, 0x6f, 0x6c, 0x6c,
  0x69, 0x64, 0x61, 0x62, 0x6c, 0x65, 0x22, 0x3a, 0x66, 0x61, 0x6c, 0x73, 0x65, 0x7d, 0x5d, 0x2c,
  0x22, 0x72, 0x75, 0x6c, 0x65, 0x73, 0x22, 0x3a, 0x5b, 0x7b, 0x22, 0x6f, 0x6e, 0x22, 0x3a, 0x22,
  0x6d, 0x6f, 0x76, 0x65, 0x5f, 0x75, 0x70, 0x22, 0x2c, 0x22, 0x64, 0x6f, 0x22, 0x3a, 0x5b, 0x7b,
  0x22, 0x6f, 0x70, 0x22, 0x3a, 0x22, 0x6d, 0x6f, 0x76, 0x65, 0x22, 0x2c, 0x22, 0x65, 0x6e, 0x74,
  0x69, 0x74, 0x79, 0x22, 0x3a, 0x22, 0x70, 0x65, 0x74, 0x22, 0x2c, 0x22, 0x64, 0x78, 0x22, 0x3a,
  0x30, 0x2c, 0x22, 0x64, 0x79, 0x22, 0x3a, 0x2d, 0x31, 0x7d, 0x5d, 0x7d, 0x2c, 0x7b, 0x22, 0x6f,
  0x6e, 0x22, 0x3a, 0x22, 0x6d, 0x6f, 0x76, 0x65, 0x5f, 0x64, 0x6f, 0x77, 0x6e, 0x22, 0x2c, 0x22,
  0x64, 0x6f, 0x22, 0x3a, 0x5b, 0x7b, 0x22, 0x6f, 0x70, 0x22, 0x3a, 0x22, 0x6d, 0x6f, 0x76, 0x65,
  0x22, 0x2c, 0x22, 0x65, 0x6e, 0x74, 0x69, 0x74, 0x79, 0x22, 0x3a, 0x22, 0x70, 0x65, 0x74, 0x22,
  0x2c, 0x22, 0x64, 0x78, 0x22, 0x3a, 0x30, 0x2c, 0x22, 0x64, 0x79, 0x22, 0x3a, 0x31, 0x7d, 0x5d,
  0x7d, 0x2c, 0x7b, 0x22, 0x6f, 0x6e, 0x22, 0x3a, 0x22, 0x6d, 0x6f, 0x76, 0x65, 0x5f, 0x6c, 0x65,
  0x66, 0x74, 0x22, 0x2c, 0x22, 0x64, 0x6f, 0x22, 0x3a, 0x5b, 0x7b, 0x22, 0x6f, 0x70, 0x22, 0x3a,
  0x22, 0x6d, 0x6f, 0x76, 0x65, 0x22, 0x2c, 0x22, 0x65, 0x6e, 0x74, 0x69, 0x74, 0x79, 0x22, 0x3a,
  0x22, 0x70, 0x65, 0x74, 0x22, 0x2c, 0x22, 0x64, 0x78, 0x22, 0x3a, 0x2d, 0x31, 0x2c, 0x22, 0x64,
  0x79, 0x22, 0x3a, 0x30, 0x7d, 0x5d, 0x7d, 0x2c, 0x7b, 0x22, 0x6f, 0x6e, 0x22, 0x3a, 0x22, 0x6d,
  0x6f, 0x76, 0x65, 0x5f, 0x72, 0x69, 0x67, 0x68, 0x74, 0x22, 0x2c, 0x22, 0x64, 0x6f, 0x22, 0x3a,
  0x5b, 0x7b, 0x22, 0x6f, 0x70, 0x22, 0x3a, 0x22, 0x6d, 0x6f, 0x76, 0x65, 0x22, 0x2c, 0x22, 0x65,
  0x6e, 0x74, 0x69, 0x74, 0x79, 0x22, 0x3a, 0x22, 0x70, 0x65, 0x74, 0x22, 0x2c, 0x22, 0x64, 0x78,
  0x22, 0x3a, 0x31, 0x2c, 0x22, 0x64, 0x79, 0x22, 0x3a, 0x30, 0x7d, 0x5d, 0x7d, 0x2c, 0x7b, 0x22,
  0x6f, 0x6e, 0x22, 0x3a, 0x22, 0x70, 0x65, 0x74, 0x5f, 0x70, 0x65, 0x74, 0x22, 0x2c, 0x22, 0x64,
  0x6f, 0x22, 0x3a, 0x5b, 0x7b, 0x22, 0x6f, 0x70, 0x22, 0x3a, 0x22, 0x70, 0x6c, 0x61, 0x63, 0x65,
  0x22, 0x2c, 0x22, 0x65, 0x6e, 0x74, 0x69, 0x74, 0x79, 0x22, 0x3a, 0x22, 0x6a, 0x6f, 0x79, 0x22,
  0x2c, 0x22, 0x73, 0x6f, 0x75, 0x72, 0x63, 0x65, 0x22, 0x3a, 0x22, 0x70, 0x65, 0x74, 0x22, 0x2c,
  0x22, 0x64, 0x78, 0x22, 0x3a, 0x34, 0x2c, 0x22, 0x64, 0x79, 0x22, 0x3a, 0x30, 0x7d, 0x2c, 0x7b,
  0x22, 0x6f, 0x70, 0x22, 0x3a, 0x22, 0x74, 0x6f, 0x6e, 0x65, 0x22, 0x2c, 0x22, 0x65, 0x6e, 0x74,
  0x69, 0x74, 0x79, 0x22, 0x3a, 0x22, 0x70, 0x65, 0x74, 0x22, 0x2c, 0x22, 0x74, 0x6f, 0x6e, 0x65,
  0x22, 0x3a, 0x33, 0x7d, 0x5d, 0x7d, 0x2c, 0x7b, 0x22, 0x6f, 0x6e, 0x22, 0x3a, 0x22, 0x66, 0x65,
  0x65, 0x64, 0x5f, 0x70, 0x65, 0x74, 0x22, 0x2c, 0x22, 0x64, 0x6f, 0x22, 0x3a, 0x5b, 0x7b, 0x22,
  0x6f, 0x70, 0x22, 0x3a, 0x22, 0x70, 0x6c, 0x61, 0x63, 0x65, 0x22, 0x2c, 0x22, 0x65, 0x6e, 0x74,
  0x69, 0x74, 0x79, 0x22, 0x3a, 0x22, 0x73, 0x6e, 0x61, 0x63, 0x6b, 0x22, 0x2c, 0x22, 0x73, 0x6f,
  0x75, 0x72, 0x63, 0x65, 0x22, 0x3a, 0x22, 0x70, 0x65, 0x74, 0x22, 0x2c, 0x22, 0x64, 0x78, 0x22,
  0x3a, 0x33, 0x2c, 0x22, 0x64, 0x79, 0x22, 0x3a, 0x34, 0x7d, 0x2c, 0x7b, 0x22, 0x6f, 0x70, 0x22,
  0x3a, 0x22, 0x74, 0x6f, 0x6e, 0x65, 0x22, 0x2c, 0x22, 0x65, 0x6e, 0x74, 0x69, 0x74, 0x79, 0x22,
  0x3a, 0x22, 0x70, 0x65, 0x74, 0x22, 0x2c, 0x22, 0x74, 0x6f, 0x6e, 0x65, 0x22, 0x3a, 0x34, 0x7d,
  0x5d, 0x7d, 0x2c, 0x7b, 0x22, 0x6f, 0x6e, 0x22, 0x3a, 0x22, 0x74, 0x69, 0x63, 0x6b, 0x22, 0x2c,
  0x22, 0x64, 0x6f, 0x22, 0x3a, 0x5b, 0x7b, 0x22, 0x6f, 0x70, 0x22, 0x3a, 0x22, 0x68, 0x69, 0x64,
  0x65, 0x22, 0x2c, 0x22, 0x65, 0x6e, 0x74, 0x69, 0x74, 0x79, 0x22, 0x3a, 0x22, 0x73, 0x6e, 0x61,
  0x63, 0x6b, 0x22, 0x7d, 0x2c, 0x7b, 0x22, 0x6f, 0x70, 0x22, 0x3a, 0x22, 0x68, 0x69, 0x64, 0x65,
  0x22, 0x2c, 0x22, 0x65, 0x6e, 0x74, 0x69, 0x74, 0x79, 0x22, 0x3a, 0x22, 0x6a, 0x6f, 0x79, 0x22,
  0x7d, 0x2c, 0x7b, 0x22, 0x6f, 0x70, 0x22, 0x3a, 0x22, 0x74, 0x6f, 0x6e, 0x65, 0x22, 0x2c, 0x22,
  0x65, 0x6e, 0x74, 0x69, 0x74, 0x79, 0x22, 0x3a, 0x22, 0x70, 0x65, 0x74, 0x22, 0x2c, 0x22, 0x74,
  0x6f, 0x6e, 0x65, 0x22, 0x3a, 0x32, 0x7d, 0x5d, 0x7d, 0x5d, 0x7d, 0x7d, 0x2c, 0x22, 0x62, 0x75,
  0x74, 0x74, 0x6f, 0x6e, 0x73, 0x22, 0x3a, 0x5b, 0x7b, 0x22, 0x61, 0x63, 0x74, 0x69, 0x6f, 0x6e,
  0x22, 0x3a, 0x22, 0x6d, 0x6f, 0x76, 0x65, 0x5f, 0x75, 0x70, 0x22, 0x2c, 0x22, 0x63, 0x6f, 0x6e,
  0x74, 0x72, 0x6f, 0x6c, 0x22, 0x3a, 0x22, 0xe5, 0x89, 0x8d, 0xe6, 0x96, 0xb9, 0xe6, 0x91, 0x87,
  0xe6, 0x9d, 0x86, 0x22, 0x2c, 0x22, 0x65, 0x76, 0x65, 0x6e, 0x74, 0x22, 0x3a, 0x22, 0x6a, 0x6f,
  0x79, 0x73, 0x74, 0x69, 0x63, 0x6b, 0x2e, 0x75, 0x70, 0x22, 0x2c, 0x22, 0x6c, 0x61, 0x62, 0x65,
  0x6c, 0x22, 0x3a, 0x22, 0xe5, 0x90, 0x91, 0xe4, 0xb8, 0x8a, 0xe8, 0xb5, 0xb0, 0x22, 0x7d, 0x2c,
  0x7b, 0x22, 0x61, 0x63, 0x74, 0x69, 0x6f, 0x6e, 0x22, 0x3a, 0x22, 0x6d, 0x6f, 0x76, 0x65, 0x5f,
  0x64, 0x6f, 0x77, 0x6e, 0x22, 0x2c, 0x22, 0x63, 0x6f, 0x6e, 0x74, 0x72, 0x6f, 0x6c, 0x22, 0x3a,
  0x22, 0xe5, 0x89, 0x8d, 0xe6, 0x96, 0xb9, 0xe6, 0x91, 0x87, 0xe6, 0x9d, 0x86, 0x22, 0x2c, 0x22,
  0x65, 0x76, 0x65, 0x6e, 0x74, 0x22, 0x3a, 0x22, 0x6a, 0x6f, 0x79, 0x73, 0x74, 0x69, 0x63, 0x6b,
  0x2e, 0x64, 0x6f, 0x77, 0x6e, 0x22, 0x2c, 0x22, 0x6c, 0x61, 0x62, 0x65, 0x6c, 0x22, 0x3a, 0x22,
  0xe5, 0x90, 0x91, 0xe4, 0xb8, 0x8b, 0xe8, 0xb5, 0xb0, 0x22, 0x7d, 0x2c, 0x7b, 0x22, 0x61, 0x63,
  0x74, 0x69, 0x6f, 0x6e, 0x22, 0x3a, 0x22, 0x6d, 0x6f, 0x76, 0x65, 0x5f, 0x6c, 0x65, 0x66, 0x74,
  0x22, 0x2c, 0x22, 0x63, 0x6f, 0x6e, 0x74, 0x72, 0x6f, 0x6c, 0x22, 0x3a, 0x22, 0xe5, 0x89, 0x8d,
  0xe6, 0x96, 0xb9, 0xe6, 0x91, 0x87, 0xe6, 0x9d, 0x86, 0x22, 0x2c, 0x22, 0x65, 0x76, 0x65, 0x6e,
  0x74, 0x22, 0x3a, 0x22, 0x6b, 0x6e, 0x6f, 0x62, 0x2e, 0x72, 0x6f, 0x74, 0x61, 0x74, 0x65, 0x5f,
  0x63, 0x63, 0x77, 0x22, 0x2c, 0x22, 0x6c, 0x61, 0x62, 0x65, 0x6c, 0x22, 0x3a, 0x22, 0xe5, 0x90,
  0x91, 0xe5, 0xb7, 0xa6, 0xe8, 0xb5, 0xb0, 0x22, 0x7d, 0x2c, 0x7b, 0x22, 0x61, 0x63, 0x74, 0x69,
  0x6f, 0x6e, 0x22, 0x3a, 0x22, 0x6d, 0x6f, 0x76, 0x65, 0x5f, 0x72, 0x69, 0x67, 0x68, 0x74, 0x22,
  0x2c, 0x22, 0x63, 0x6f, 0x6e, 0x74, 0x72, 0x6f, 0x6c, 0x22, 0x3a, 0x22, 0xe5, 0x89, 0x8d, 0xe6,
  0x96, 0xb9, 0xe6, 0x91, 0x87, 0xe6, 0x9d, 0x86, 0x22, 0x2c, 0x22, 0x65, 0x76, 0x65, 0x6e, 0x74,
  0x22, 0x3a, 0x22, 0x6b, 0x6e, 0x6f, 0x62, 0x2e, 0x72, 0x6f, 0x74, 0x61, 0x74, 0x65, 0x5f, 0x63,
  0x77, 0x22, 0x2c, 0x22, 0x6c, 0x61, 0x62, 0x65, 0x6c, 0x22, 0x3a, 0x22, 0xe5, 0x90, 0x91, 0xe5,
  0x8f, 0xb3, 0xe8, 0xb5, 0xb0, 0x22, 0x7d, 0x2c, 0x7b, 0x22, 0x61, 0x63, 0x74, 0x69, 0x6f, 0x6e,
  0x22, 0x3a, 0x22, 0x70, 0x65, 0x74, 0x5f, 0x70, 0x65, 0x74, 0x22, 0x2c, 0x22, 0x63, 0x6f, 0x6e,
  0x74, 0x72, 0x6f, 0x6c, 0x22, 0x3a, 0x22, 0x53, 0x57, 0x31, 0x22, 0x2c, 0x22, 0x65, 0x76, 0x65,
  0x6e, 0x74, 0x22, 0x3a, 0x22, 0x62, 0x75, 0x74, 0x74, 0x6f, 0x6e, 0x2e, 0x73, 0x77, 0x31, 0x2e,
  0x73, 0x68, 0x6f, 0x72, 0x74, 0x5f, 0x70, 0x72, 0x65, 0x73, 0x73, 0x22, 0x2c, 0x22, 0x6c, 0x61,
  0x62, 0x65, 0x6c, 0x22, 0x3a, 0x22, 0xe6, 0x8a, 0x9a, 0xe6, 0x91, 0xb8, 0x22, 0x7d, 0x2c, 0x7b,
  0x22, 0x61, 0x63, 0x74, 0x69, 0x6f, 0x6e, 0x22, 0x3a, 0x22, 0x66, 0x65, 0x65, 0x64, 0x5f, 0x70,
  0x65, 0x74, 0x22, 0x2c, 0x22, 0x63, 0x6f, 0x6e, 0x74, 0x72, 0x6f, 0x6c, 0x22, 0x3a, 0x22, 0x53,
  0x57, 0x32, 0x22, 0x2c, 0x22, 0x65, 0x76, 0x65, 0x6e, 0x74, 0x22, 0x3a, 0x22, 0x62, 0x75, 0x74,
  0x74, 0x6f, 0x6e, 0x2e, 0x73, 0x77, 0x32, 0x2e, 0x73, 0x68, 0x6f, 0x72, 0x74, 0x5f, 0x70, 0x72,
  0x65, 0x73, 0x73, 0x22, 0x2c, 0x22, 0x6c, 0x61, 0x62, 0x65, 0x6c, 0x22, 0x3a, 0x22, 0xe5, 0x96,
  0x82, 0xe9, 0xa3, 0x9f, 0x22, 0x7d, 0x5d, 0x2c, 0x22, 0x73, 0x70, 0x72, 0x69, 0x74, 0x65, 0x73,
  0x43, 0x68, 0x65, 0x63, 0x6b, 0x73, 0x75, 0x6d, 0x22, 0x3a, 0x22, 0x31, 0x30, 0x34, 0x37, 0x36,
  0x37, 0x37, 0x63, 0x22, 0x2c, 0x22, 0x73, 0x70, 0x72, 0x69, 0x74, 0x65, 0x46, 0x69, 0x6c, 0x65,
  0x73, 0x22, 0x3a, 0x5b, 0x7b, 0x22, 0x69, 0x64, 0x22, 0x3a, 0x22, 0x62, 0x6c, 0x6f, 0x6f, 0x6d,
  0x66, 0x72, 0x6f, 0x67, 0x22, 0x2c, 0x22, 0x64, 0x61, 0x74, 0x61, 0x22, 0x3a, 0x22, 0x55, 0x44,
  0x52, 0x54, 0x4d, 0x53, 0x41, 0x67, 0x42, 0x41, 0x49, 0x41, 0x41, 0x41, 0x41, 0x41, 0x41, 0x41,
  0x41, 0x41, 0x41, 0x41, 0x41, 0x41, 0x41, 0x41, 0x41, 0x41, 0x41, 0x41, 0x41, 0x41, 0x41, 0x41,
  0x41, 0x41, 0x41, 0x41, 0x41, 0x41, 0x41, 0x41, 0x41, 0x41, 0x41, 0x41, 0x41, 0x41, 0x41, 0x41,
  0x41, 0x41, 0x41, 0x41, 0x41, 0x41, 0x41, 0x41, 0x41, 0x41, 0x41, 0x41, 0x41, 0x41, 0x41, 0x41,
  0x41, 0x41, 0x41, 0x41, 0x41, 0x41, 0x41, 0x41, 0x41, 0x41, 0x41, 0x41, 0x41, 0x41, 0x41, 0x41,
  0x41, 0x41, 0x41, 0x41, 0x41, 0x41, 0x41, 0x41, 0x41, 0x41, 0x41, 0x41, 0x41, 0x41, 0x41, 0x41,
  0x41, 0x41, 0x41, 0x41, 0x41, 0x41, 0x41, 0x41, 0x41, 0x41, 0x41, 0x41, 0x41, 0x41, 0x41, 0x41,
  0x41, 0x41, 0x41, 0x41, 0x41, 0x41, 0x41, 0x41, 0x41, 0x41, 0x41, 0x41, 0x41, 0x41, 0x41, 0x41,
  0x41, 0x41, 0x41, 0x41, 0x41, 0x41, 0x41, 0x41, 0x41, 0x41, 0x41, 0x41, 0x41, 0x41, 0x41, 0x41,
  0x41, 0x41, 0x41, 0x41, 0x41, 0x41, 0x41, 0x41, 0x41, 0x41, 0x41, 0x41, 0x41, 0x41, 0x41, 0x41,
  0x41, 0x41, 0x41, 0x41, 0x41, 0x41, 0x41, 0x41, 0x41, 0x41, 0x41, 0x41, 0x41, 0x41, 0x41, 0x41,
  0x41, 0x41, 0x41, 0x41, 0x41, 0x41, 0x41, 0x41, 0x41, 0x41, 0x41, 0x41, 0x41, 0x41, 0x41, 0x41,
  0x41, 0x41, 0x41, 0x41, 0x41, 0x41, 0x41, 0x41, 0x41, 0x41, 0x41, 0x41, 0x41, 0x41, 0x41, 0x41,
  0x41, 0x41, 0x41, 0x41, 0x41, 0x41, 0x41, 0x41, 0x41, 0x41, 0x41, 0x41, 0x41, 0x41, 0x41, 0x41,
  0x41, 0x41, 0x41, 0x41, 0x41, 0x41, 0x41, 0x41, 0x41, 0x41, 0x41, 0x41, 0x41, 0x41, 0x41, 0x41,
  0x41, 0x41, 0x41, 0x41, 0x41, 0x41, 0x41, 0x41, 0x41, 0x41, 0x41, 0x41, 0x41, 0x41, 0x41, 0x41,
  0x41, 0x41, 0x41, 0x41, 0x41, 0x41, 0x41, 0x41, 0x41, 0x41, 0x41, 0x41, 0x41, 0x41, 0x41, 0x41,
  0x41, 0x41, 0x41, 0x41, 0x41, 0x41, 0x41, 0x41, 0x41, 0x41, 0x41, 0x41, 0x41, 0x41, 0x41, 0x41,
  0x41, 0x41, 0x41, 0x41, 0x41, 0x41, 0x41, 0x41, 0x41, 0x41, 0x41, 0x41, 0x41, 0x41, 0x41, 0x41,
  0x41, 0x41, 0x41, 0x41, 0x41, 0x41, 0x41, 0x41, 0x41, 0x41, 0x41, 0x41, 0x41, 0x41, 0x41, 0x41,
  0x41, 0x41, 0x41, 0x41, 0x41, 0x41, 0x41, 0x41, 0x41, 0x41, 0x41, 0x41, 0x41, 0x41, 0x41, 0x41,
  0x41, 0x41, 0x41, 0x41, 0x41, 0x41, 0x41, 0x41, 0x41, 0x41, 0x41, 0x41, 0x41, 0x41, 0x41, 0x41,
  0x41, 0x41, 0x41, 0x41, 0x41, 0x41, 0x41, 0x41, 0x41, 0x41, 0x41, 0x41, 0x41, 0x41, 0x41, 0x41,
  0x41, 0x41, 0x41, 0x41, 0x41, 0x41, 0x41, 0x41, 0x41, 0x41, 0x41, 0x41, 0x41, 0x41, 0x41, 0x41,
  0x41, 0x41, 0x41, 0x41, 0x41, 0x41, 0x41, 0x41, 0x41, 0x41, 0x41, 0x41, 0x41, 0x41, 0x41, 0x41,
  0x41, 0x41, 0x41, 0x41, 0x41, 0x41, 0x41, 0x41, 0x41, 0x41, 0x41, 0x41, 0x41, 0x41, 0x41, 0x41,
  0x41, 0x41, 0x41, 0x41, 0x41, 0x41, 0x41, 0x41, 0x41, 0x41, 0x41, 0x41, 0x41, 0x41, 0x41, 0x41,
  0x41, 0x41, 0x41, 0x41, 0x44, 0x67, 0x2f, 0x77, 0x45, 0x41, 0x41, 0x41, 0x41, 0x46, 0x41, 0x41,
  0x5a, 0x44, 0x57, 0x72, 0x34, 0x47, 0x69, 0x2f, 0x68, 0x44, 0x59, 0x73, 0x61, 0x43, 0x41, 0x41,
  0x34, 0x41, 0x41, 0x41, 0x44, 0x67, 0x2f, 0x77, 0x45, 0x41, 0x41, 0x41, 0x45, 0x41, 0x41, 0x41,
  0x41, 0x41, 0x41, 0x41, 0x41, 0x41, 0x41, 0x41, 0x41, 0x41, 0x41, 0x41, 0x41, 0x41, 0x41, 0x41,
  0x41, 0x41, 0x41, 0x41, 0x41, 0x41, 0x41, 0x41, 0x41, 0x41, 0x41, 0x41, 0x41, 0x41, 0x41, 0x41,
  0x41, 0x41, 0x41, 0x41, 0x41, 0x41, 0x41, 0x41, 0x41, 0x41, 0x41, 0x41, 0x41, 0x41, 0x41, 0x41,
  0x41, 0x41, 0x41, 0x41, 0x41, 0x41, 0x41, 0x41, 0x41, 0x41, 0x41, 0x41, 0x41, 0x41, 0x41, 0x41,
  0x41, 0x41, 0x41, 0x41, 0x41, 0x41, 0x41, 0x41, 0x47, 0x67, 0x55, 0x67, 0x50, 0x67, 0x65, 0x77,
  0x49, 0x41, 0x41, 0x41, 0x41, 0x41, 0x41, 0x41, 0x4b, 0x67, 0x4b, 0x55, 0x75, 0x41, 0x4b, 0x5a,
  0x33, 0x4b, 0x77, 0x2f, 0x2f, 0x78, 0x2f, 0x50, 0x77, 0x72, 0x31, 0x50, 0x2b, 0x67, 0x4d, 0x61,
  0x65, 0x41, 0x4b, 0x55, 0x34, 0x41, 0x41, 0x41, 0x51, 0x41, 0x41, 0x41, 0x41, 0x41, 0x41, 0x41,
  0x44, 0x67, 0x4f, 0x51, 0x51, 0x41, 0x41, 0x41, 0x45, 0x41, 0x41, 0x41, 0x41, 0x41, 0x41, 0x41,
  0x41, 0x41, 0x41, 0x41, 0x41, 0x41, 0x41, 0x41, 0x41, 0x41, 0x41, 0x41, 0x41, 0x41, 0x41, 0x41,
  0x41, 0x41, 0x41, 0x41, 0x41, 0x41, 0x41, 0x41, 0x41, 0x41, 0x41, 0x41, 0x41, 0x41, 0x41, 0x41,
  0x41, 0x41, 0x41, 0x41, 0x41, 0x41, 0x41, 0x41, 0x41, 0x41, 0x41, 0x41, 0x41, 0x41, 0x41, 0x41,
  0x41, 0x41, 0x41, 0x41, 0x45, 0x41, 0x41, 0x41, 0x41, 0x41, 0x41, 0x41, 0x41, 0x41, 0x41, 0x41,
  0x41, 0x41, 0x41, 0x41, 0x43, 0x42, 0x4f, 0x58, 0x36, 0x6f, 0x73, 0x2f, 0x38, 0x72, 0x31, 0x50,
  0x39, 0x4f, 0x39, 0x50, 0x32, 0x50, 0x2f, 0x50, 0x39, 0x4f, 0x39, 0x50, 0x30, 0x4c, 0x7a, 0x50,
  0x2f, 0x70, 0x77, 0x2f, 0x2f, 0x68, 0x53, 0x59, 0x6b, 0x41, 0x41, 0x41, 0x63, 0x41, 0x41, 0x41,
  0x49, 0x41, 0x41, 0x41, 0x41, 0x41, 0x41, 0x41, 0x41, 0x41, 0x41, 0x41, 0x45, 0x41, 0x41, 0x41,
  0x41, 0x41, 0x41, 0x41, 0x41, 0x41, 0x41, 0x41, 0x41, 0x41, 0x41, 0x41, 0x41, 0x41, 0x41, 0x41,
  0x41, 0x41, 0x41, 0x41, 0x41, 0x41, 0x41, 0x41, 0x41, 0x41, 0x41, 0x41, 0x41, 0x41, 0x41, 0x41,
  0x41, 0x41, 0x41, 0x41, 0x41, 0x41, 0x41, 0x41, 0x41, 0x41, 0x41, 0x41, 0x41, 0x41, 0x41, 0x41,
  0x45, 0x41, 0x41, 0x41, 0x41, 0x41, 0x41, 0x41, 0x4a, 0x67, 0x51, 0x57, 0x65, 0x69, 0x55, 0x72,
  0x2f, 0x69, 0x53, 0x74, 0x4e, 0x43, 0x59, 0x76, 0x69, 0x77, 0x2f, 0x50, 0x32, 0x51, 0x2f, 0x50,
  0x74, 0x50, 0x2f, 0x66, 0x2b, 0x75, 0x2f, 0x76, 0x39, 0x75, 0x2f, 0x66, 0x2b, 0x51, 0x2f, 0x50,
  0x7a, 0x78, 0x2f, 0x50, 0x79, 0x6a, 0x61, 0x76, 0x76, 0x69, 0x51, 0x74, 0x2f, 0x69, 0x55, 0x73,
  0x2f, 0x41, 0x51, 0x58, 0x38, 0x41, 0x41, 0x41, 0x30, 0x41, 0x41, 0x41, 0x41, 0x41, 0x41, 0x41,
  0x45, 0x41, 0x41, 0x41, 0x41, 0x41, 0x41, 0x41, 0x41, 0x41, 0x41, 0x41, 0x41, 0x41, 0x41, 0x41,
  0x41, 0x41, 0x41, 0x41, 0x41, 0x41, 0x41, 0x41, 0x41, 0x41, 0x41, 0x41, 0x41, 0x41, 0x41, 0x41,
  0x41, 0x41, 0x41, 0x41, 0x41, 0x41, 0x41, 0x41, 0x41, 0x41, 0x41, 0x41, 0x45, 0x41, 0x41, 0x41,
  0x47, 0x68, 0x51, 0x42, 0x65, 0x42, 0x55, 0x72, 0x35, 0x6c, 0x62, 0x50, 0x2b, 0x48, 0x64, 0x66,
  0x2f, 0x6f, 0x66, 0x66, 0x2f, 0x45, 0x57, 0x2f, 0x39, 0x49, 0x71, 0x2f, 0x39, 0x4f, 0x39, 0x50,
  0x2b, 0x50, 0x2f, 0x66, 0x38, 0x4f, 0x2f, 0x2f, 0x2b, 0x76, 0x2f, 0x66, 0x39, 0x4f, 0x39, 0x50,
  0x39, 0x6f, 0x73, 0x2f, 0x2b, 0x45, 0x57, 0x2f, 0x2f, 0x6f, 0x64, 0x66, 0x2f, 0x49, 0x66, 0x66,
  0x2f, 0x47, 0x62, 0x50, 0x2f, 0x43, 0x53, 0x74, 0x54, 0x67, 0x4b, 0x43, 0x67, 0x41, 0x41, 0x41,
  0x45, 0x41, 0x65, 0x41, 0x49, 0x41, 0x41, 0x41, 0x41, 0x41, 0x41, 0x41, 0x41, 0x41, 0x41, 0x41,
  0x41, 0x41, 0x41, 0x41, 0x41, 0x41, 0x41, 0x41, 0x41, 0x41, 0x41, 0x41, 0x41, 0x41, 0x41, 0x41,
  0x41, 0x41, 0x41, 0x41, 0x41, 0x41, 0x41, 0x41, 0x44, 0x67, 0x65, 0x77, 0x49, 0x41, 0x41, 0x41,
  0x43, 0x41, 0x4f, 0x43, 0x70, 0x44, 0x57, 0x2f, 0x38, 0x70, 0x66, 0x76, 0x75, 0x6f, 0x64, 0x66,
  0x74, 0x6f, 0x64, 0x66, 0x32, 0x48, 0x62, 0x66, 0x34, 0x44, 0x57, 0x2f, 0x38, 0x74, 0x37, 0x50,
  0x2b, 0x50, 0x2f, 0x50, 0x38, 0x51, 0x2f, 0x66, 0x2b, 0x50, 0x2f, 0x50, 0x39, 0x4f, 0x39, 0x50,
  0x38, 0x44, 0x61, 0x2f, 0x2b, 0x48, 0x62, 0x66, 0x36, 0x49, 0x64, 0x66, 0x32, 0x49, 0x64, 0x66,
  0x31, 0x4a, 0x66, 0x76, 0x6e, 0x45, 0x57, 0x2f, 0x2f, 0x67, 0x4b, 0x45, 0x51, 0x41, 0x41, 0x41,
  0x43, 0x67, 0x55, 0x67, 0x4d, 0x41, 0x41, 0x41, 0x41, 0x41, 0x41, 0x41, 0x41, 0x41, 0x41, 0x41,
  0x41, 0x41, 0x41, 0x41, 0x41, 0x41, 0x41, 0x41, 0x41, 0x41, 0x41, 0x41, 0x41, 0x41, 0x41, 0x41,
  0x41, 0x41, 0x41, 0x41, 0x41, 0x41, 0x41, 0x41, 0x41, 0x41, 0x41, 0x41, 0x43, 0x41, 0x4d, 0x51,
  0x55, 0x41, 0x41, 0x41, 0x41, 0x67, 0x4d, 0x57, 0x69, 0x44, 0x57, 0x2f, 0x36, 0x48, 0x64, 0x66,
  0x79, 0x6f, 0x64, 0x66, 0x2b, 0x48, 0x62, 0x66, 0x2f, 0x6a, 0x61, 0x76, 0x38, 0x4f, 0x2f, 0x50,
  0x39, 0x4f, 0x2f, 0x50, 0x39, 0x4a, 0x75, 0x2f, 0x39, 0x4f, 0x2f, 0x50, 0x38, 0x75, 0x2f, 0x50,
  0x2f, 0x6b, 0x63, 0x76, 0x2b, 0x48, 0x62, 0x66, 0x2b, 0x6f, 0x66, 0x66, 0x2b, 0x49, 0x64, 0x66,
  0x7a, 0x44, 0x57, 0x2f, 0x39, 0x67, 0x4f, 0x59, 0x63, 0x41, 0x41, 0x41, 0x41, 0x67, 0x59, 0x77,
  0x55, 0x41, 0x41, 0x41, 0x41, 0x41, 0x41, 0x41, 0x41, 0x41, 0x41, 0x41, 0x41, 0x41, 0x41, 0x41,
  0x41, 0x41, 0x41, 0x41, 0x41, 0x41, 0x41, 0x41, 0x41, 0x41, 0x41, 0x41, 0x41, 0x41, 0x41, 0x41,
  0x41, 0x41, 0x41, 0x41, 0x41, 0x41, 0x41, 0x41, 0x41, 0x41, 0x55, 0x41, 0x4d, 0x41, 0x41, 0x41,
  0x41, 0x41, 0x4b, 0x42, 0x76, 0x67, 0x51, 0x61, 0x66, 0x46, 0x59, 0x2f, 0x33, 0x46, 0x59, 0x2f,
  0x37, 0x45, 0x59, 0x2f, 0x2b, 0x45, 0x57, 0x2f, 0x2f, 0x46, 0x57, 0x2f, 0x2f, 0x48, 0x67, 0x2f,
  0x39, 0x6d, 0x69, 0x2f, 0x39, 0x48, 0x5a, 0x50, 0x39, 0x6d, 0x67, 0x2f, 0x2b, 0x47, 0x67, 0x2f,
  0x38, 0x47, 0x5a, 0x50, 0x2f, 0x6b, 0x59, 0x2f, 0x2f, 0x45, 0x57, 0x2f, 0x2b, 0x46, 0x57, 0x2f,
  0x35, 0x6e, 0x62, 0x50, 0x35, 0x69, 0x55, 0x73, 0x4d, 0x67, 0x4b, 0x44, 0x55, 0x41, 0x41, 0x41,
  0x43, 0x67, 0x55, 0x67, 0x4d, 0x41, 0x41, 0x41, 0x41, 0x41, 0x41, 0x41, 0x41, 0x41, 0x41, 0x41,
  0x41, 0x41, 0x41, 0x41, 0x41, 0x41, 0x41, 0x41, 0x41, 0x41, 0x41, 0x41, 0x41, 0x41, 0x41, 0x41,
  0x41, 0x41, 0x41, 0x41, 0x41, 0x41, 0x65, 0x41, 0x49, 0x41, 0x41, 0x41, 0x41, 0x41, 0x4b, 0x43,
  0x32, 0x43, 0x55, 0x75, 0x46, 0x75, 0x6e, 0x76, 0x2f, 0x54, 0x72, 0x2f, 0x34, 0x78, 0x70, 0x2f,
  0x2b, 0x50, 0x6e, 0x76, 0x2b, 0x77, 0x6e, 0x76, 0x2b, 0x53, 0x72, 0x2f, 0x39, 0x52, 0x70, 0x2f,
  0x38, 0x51, 0x6e, 0x2f, 0x2f, 0x54, 0x72, 0x2f, 0x38, 0x78, 0x6e, 0x2f, 0x39, 0x52, 0x70, 0x2f,
  0x2b, 0x7a, 0x72, 0x2f, 0x2f, 0x77, 0x70, 0x76, 0x2b, 0x76, 0x6e, 0x76, 0x38, 0x78, 0x70, 0x2f,
  0x2f, 0x54, 0x72, 0x2f, 0x34, 0x77, 0x70, 0x2f, 0x39, 0x46, 0x57, 0x2f, 0x65, 0x67, 0x4b, 0x46,
  0x4d, 0x41, 0x41, 0x41, 0x43, 0x67, 0x55, 0x67, 0x4d, 0x41, 0x41, 0x41, 0x41, 0x41, 0x41, 0x41,
  0x41, 0x41, 0x41, 0x41, 0x41, 0x41, 0x41, 0x41, 0x41, 0x41, 0x41, 0x41, 0x41, 0x41, 0x41, 0x41,
  0x41, 0x41, 0x41, 0x41, 0x4c, 0x2f, 0x2f, 0x77, 0x45, 0x41, 0x4b, 0x42, 0x2b, 0x44, 0x55, 0x75,
  0x63, 0x77, 0x70, 0x2f, 0x2f, 0x54, 0x72, 0x2f, 0x74, 0x52, 0x70, 0x2f, 0x39, 0x79, 0x72, 0x2f,
  0x2b, 0x53, 0x72, 0x2f, 0x2b, 0x53, 0x72, 0x2f, 0x39, 0x53, 0x72, 0x2f, 0x39, 0x79, 0x72, 0x2f,
  0x39, 0x79, 0x72, 0x2f, 0x39, 0x53, 0x72, 0x2f, 0x39, 0x79, 0x72, 0x2f, 0x39, 0x79, 0x72, 0x2f,
  0x39, 0x53, 0x72, 0x2f, 0x2b, 0x53, 0x72, 0x2f, 0x2b, 0x53, 0x72, 0x2f, 0x39, 0x79, 0x72, 0x2f,
  0x39, 0x52, 0x70, 0x2f, 0x2b, 0x54, 0x72, 0x2f, 0x79, 0x79, 0x72, 0x2f, 0x39, 0x6c, 0x57, 0x2f,
  0x30, 0x67, 0x49, 0x45, 0x4d, 0x41, 0x41, 0x41, 0x43, 0x67, 0x55, 0x67, 0x4d, 0x41, 0x41, 0x41,
  0x41, 0x41, 0x41, 0x41, 0x41, 0x41, 0x41, 0x41, 0x41, 0x41, 0x41, 0x41, 0x41, 0x41, 0x41, 0x41,
  0x44, 0x67, 0x65, 0x77, 0x49, 0x4b, 0x41, 0x41, 0x50, 0x68, 0x51, 0x63, 0x58, 0x50, 0x6e, 0x76,
  0x2b, 0x79, 0x72, 0x2f, 0x74, 0x52, 0x70, 0x2f, 0x2b, 0x79, 0x72, 0x2f, 0x39, 0x78, 0x70, 0x2f,
  0x39, 0x52, 0x70, 0x2f, 0x39, 0x79, 0x72, 0x2f, 0x39, 0x79, 0x72, 0x2f, 0x39, 0x79, 0x72, 0x2f,
  0x39, 0x79, 0x72, 0x2f, 0x39, 0x79, 0x72, 0x2f, 0x39, 0x79, 0x72, 0x2f, 0x39, 0x79, 0x72, 0x2f,
  0x39, 0x79, 0x72, 0x2f, 0x39, 0x79, 0x72, 0x2f, 0x39, 0x53, 0x72, 0x2f, 0x39, 0x78, 0x70, 0x2f,
  0x2f, 0x54, 0x74, 0x2f, 0x39, 0x79, 0x72, 0x2f, 0x39, 0x78, 0x70, 0x2f, 0x78, 0x52, 0x72, 0x2f,
  0x2b, 0x44, 0x53, 0x75, 0x67, 0x41, 0x47, 0x42, 0x54, 0x76, 0x41, 0x77, 0x49, 0x41, 0x41, 0x41,
  0x41, 0x41, 0x41, 0x41, 0x41, 0x41, 0x41, 0x41, 0x41, 0x41, 0x41, 0x41, 0x41, 0x41, 0x41, 0x41,
  0x41, 0x41, 0x41, 0x41, 0x44, 0x67, 0x4d, 0x47, 0x51, 0x4a, 0x66, 0x66, 0x2f, 0x53, 0x72, 0x2f,
  0x75, 0x33, 0x78, 0x2f, 0x2b, 0x61, 0x33, 0x2f, 0x2b, 0x57, 0x78, 0x76, 0x2b, 0x57, 0x78, 0x2f,
  0x2b, 0x53, 0x72, 0x2f, 0x39, 0x79, 0x72, 0x2f, 0x39, 0x79, 0x72, 0x2f, 0x39, 0x79, 0x72, 0x2f,
  0x39, 0x79, 0x72, 0x2f, 0x39, 0x79, 0x72, 0x2f, 0x39, 0x79, 0x72, 0x2f, 0x39, 0x79, 0x72, 0x2f,
  0x39, 0x79, 0x72, 0x2f, 0x39, 0x53, 0x72, 0x2f, 0x2b, 0x7a, 0x72, 0x2f, 0x39, 0x32, 0x78, 0x2f,
  0x39, 0x56, 0x76, 0x76, 0x39, 0x36, 0x33, 0x2f, 0x2b, 0x33, 0x7a, 0x2f, 0x2f, 0x53, 0x72, 0x2f,
  0x76, 0x73, 0x6a, 0x66, 0x39, 0x41, 0x4d, 0x59, 0x34, 0x41, 0x41, 0x41, 0x41, 0x41, 0x41, 0x41,
  0x41, 0x41, 0x41, 0x41, 0x41, 0x41, 0x41, 0x41, 0x41, 0x41, 0x41, 0x41, 0x41, 0x41, 0x41, 0x41,
  0x41, 0x41, 0x41, 0x41, 0x65, 0x44, 0x55, 0x74, 0x64, 0x51, 0x70, 0x2f, 0x37, 0x5a, 0x31, 0x2f,
  0x32, 0x5a, 0x31, 0x76, 0x2f, 0x46, 0x59, 0x76, 0x38, 0x6e, 0x61, 0x2f, 0x39, 0x49, 0x63, 0x2f,
  0x2f, 0x55, 0x74, 0x76, 0x2b, 0x53, 0x72, 0x2f, 0x39, 0x53, 0x72, 0x2f, 0x39, 0x79, 0x72, 0x2f,
  0x39, 0x79, 0x72, 0x2f, 0x39, 0x79, 0x72, 0x2f, 0x39, 0x79, 0x72, 0x2f, 0x39, 0x79, 0x72, 0x2f,
  0x39, 0x53, 0x72, 0x2f, 0x2b, 0x79, 0x72, 0x2f, 0x2b, 0x54, 0x74, 0x76, 0x38, 0x47, 0x61, 0x2f,
  0x38, 0x6e, 0x61, 0x2f, 0x2b, 0x45, 0x57, 0x76, 0x39, 0x59, 0x31, 0x76, 0x2f, 0x5a, 0x31, 0x2f,
  0x36, 0x52, 0x70, 0x2f, 0x34, 0x6b, 0x57, 0x2b, 0x38, 0x41, 0x43, 0x42, 0x63, 0x41, 0x41, 0x41,
  0x41, 0x41, 0x41, 0x41, 0x41, 0x41, 0x41, 0x41, 0x41, 0x41, 0x41, 0x41, 0x41, 0x41, 0x41, 0x41,
  0x42, 0x41, 0x49, 0x45, 0x71, 0x49, 0x64, 0x50, 0x2f, 0x30, 0x76, 0x2f, 0x36, 0x2b, 0x39, 0x2f,
  0x2b, 0x44, 0x55, 0x76, 0x39, 0x69, 0x55, 0x76, 0x2f, 0x2f, 0x2f, 0x2f, 0x39, 0x48, 0x61, 0x2f,
  0x38, 0x47, 0x59, 0x2f, 0x2f, 0x56, 0x76, 0x2f, 0x39, 0x52, 0x70, 0x2f, 0x39, 0x79, 0x72, 0x2f,
  0x39, 0x53, 0x72, 0x2f, 0x39, 0x79, 0x72, 0x2f, 0x39, 0x79, 0x72, 0x2f, 0x39, 0x79, 0x72, 0x2f,
  0x39, 0x78, 0x70, 0x2f, 0x2b, 0x31, 0x76, 0x2f, 0x2b, 0x6b, 0x57, 0x76, 0x38, 0x6e, 0x61, 0x2f,
  0x2f, 0x2f, 0x2f, 0x2f, 0x2b, 0x6a, 0x57, 0x76, 0x39, 0x69, 0x55, 0x76, 0x2b, 0x2b, 0x39, 0x2f,
  0x2f, 0x30, 0x76, 0x2f, 0x30, 0x71, 0x66, 0x66, 0x2f, 0x41, 0x4d, 0x47, 0x6b, 0x41, 0x41, 0x41,
  0x41, 0x41, 0x41, 0x41, 0x41, 0x41, 0x41, 0x41, 0x41, 0x41, 0x41, 0x41, 0x41, 0x41, 0x41, 0x41,
  0x43, 0x41, 0x51, 0x5a, 0x77, 0x74, 0x6a, 0x76, 0x2f, 0x34, 0x31, 0x2f, 0x79, 0x5a, 0x31, 0x76,
  0x2f, 0x67, 0x51, 0x66, 0x38, 0x67, 0x53, 0x76, 0x39, 0x6e, 0x63, 0x2f, 0x38, 0x68, 0x53, 0x76,
  0x39, 0x43, 0x55, 0x76, 0x38, 0x7a, 0x74, 0x2f, 0x39, 0x78, 0x72, 0x2f, 0x39, 0x52, 0x72, 0x2f,
  0x2b, 0x53, 0x72, 0x2f, 0x39, 0x79, 0x72, 0x2f, 0x2b, 0x53, 0x72, 0x2f, 0x39, 0x52, 0x72, 0x2f,
  0x2b, 0x53, 0x72, 0x2f, 0x2f, 0x54, 0x74, 0x76, 0x38, 0x42, 0x53, 0x76, 0x38, 0x42, 0x51, 0x76,
  0x39, 0x48, 0x61, 0x2f, 0x38, 0x68, 0x51, 0x76, 0x38, 0x41, 0x51, 0x76, 0x2f, 0x61, 0x33, 0x76,
  0x2f, 0x33, 0x7a, 0x2f, 0x78, 0x74, 0x6c, 0x76, 0x37, 0x42, 0x51, 0x62, 0x41, 0x41, 0x41, 0x41,
  0x41, 0x41, 0x41, 0x41, 0x41, 0x41, 0x41, 0x41, 0x41, 0x41, 0x41, 0x41, 0x41, 0x41, 0x41, 0x41,
  0x42, 0x69, 0x53, 0x74, 0x50, 0x76, 0x6e, 0x76, 0x2f, 0x57, 0x78, 0x2f, 0x33, 0x37, 0x33, 0x76,
  0x2b, 0x67, 0x65, 0x76, 0x39, 0x67, 0x61, 0x76, 0x2b, 0x41, 0x4b, 0x66, 0x38, 0x67, 0x57, 0x76,
  0x2b, 0x6a, 0x61, 0x76, 0x38, 0x7a, 0x74, 0x2f, 0x2b, 0x52, 0x72, 0x2f, 0x2b, 0x7a, 0x72, 0x2f,
  0x2b, 0x4c, 0x6a, 0x66, 0x2f, 0x50, 0x6e, 0x76, 0x2b, 0x73, 0x6a, 0x66, 0x2f, 0x54, 0x74, 0x2f,
  0x39, 0x78, 0x72, 0x2f, 0x38, 0x31, 0x74, 0x2f, 0x2f, 0x69, 0x65, 0x76, 0x39, 0x41, 0x59, 0x76,
  0x2b, 0x41, 0x4d, 0x66, 0x39, 0x67, 0x59, 0x76, 0x2b, 0x67, 0x63, 0x76, 0x38, 0x38, 0x35, 0x2f,
  0x2b, 0x31, 0x78, 0x2f, 0x34, 0x50, 0x6e, 0x2f, 0x2b, 0x44, 0x55, 0x74, 0x73, 0x41, 0x41, 0x41,
  0x41, 0x41, 0x41, 0x41, 0x41, 0x41, 0x41, 0x41, 0x41, 0x41, 0x41, 0x41, 0x41, 0x41, 0x41, 0x41,
  0x44, 0x6b, 0x55, 0x75, 0x74, 0x52, 0x70, 0x2f, 0x39, 0x79, 0x70, 0x2f, 0x37, 0x2b, 0x39, 0x2f,
  0x39, 0x73, 0x6c, 0x50, 0x2b, 0x41, 0x67, 0x76, 0x2f, 0x41, 0x69, 0x76, 0x38, 0x67, 0x63, 0x76,
  0x38, 0x4f, 0x6e, 0x66, 0x2f, 0x54, 0x74, 0x2f, 0x38, 0x51, 0x70, 0x2f, 0x2f, 0x4d, 0x68, 0x66,
  0x38, 0x51, 0x6e, 0x2f, 0x2b, 0x79, 0x72, 0x2f, 0x2f, 0x50, 0x6e, 0x76, 0x2f, 0x4d, 0x6a, 0x66,
  0x39, 0x52, 0x70, 0x2f, 0x2f, 0x55, 0x74, 0x2f, 0x38, 0x4f, 0x70, 0x66, 0x39, 0x67, 0x67, 0x76,
  0x2b, 0x67, 0x69, 0x76, 0x39, 0x67, 0x65, 0x76, 0x38, 0x51, 0x70, 0x66, 0x2f, 0x39, 0x39, 0x2f,
  0x39, 0x52, 0x70, 0x2f, 0x39, 0x78, 0x70, 0x2f, 0x38, 0x45, 0x55, 0x2f, 0x51, 0x41, 0x41, 0x41,
  0x41, 0x41, 0x41, 0x41, 0x41, 0x41, 0x41, 0x41, 0x41, 0x41, 0x41, 0x41, 0x41, 0x41, 0x41, 0x41,
  0x41, 0x6c, 0x57, 0x2b, 0x2b, 0x52, 0x70, 0x2f, 0x39, 0x77, 0x76, 0x76, 0x36, 0x54, 0x2f, 0x66,
  0x39, 0x39, 0x2f, 0x2f, 0x2b, 0x7a, 0x74, 0x66, 0x2b, 0x75, 0x70, 0x50, 0x2f, 0x7a, 0x74, 0x66,
  0x2b, 0x30, 0x76, 0x2f, 0x39, 0x78, 0x70, 0x2f, 0x39, 0x79, 0x72, 0x2f, 0x2b, 0x70, 0x64, 0x50,
  0x38, 0x48, 0x62, 0x50, 0x2b, 0x49, 0x64, 0x50, 0x2f, 0x6d, 0x61, 0x2f, 0x38, 0x71, 0x66, 0x66,
  0x2b, 0x53, 0x72, 0x2f, 0x39, 0x52, 0x70, 0x2f, 0x2b, 0x31, 0x76, 0x2f, 0x38, 0x55, 0x76, 0x76,
  0x2f, 0x76, 0x72, 0x50, 0x38, 0x56, 0x76, 0x76, 0x38, 0x38, 0x2f, 0x2f, 0x39, 0x53, 0x2f, 0x66,
  0x2b, 0x78, 0x78, 0x76, 0x2b, 0x52, 0x70, 0x2f, 0x38, 0x45, 0x55, 0x2f, 0x77, 0x41, 0x41, 0x41,
  0x41, 0x41, 0x41, 0x41, 0x41, 0x41, 0x41, 0x41, 0x41, 0x41, 0x41, 0x41, 0x41, 0x41, 0x41, 0x41,
  0x43, 0x6a, 0x55, 0x75, 0x6c, 0x78, 0x6e, 0x2f, 0x2b, 0x52, 0x35, 0x66, 0x35, 0x76, 0x2f, 0x50,
  0x2f, 0x77, 0x2f, 0x50, 0x38, 0x57, 0x2f, 0x76, 0x2f, 0x33, 0x7a, 0x2f, 0x2f, 0x54, 0x74, 0x2f,
  0x39, 0x52, 0x70, 0x2f, 0x39, 0x79, 0x72, 0x2f, 0x39, 0x79, 0x72, 0x2f, 0x2b, 0x7a, 0x74, 0x2f,
  0x2f, 0x51, 0x6e, 0x76, 0x39, 0x4f, 0x6c, 0x76, 0x2f, 0x77, 0x70, 0x76, 0x2b, 0x7a, 0x72, 0x2f,
  0x39, 0x79, 0x72, 0x2f, 0x39, 0x79, 0x72, 0x2f, 0x39, 0x52, 0x70, 0x2f, 0x2b, 0x30, 0x74, 0x2f,
  0x2f, 0x58, 0x7a, 0x2f, 0x2b, 0x30, 0x2f, 0x66, 0x2b, 0x76, 0x2f, 0x50, 0x39, 0x76, 0x2f, 0x50,
  0x2f, 0x52, 0x33, 0x66, 0x36, 0x52, 0x6e, 0x2f, 0x2f, 0x44, 0x55, 0x75, 0x6b, 0x41, 0x41, 0x41,
  0x41, 0x41, 0x41, 0x41, 0x41, 0x41, 0x41, 0x41, 0x41, 0x41, 0x41, 0x41, 0x41, 0x41, 0x41, 0x41,
  0x41, 0x69, 0x53, 0x73, 0x73, 0x50, 0x6e, 0x2f, 0x2f, 0x53, 0x78, 0x76, 0x30, 0x51, 0x39, 0x66,
  0x2b, 0x77, 0x2f, 0x50, 0x2f, 0x51, 0x31, 0x66, 0x39, 0x77, 0x70, 0x2f, 0x39, 0x52, 0x70, 0x2f,
  0x39, 0x79, 0x72, 0x2f, 0x39, 0x79, 0x72, 0x2f, 0x39, 0x79, 0x72, 0x2f, 0x39, 0x52, 0x70, 0x2f,
  0x2b, 0x53, 0x70, 0x2f, 0x2b, 0x79, 0x72, 0x2f, 0x39, 0x79, 0x70, 0x2f, 0x39, 0x52, 0x70, 0x2f,
  0x39, 0x79, 0x70, 0x2f, 0x39, 0x79, 0x72, 0x2f, 0x39, 0x79, 0x72, 0x2f, 0x39, 0x53, 0x72, 0x2f,
  0x39, 0x52, 0x70, 0x2f, 0x2b, 0x77, 0x31, 0x66, 0x2f, 0x51, 0x2f, 0x50, 0x38, 0x77, 0x37, 0x66,
  0x38, 0x52, 0x76, 0x2f, 0x33, 0x76, 0x6e, 0x76, 0x38, 0x69, 0x53, 0x73, 0x6b, 0x41, 0x41, 0x41,
  0x41, 0x41, 0x41, 0x41, 0x41, 0x41, 0x41, 0x41, 0x41, 0x41, 0x41, 0x41, 0x41, 0x41, 0x41, 0x41,
  0x41, 0x67, 0x4d, 0x59, 0x6e, 0x4d, 0x6a, 0x66, 0x2f, 0x7a, 0x72, 0x2f, 0x77, 0x78, 0x72, 0x2f,
  0x38, 0x53, 0x74, 0x2f, 0x2b, 0x53, 0x70, 0x2f, 0x39, 0x79, 0x72, 0x2f, 0x39, 0x79, 0x72, 0x2f,
  0x39, 0x79, 0x70, 0x2f, 0x39, 0x79, 0x70, 0x2f, 0x39, 0x7a, 0x74, 0x2f, 0x2b, 0x55, 0x7a, 0x2f,
  0x2b, 0x56, 0x31, 0x2f, 0x2b, 0x56, 0x33, 0x2f, 0x2b, 0x56, 0x33, 0x2f, 0x2b, 0x55, 0x7a, 0x2f,
  0x39, 0x7a, 0x74, 0x2f, 0x39, 0x79, 0x70, 0x2f, 0x39, 0x79, 0x70, 0x2f, 0x39, 0x79, 0x72, 0x2f,
  0x39, 0x79, 0x72, 0x2f, 0x39, 0x79, 0x70, 0x2f, 0x38, 0x78, 0x72, 0x2f, 0x39, 0x52, 0x72, 0x2f,
  0x2f, 0x54, 0x72, 0x2f, 0x7a, 0x4d, 0x6a, 0x66, 0x38, 0x67, 0x4d, 0x59, 0x6f, 0x41, 0x41, 0x41,
  0x41, 0x41, 0x41, 0x41, 0x41, 0x41, 0x41, 0x41, 0x41, 0x41, 0x41, 0x41, 0x41, 0x41, 0x41, 0x41,
  0x41, 0x41, 0x47, 0x43, 0x32, 0x6d, 0x59, 0x2f, 0x76, 0x54, 0x74, 0x2f, 0x31, 0x52, 0x70, 0x2f,
  0x39, 0x79, 0x72, 0x2f, 0x39, 0x79, 0x72, 0x2f, 0x39, 0x79, 0x72, 0x2f, 0x39, 0x78, 0x70, 0x2f,
  0x39, 0x7a, 0x74, 0x2f, 0x2b, 0x57, 0x35, 0x2f, 0x2b, 0x34, 0x2f, 0x2f, 0x2b, 0x34, 0x2f, 0x2f,
  0x2b, 0x34, 0x2f, 0x2f, 0x2b, 0x34, 0x2f, 0x2f, 0x2b, 0x34, 0x2f, 0x2f, 0x2b, 0x34, 0x2f, 0x2f,
  0x2b, 0x33, 0x2f, 0x2f, 0x2b, 0x57, 0x35, 0x2f, 0x39, 0x7a, 0x74, 0x2f, 0x39, 0x79, 0x70, 0x2f,
  0x39, 0x79, 0x72, 0x2f, 0x39, 0x79, 0x72, 0x2f, 0x39, 0x79, 0x72, 0x2f, 0x39, 0x52, 0x72, 0x2f,
  0x2f, 0x54, 0x74, 0x2f, 0x32, 0x46, 0x57, 0x2f, 0x73, 0x41, 0x45, 0x43, 0x34, 0x41, 0x41, 0x41,
  0x41, 0x41, 0x41, 0x41, 0x41, 0x41, 0x41, 0x41, 0x41, 0x41, 0x41, 0x41, 0x41, 0x41, 0x41, 0x41,
  0x41, 0x41, 0x41, 0x41, 0x43, 0x67, 0x4f, 0x61, 0x5a, 0x75, 0x6c, 0x76, 0x2f, 0x54, 0x74, 0x2f,
  0x78, 0x52, 0x72, 0x2f, 0x39, 0x79, 0x72, 0x2f, 0x39, 0x79, 0x70, 0x2f, 0x39, 0x7a, 0x76, 0x2f,
  0x2b, 0x33, 0x2f, 0x2f, 0x2b, 0x34, 0x2f, 0x2f, 0x2b, 0x34, 0x2f, 0x2f, 0x2b, 0x34, 0x2f, 0x2f,
  0x2b, 0x34, 0x2f, 0x2f, 0x2b, 0x34, 0x2f, 0x2f, 0x2b, 0x34, 0x2f, 0x2f, 0x2b, 0x34, 0x2f, 0x2f,
  0x2b, 0x34, 0x2f, 0x2f, 0x2b, 0x34, 0x2f, 0x2f, 0x2b, 0x33, 0x39, 0x2f, 0x39, 0x7a, 0x76, 0x2f,
  0x39, 0x79, 0x70, 0x2f, 0x39, 0x79, 0x72, 0x2f, 0x39, 0x52, 0x72, 0x2f, 0x2f, 0x54, 0x74, 0x2f,
  0x78, 0x4e, 0x6c, 0x76, 0x2b, 0x41, 0x4f, 0x61, 0x55, 0x41, 0x41, 0x41, 0x41, 0x41, 0x41, 0x41,
  0x41, 0x41, 0x41, 0x41, 0x41, 0x41, 0x41, 0x41, 0x41, 0x41, 0x41, 0x41, 0x41, 0x41, 0x41, 0x41,
  0x41, 0x66, 0x41, 0x41, 0x45, 0x41, 0x47, 0x42, 0x76, 0x44, 0x55, 0x74, 0x38, 0x78, 0x70, 0x2f,
  0x37, 0x54, 0x74, 0x2f, 0x35, 0x79, 0x72, 0x2f, 0x39, 0x7a, 0x74, 0x2f, 0x2b, 0x34, 0x2f, 0x2f,
  0x2f, 0x59, 0x2f, 0x2f, 0x2b, 0x34, 0x2f, 0x2f, 0x2b, 0x34, 0x2f, 0x2f, 0x2b, 0x34, 0x2f, 0x2f,
  0x2b, 0x34, 0x2f, 0x2f, 0x2b, 0x34, 0x2f, 0x2f, 0x2b, 0x34, 0x2f, 0x2f, 0x2b, 0x34, 0x2f, 0x2f,
  0x2b, 0x34, 0x2f, 0x2f, 0x2b, 0x34, 0x2f, 0x2f, 0x2f, 0x5a, 0x2f, 0x2f, 0x2b, 0x34, 0x39, 0x2f,
  0x39, 0x79, 0x72, 0x2f, 0x39, 0x79, 0x72, 0x2f, 0x2f, 0x54, 0x74, 0x2f, 0x34, 0x51, 0x70, 0x2f,
  0x35, 0x6a, 0x53, 0x74, 0x30, 0x41, 0x47, 0x42, 0x67, 0x50, 0x41, 0x41, 0x49, 0x41, 0x41, 0x41,
  0x41, 0x41, 0x41, 0x41, 0x41, 0x41, 0x41, 0x41, 0x41, 0x41, 0x41, 0x41, 0x41, 0x41, 0x41, 0x41,
  0x44, 0x67, 0x4f, 0x51, 0x51, 0x41, 0x41, 0x41, 0x43, 0x41, 0x4f, 0x59, 0x41, 0x6a, 0x57, 0x2f,
  0x31, 0x4f, 0x6c, 0x76, 0x73, 0x51, 0x70, 0x2f, 0x39, 0x7a, 0x74, 0x2f, 0x39, 0x31, 0x33, 0x2f,
  0x39, 0x32, 0x39, 0x2f, 0x2b, 0x34, 0x2f, 0x2f, 0x2b, 0x59, 0x2f, 0x2f, 0x2b, 0x34, 0x2f, 0x2f,
  0x2b, 0x34, 0x2f, 0x2f, 0x2b, 0x34, 0x2f, 0x2f, 0x2b, 0x34, 0x2f, 0x2f, 0x2b, 0x34, 0x2f, 0x2f,
  0x2b, 0x33, 0x2f, 0x2f, 0x2b, 0x34, 0x2f, 0x2f, 0x39, 0x57, 0x37, 0x2f, 0x39, 0x31, 0x33, 0x2f,
  0x39, 0x79, 0x74, 0x2f, 0x2f, 0x77, 0x6e, 0x76, 0x38, 0x74, 0x6a, 0x76, 0x73, 0x44, 0x57, 0x2f,
  0x31, 0x67, 0x4d, 0x58, 0x63, 0x41, 0x41, 0x41, 0x44, 0x67, 0x4f, 0x51, 0x51, 0x41, 0x41, 0x41,
  0x41, 0x41, 0x41, 0x41, 0x41, 0x41, 0x41, 0x41, 0x41, 0x41, 0x41, 0x41, 0x41, 0x41, 0x41, 0x41,
  0x44, 0x67, 0x4f, 0x77, 0x51, 0x41, 0x41, 0x41, 0x46, 0x43, 0x53, 0x71, 0x77, 0x4d, 0x6a, 0x76,
  0x2b, 0x6c, 0x59, 0x2f, 0x74, 0x48, 0x62, 0x50, 0x37, 0x54, 0x72, 0x2f, 0x37, 0x77, 0x6e, 0x76,
  0x39, 0x4a, 0x68, 0x50, 0x33, 0x35, 0x2f, 0x2f, 0x37, 0x36, 0x2f, 0x2f, 0x7a, 0x35, 0x2f, 0x2f,
  0x7a, 0x35, 0x2f, 0x2f, 0x7a, 0x35, 0x2f, 0x2f, 0x7a, 0x35, 0x2f, 0x2f, 0x7a, 0x35, 0x2f, 0x2f,
  0x7a, 0x36, 0x2f, 0x2f, 0x78, 0x33, 0x2f, 0x2f, 0x31, 0x6f, 0x64, 0x50, 0x31, 0x78, 0x70, 0x2f,
  0x2b, 0x53, 0x72, 0x2f, 0x36, 0x46, 0x59, 0x2f, 0x37, 0x6d, 0x59, 0x2f, 0x79, 0x72, 0x68, 0x66,
  0x2f, 0x69, 0x4f, 0x5a, 0x73, 0x41, 0x41, 0x41, 0x48, 0x67, 0x4f, 0x51, 0x51, 0x41, 0x41, 0x41,
  0x41, 0x41, 0x41, 0x41, 0x41, 0x41, 0x41, 0x41, 0x41, 0x41, 0x41, 0x41, 0x41, 0x41, 0x41, 0x41,
  0x41, 0x41, 0x65, 0x41, 0x49, 0x41, 0x41, 0x41, 0x48, 0x67, 0x4d, 0x44, 0x52, 0x6c, 0x57, 0x39,
  0x5a, 0x48, 0x62, 0x50, 0x35, 0x45, 0x57, 0x2f, 0x39, 0x78, 0x72, 0x2f, 0x2f, 0x54, 0x72, 0x2f,
  0x2f, 0x47, 0x59, 0x2f, 0x2b, 0x4c, 0x6e, 0x50, 0x39, 0x52, 0x7a, 0x76, 0x2b, 0x54, 0x31, 0x76,
  0x2f, 0x55, 0x35, 0x76, 0x2f, 0x30, 0x35, 0x76, 0x2f, 0x30, 0x35, 0x76, 0x2b, 0x7a, 0x33, 0x76,
  0x39, 0x52, 0x7a, 0x76, 0x2f, 0x70, 0x69, 0x2f, 0x2f, 0x49, 0x64, 0x50, 0x2f, 0x30, 0x74, 0x2f,
  0x2b, 0x76, 0x6e, 0x76, 0x2f, 0x43, 0x55, 0x76, 0x2f, 0x49, 0x64, 0x50, 0x30, 0x6b, 0x55, 0x38,
  0x39, 0x67, 0x47, 0x43, 0x6f, 0x66, 0x41, 0x41, 0x45, 0x41, 0x41, 0x41, 0x49, 0x41, 0x41, 0x41,
  0x41, 0x41, 0x41, 0x41, 0x41, 0x41, 0x41, 0x41, 0x41, 0x41, 0x41, 0x41, 0x41, 0x41, 0x41, 0x41,
  0x41, 0x41, 0x41, 0x41, 0x41, 0x41, 0x41, 0x41, 0x45, 0x41, 0x41, 0x41, 0x41, 0x41, 0x41, 0x41,
  0x77, 0x41, 0x47, 0x44, 0x6e, 0x41, 0x51, 0x58, 0x56, 0x6b, 0x57, 0x2b, 0x33, 0x46, 0x59, 0x2f,
  0x67, 0x42, 0x51, 0x71, 0x53, 0x67, 0x47, 0x46, 0x42, 0x41, 0x4d, 0x58, 0x71, 0x41, 0x4d, 0x5a,
  0x66, 0x68, 0x51, 0x61, 0x67, 0x42, 0x53, 0x72, 0x4c, 0x68, 0x4f, 0x61, 0x6d, 0x67, 0x4f, 0x5a,
  0x64, 0x41, 0x4d, 0x58, 0x64, 0x41, 0x45, 0x46, 0x4b, 0x43, 0x53, 0x72, 0x72, 0x6d, 0x61, 0x2f,
  0x6e, 0x44, 0x55, 0x74, 0x77, 0x41, 0x4d, 0x56, 0x6b, 0x67, 0x49, 0x44, 0x55, 0x41, 0x41, 0x41,
  0x59, 0x41, 0x41, 0x41, 0x41, 0x41, 0x41, 0x41, 0x45, 0x41, 0x41, 0x41, 0x41, 0x41, 0x41, 0x41,
  0x41, 0x41, 0x41, 0x41, 0x41, 0x41, 0x41, 0x41, 0x41, 0x41, 0x41, 0x41, 0x41, 0x41, 0x41, 0x41,
  0x41, 0x41, 0x41, 0x41, 0x41, 0x41, 0x41, 0x41, 0x41, 0x41, 0x41, 0x41, 0x41, 0x41, 0x41, 0x41,
  0x41, 0x41, 0x41, 0x41, 0x41, 0x41, 0x41, 0x41, 0x41, 0x41, 0x41, 0x41, 0x41, 0x41, 0x41, 0x41,
  0x41, 0x41, 0x41, 0x41, 0x41, 0x41, 0x41, 0x41, 0x41, 0x41, 0x41, 0x41, 0x41, 0x41, 0x41, 0x41,
  0x41, 0x41, 0x41, 0x41, 0x41, 0x41, 0x41, 0x41, 0x41, 0x41, 0x41, 0x41, 0x41, 0x41, 0x41, 0x41,
  0x41, 0x41, 0x41, 0x41, 0x41, 0x41, 0x41, 0x41, 0x41, 0x41, 0x41, 0x41, 0x41, 0x41, 0x41, 0x41,
  0x41, 0x41, 0x41, 0x41, 0x41, 0x41, 0x41, 0x41, 0x41, 0x41, 0x41, 0x41, 0x41, 0x41, 0x41, 0x41,
  0x41, 0x41, 0x41, 0x41, 0x41, 0x41, 0x41, 0x41, 0x41, 0x41, 0x41, 0x41, 0x41, 0x41, 0x41, 0x41,
  0x41, 0x41, 0x41, 0x41, 0x41, 0x41, 0x41, 0x41, 0x41, 0x41, 0x41, 0x41, 0x41, 0x41, 0x41, 0x41,
  0x41, 0x41, 0x41, 0x41, 0x41, 0x41, 0x41, 0x41, 0x41, 0x41, 0x41, 0x41, 0x41, 0x41, 0x41, 0x41,
  0x41, 0x41, 0x41, 0x41, 0x41, 0x41, 0x41, 0x41, 0x41, 0x41, 0x41, 0x41, 0x41, 0x41, 0x41, 0x41,
  0x41, 0x41, 0x41, 0x41, 0x41, 0x41, 0x41, 0x41, 0x41, 0x41, 0x41, 0x41, 0x41, 0x41, 0x41, 0x41,
  0x41, 0x41, 0x41, 0x41, 0x41, 0x41, 0x41, 0x41, 0x41, 0x41, 0x41, 0x41, 0x41, 0x41, 0x41, 0x41,
  0x41, 0x41, 0x41, 0x41, 0x41, 0x41, 0x41, 0x41, 0x41, 0x41, 0x41, 0x41, 0x41, 0x41, 0x41, 0x41,
  0x41, 0x41, 0x41, 0x41, 0x41, 0x41, 0x41, 0x41, 0x41, 0x41, 0x41, 0x41, 0x41, 0x41, 0x41, 0x41,
  0x41, 0x41, 0x41, 0x41, 0x41, 0x41, 0x41, 0x41, 0x41, 0x41, 0x41, 0x41, 0x41, 0x41, 0x41, 0x41,
  0x41, 0x41, 0x41, 0x41, 0x41, 0x41, 0x41, 0x41, 0x41, 0x41, 0x41, 0x41, 0x41, 0x41, 0x41, 0x41,
  0x41, 0x41, 0x41, 0x41, 0x41, 0x41, 0x41, 0x41, 0x41, 0x41, 0x41, 0x41, 0x41, 0x41, 0x41, 0x41,
  0x41, 0x41, 0x41, 0x41, 0x41, 0x41, 0x41, 0x41, 0x41, 0x41, 0x41, 0x41, 0x41, 0x41, 0x41, 0x41,
  0x41, 0x41, 0x41, 0x41, 0x41, 0x41, 0x41, 0x41, 0x41, 0x41, 0x41, 0x41, 0x41, 0x41, 0x41, 0x41,
  0x41, 0x41, 0x41, 0x41, 0x41, 0x41, 0x41, 0x41, 0x41, 0x41, 0x41, 0x41, 0x41, 0x41, 0x41, 0x41,
  0x41, 0x41, 0x41, 0x41, 0x41, 0x41, 0x41, 0x41, 0x41, 0x41, 0x41, 0x41, 0x41, 0x41, 0x41, 0x41,
  0x41, 0x41, 0x41, 0x41, 0x41, 0x41, 0x41, 0x41, 0x41, 0x41, 0x41, 0x41, 0x41, 0x41, 0x41, 0x41,
  0x41, 0x41, 0x41, 0x41, 0x41, 0x41, 0x41, 0x41, 0x41, 0x41, 0x41, 0x41, 0x41, 0x41, 0x41, 0x41,
  0x41, 0x41, 0x41, 0x41, 0x41, 0x41, 0x41, 0x41, 0x41, 0x41, 0x41, 0x41, 0x41, 0x41, 0x41, 0x41,
  0x41, 0x41, 0x41, 0x41, 0x41, 0x41, 0x41, 0x41, 0x41, 0x41, 0x41, 0x41, 0x41, 0x41, 0x41, 0x41,
  0x41, 0x41, 0x41, 0x41, 0x41, 0x41, 0x41, 0x41, 0x41, 0x41, 0x41, 0x41, 0x41, 0x41, 0x41, 0x41,
  0x41, 0x41, 0x41, 0x41, 0x41, 0x41, 0x41, 0x41, 0x41, 0x41, 0x41, 0x41, 0x41, 0x41, 0x41, 0x41,
  0x41, 0x41, 0x41, 0x41, 0x41, 0x41, 0x41, 0x41, 0x41, 0x41, 0x41, 0x41, 0x41, 0x41, 0x41, 0x41,
  0x41, 0x41, 0x41, 0x41, 0x41, 0x41, 0x41, 0x41, 0x41, 0x41, 0x41, 0x41, 0x41, 0x41, 0x41, 0x41,
  0x41, 0x41, 0x41, 0x41, 0x41, 0x41, 0x41, 0x41, 0x41, 0x41, 0x41, 0x41, 0x41, 0x41, 0x41, 0x41,
  0x41, 0x41, 0x41, 0x41, 0x41, 0x41, 0x41, 0x41, 0x41, 0x41, 0x41, 0x41, 0x41, 0x41, 0x41, 0x41,
  0x41, 0x41, 0x41, 0x41, 0x41, 0x41, 0x41, 0x41, 0x41, 0x41, 0x41, 0x41, 0x41, 0x41, 0x41, 0x41,
  0x41, 0x41, 0x41, 0x41, 0x41, 0x41, 0x41, 0x41, 0x41, 0x41, 0x41, 0x41, 0x41, 0x41, 0x41, 0x41,
  0x41, 0x41, 0x41, 0x41, 0x41, 0x41, 0x41, 0x41, 0x41, 0x41, 0x41, 0x41, 0x41, 0x41, 0x41, 0x41,
  0x41, 0x41, 0x41, 0x41, 0x41, 0x41, 0x41, 0x41, 0x49, 0x41, 0x41, 0x41, 0x41, 0x41, 0x41, 0x41,
  0x44, 0x68, 0x53, 0x59, 0x62, 0x6c, 0x69, 0x75, 0x79, 0x45, 0x61, 0x73, 0x2f, 0x41, 0x47, 0x43,
  0x55, 0x41, 0x41, 0x41, 0x44, 0x67, 0x2f, 0x77, 0x45, 0x41, 0x41, 0x41, 0x41, 0x41, 0x41, 0x41,
  0x41, 0x41, 0x41, 0x41, 0x41, 0x41, 0x41, 0x41, 0x41, 0x41, 0x41, 0x41, 0x41, 0x41, 0x41, 0x41,
  0x41, 0x41, 0x41, 0x41, 0x41, 0x41, 0x41, 0x41, 0x41, 0x41, 0x41, 0x41, 0x41, 0x41, 0x41, 0x41,
  0x41, 0x41, 0x41, 0x41, 0x41, 0x41, 0x41, 0x41, 0x41, 0x41, 0x41, 0x41, 0x41, 0x41, 0x41, 0x41,
  0x41, 0x41, 0x41, 0x41, 0x41, 0x41, 0x41, 0x41, 0x41, 0x41, 0x41, 0x41, 0x41, 0x41, 0x41, 0x41,
  0x41, 0x41, 0x41, 0x41, 0x41, 0x41, 0x41, 0x41, 0x43, 0x67, 0x55, 0x67, 0x4f, 0x67, 0x55, 0x67,
  0x50, 0x67, 0x2f, 0x77, 0x45, 0x41, 0x41, 0x41, 0x43, 0x41, 0x49, 0x54, 0x52, 0x41, 0x49, 0x58,
  0x56, 0x48, 0x6d, 0x2f, 0x2f, 0x77, 0x2f, 0x50, 0x39, 0x74, 0x37, 0x50, 0x2f, 0x42, 0x51, 0x62,
  0x32, 0x67, 0x4b, 0x55, 0x63, 0x41, 0x41, 0x41, 0x66, 0x67, 0x2f, 0x77, 0x46, 0x41, 0x56, 0x51,
  0x50, 0x67, 0x4f, 0x51, 0x51, 0x41, 0x41, 0x41, 0x45, 0x41, 0x41, 0x41, 0x41, 0x41, 0x41, 0x41,
  0x41, 0x41, 0x41, 0x41, 0x41, 0x41, 0x41, 0x41, 0x41, 0x41, 0x41, 0x41, 0x41, 0x41, 0x41, 0x41,
  0x41, 0x41, 0x41, 0x41, 0x41, 0x41, 0x41, 0x41, 0x41, 0x41, 0x41, 0x41, 0x41, 0x41, 0x41, 0x41,
  0x41, 0x41, 0x41, 0x41, 0x41, 0x41, 0x41, 0x41, 0x41, 0x41, 0x41, 0x41, 0x41, 0x41, 0x41, 0x41,
  0x41, 0x41, 0x41, 0x41, 0x44, 0x67, 0x42, 0x77, 0x45, 0x41, 0x41, 0x41, 0x41, 0x41, 0x41, 0x41,
  0x41, 0x41, 0x41, 0x41, 0x41, 0x67, 0x49, 0x55, 0x6f, 0x6d, 0x6d, 0x2f, 0x2f, 0x72, 0x79, 0x2f,
  0x38, 0x4e, 0x35, 0x50, 0x35, 0x76, 0x2f, 0x50, 0x35, 0x76, 0x2f, 0x50, 0x30, 0x4c, 0x7a, 0x50,
  0x38, 0x4b, 0x78, 0x50, 0x38, 0x69, 0x55, 0x71, 0x6b, 0x41, 0x41, 0x41, 0x41, 0x41, 0x41, 0x41,
  0x41, 0x41, 0x41, 0x41, 0x41, 0x41, 0x41, 0x41, 0x41, 0x41, 0x41, 0x41, 0x49, 0x41, 0x41, 0x41,
  0x41, 0x41, 0x41, 0x41, 0x41, 0x41, 0x41, 0x41, 0x41, 0x41, 0x41, 0x41, 0x41, 0x41, 0x41, 0x41,
  0x41, 0x41, 0x41, 0x41, 0x41, 0x41, 0x41, 0x41, 0x41, 0x41, 0x41, 0x41, 0x41, 0x41, 0x41, 0x41,
  0x41, 0x41, 0x41, 0x41, 0x41, 0x41, 0x41, 0x41, 0x41, 0x41, 0x41, 0x41, 0x41, 0x41, 0x41, 0x41,
  0x45, 0x41, 0x41, 0x41, 0x41, 0x41, 0x41, 0x41, 0x41, 0x67, 0x4f, 0x56, 0x52, 0x42, 0x53, 0x72,
  0x48, 0x43, 0x53, 0x73, 0x35, 0x42, 0x55, 0x75, 0x78, 0x76, 0x2f, 0x50, 0x2b, 0x77, 0x2f, 0x50,
  0x72, 0x76, 0x2f, 0x50, 0x39, 0x75, 0x2f, 0x76, 0x2b, 0x76, 0x2f, 0x66, 0x2b, 0x51, 0x2f, 0x50,
  0x33, 0x78, 0x2f, 0x50, 0x30, 0x47, 0x6b, 0x2f, 0x2b, 0x42, 0x51, 0x73, 0x72, 0x43, 0x55, 0x72,
  0x79, 0x67, 0x51, 0x58, 0x63, 0x41, 0x41, 0x41, 0x30, 0x41, 0x41, 0x41, 0x41, 0x41, 0x41, 0x41,
  0x45, 0x41, 0x41, 0x41, 0x41, 0x41, 0x41, 0x41, 0x41, 0x41, 0x41, 0x41, 0x41, 0x41, 0x41, 0x41,
  0x41, 0x41, 0x41, 0x41, 0x41, 0x41, 0x41, 0x41, 0x41, 0x41, 0x41, 0x41, 0x41, 0x41, 0x41, 0x41,
  0x41, 0x41, 0x41, 0x41, 0x41, 0x41, 0x41, 0x41, 0x41, 0x41, 0x41, 0x41, 0x45, 0x41, 0x41, 0x41,
  0x4b, 0x69, 0x51, 0x41, 0x73, 0x42, 0x51, 0x71, 0x6b, 0x6b, 0x5a, 0x50, 0x39, 0x6e, 0x64, 0x66,
  0x2f, 0x6f, 0x64, 0x66, 0x38, 0x6b, 0x58, 0x50, 0x38, 0x6e, 0x6f, 0x2f, 0x34, 0x75, 0x37, 0x50,
  0x39, 0x50, 0x2f, 0x66, 0x38, 0x75, 0x2f, 0x2f, 0x38, 0x4f, 0x2f, 0x76, 0x39, 0x50, 0x2f, 0x50,
  0x2f, 0x73, 0x30, 0x2f, 0x38, 0x6b, 0x61, 0x2f, 0x36, 0x48, 0x62, 0x66, 0x2b, 0x6f, 0x66, 0x66,
  0x2f, 0x47, 0x62, 0x50, 0x2f, 0x43, 0x53, 0x74, 0x53, 0x41, 0x4f, 0x53, 0x38, 0x41, 0x41, 0x41,
  0x45, 0x41, 0x41, 0x41, 0x49, 0x41, 0x41, 0x41, 0x41, 0x41, 0x41, 0x41, 0x41, 0x41, 0x41, 0x41,
  0x41, 0x41, 0x41, 0x41, 0x41, 0x41, 0x41, 0x41, 0x41, 0x41, 0x41, 0x41, 0x41, 0x41, 0x41, 0x41,
  0x41, 0x41, 0x41, 0x41, 0x41, 0x41, 0x41, 0x41, 0x41, 0x41, 0x41, 0x41, 0x45, 0x41, 0x41, 0x41,
  0x42, 0x67, 0x4f, 0x42, 0x58, 0x43, 0x55, 0x76, 0x73, 0x70, 0x66, 0x76, 0x33, 0x49, 0x64, 0x66,
  0x71, 0x49, 0x64, 0x66, 0x32, 0x6f, 0x64, 0x66, 0x34, 0x69, 0x55, 0x2f, 0x2f, 0x73, 0x34, 0x2f,
  0x2b, 0x50, 0x2f, 0x50, 0x38, 0x50, 0x2f, 0x66, 0x2b, 0x50, 0x2f, 0x50, 0x39, 0x76, 0x2f, 0x50,
  0x2f, 0x6b, 0x65, 0x76, 0x2f, 0x6c, 0x58, 0x50, 0x2b, 0x6f, 0x64, 0x66, 0x32, 0x48, 0x64, 0x66,
  0x78, 0x4a, 0x66, 0x76, 0x69, 0x6c, 0x62, 0x50, 0x39, 0x67, 0x4d, 0x58, 0x34, 0x41, 0x41, 0x41,
  0x44, 0x67, 0x4f, 0x51, 0x51, 0x41, 0x41, 0x41, 0x41, 0x41, 0x41, 0x41, 0x41, 0x41, 0x41, 0x41,
  0x41, 0x41, 0x41, 0x41, 0x41, 0x41, 0x41, 0x41, 0x41, 0x41, 0x41, 0x41, 0x41, 0x41, 0x41, 0x41,
  0x41, 0x41, 0x41, 0x41, 0x41, 0x41, 0x41, 0x41, 0x41, 0x41, 0x41, 0x41, 0x43, 0x41, 0x4d, 0x51,
  0x55, 0x41, 0x41, 0x41, 0x44, 0x41, 0x4d, 0x46, 0x49, 0x69, 0x55, 0x2f, 0x32, 0x48, 0x64, 0x66,
  0x79, 0x6f, 0x64, 0x66, 0x2f, 0x49, 0x64, 0x66, 0x38, 0x6a, 0x59, 0x2f, 0x2f, 0x74, 0x38, 0x2f,
  0x2b, 0x51, 0x2f, 0x50, 0x39, 0x71, 0x79, 0x2f, 0x38, 0x75, 0x39, 0x50, 0x2b, 0x51, 0x2f, 0x50,
  0x2f, 0x46, 0x69, 0x76, 0x38, 0x47, 0x5a, 0x66, 0x2f, 0x4a, 0x66, 0x66, 0x2b, 0x6f, 0x64, 0x66,
  0x32, 0x46, 0x5a, 0x50, 0x2f, 0x68, 0x4f, 0x62, 0x73, 0x66, 0x41, 0x41, 0x48, 0x67, 0x4f, 0x51,
  0x51, 0x41, 0x41, 0x41, 0x45, 0x41, 0x41, 0x41, 0x41, 0x41, 0x41, 0x41, 0x41, 0x41, 0x41, 0x41,
  0x41, 0x41, 0x41, 0x41, 0x41, 0x41, 0x41, 0x41, 0x41, 0x41, 0x41, 0x41, 0x41, 0x41, 0x41, 0x41,
  0x41, 0x41, 0x41, 0x41, 0x41, 0x41, 0x41, 0x41, 0x43, 0x67, 0x55, 0x67, 0x4d, 0x41, 0x41, 0x41,
  0x41, 0x41, 0x4b, 0x42, 0x30, 0x42, 0x53, 0x71, 0x30, 0x6d, 0x62, 0x50, 0x33, 0x46, 0x59, 0x2f,
  0x37, 0x45, 0x57, 0x2f, 0x2f, 0x45, 0x57, 0x2f, 0x2b, 0x6c, 0x57, 0x2f, 0x2b, 0x6d, 0x67, 0x2f,
  0x39, 0x47, 0x6b, 0x2f, 0x38, 0x47, 0x5a, 0x50, 0x2b, 0x47, 0x69, 0x2f, 0x39, 0x48, 0x6b, 0x2f,
  0x2b, 0x6c, 0x59, 0x2f, 0x2f, 0x45, 0x59, 0x2f, 0x2f, 0x45, 0x57, 0x2f, 0x39, 0x6b, 0x55, 0x2f,
  0x33, 0x6d, 0x61, 0x2f, 0x35, 0x69, 0x53, 0x73, 0x6f, 0x67, 0x49, 0x44, 0x4d, 0x41, 0x41, 0x41,
  0x43, 0x67, 0x55, 0x67, 0x4d, 0x41, 0x41, 0x41, 0x41, 0x41, 0x41, 0x41, 0x41, 0x41, 0x41, 0x41,
  0x41, 0x41, 0x41, 0x41, 0x41, 0x41, 0x41, 0x41, 0x41, 0x41, 0x41, 0x41, 0x41, 0x41, 0x41, 0x41,
  0x41, 0x41, 0x41, 0x41, 0x41, 0x41, 0x65, 0x41, 0x49, 0x41, 0x41, 0x41, 0x42, 0x41, 0x4b, 0x44,
  0x47, 0x6a, 0x55, 0x75, 0x53, 0x4f, 0x6e, 0x76, 0x2f, 0x54, 0x72, 0x2f, 0x35, 0x52, 0x70, 0x2f,
  0x2b, 0x50, 0x6e, 0x76, 0x2b, 0x50, 0x6e, 0x76, 0x39, 0x79, 0x72, 0x2f, 0x39, 0x52, 0x70, 0x2f,
  0x2f, 0x50, 0x6c, 0x76, 0x2b, 0x7a, 0x72, 0x2f, 0x38, 0x51, 0x6e, 0x2f, 0x2f, 0x76, 0x6c, 0x76,
  0x2b, 0x53, 0x72, 0x2f, 0x2b, 0x76, 0x6e, 0x76, 0x39, 0x4f, 0x6c, 0x76, 0x2f, 0x51, 0x6e, 0x76,
  0x2b, 0x7a, 0x72, 0x2f, 0x34, 0x51, 0x70, 0x2f, 0x39, 0x46, 0x57, 0x2f, 0x69, 0x41, 0x4b, 0x46,
  0x41, 0x41, 0x41, 0x41, 0x43, 0x67, 0x55, 0x67, 0x4d, 0x41, 0x41, 0x41, 0x41, 0x41, 0x41, 0x41,
  0x41, 0x41, 0x41, 0x41, 0x41, 0x41, 0x41, 0x41, 0x41, 0x41, 0x41, 0x41, 0x41, 0x41, 0x41, 0x41,
  0x41, 0x41, 0x65, 0x41, 0x49, 0x41, 0x41, 0x41, 0x41, 0x41, 0x49, 0x43, 0x4c, 0x44, 0x55, 0x75,
  0x6b, 0x77, 0x70, 0x2f, 0x2f, 0x54, 0x72, 0x2f, 0x74, 0x52, 0x70, 0x2f, 0x39, 0x79, 0x72, 0x2f,
  0x2b, 0x53, 0x72, 0x2f, 0x2b, 0x53, 0x72, 0x2f, 0x39, 0x79, 0x72, 0x2f, 0x39, 0x79, 0x72, 0x2f,
  0x2b, 0x53, 0x72, 0x2f, 0x39, 0x53, 0x72, 0x2f, 0x39, 0x79, 0x72, 0x2f, 0x2b, 0x53, 0x72, 0x2f,
  0x39, 0x53, 0x72, 0x2f, 0x2b, 0x53, 0x72, 0x2f, 0x2b, 0x7a, 0x72, 0x2f, 0x2b, 0x53, 0x72, 0x2f,
  0x39, 0x53, 0x72, 0x2f, 0x2b, 0x54, 0x72, 0x2f, 0x79, 0x79, 0x72, 0x2f, 0x39, 0x6c, 0x57, 0x2f,
  0x78, 0x67, 0x49, 0x45, 0x49, 0x41, 0x41, 0x41, 0x43, 0x67, 0x55, 0x67, 0x4d, 0x41, 0x41, 0x41,
  0x41, 0x41, 0x41, 0x41, 0x41, 0x41, 0x41, 0x41, 0x41, 0x41, 0x41, 0x41, 0x41, 0x41, 0x41, 0x41,
  0x43, 0x67, 0x55, 0x67, 0x4d, 0x48, 0x41, 0x41, 0x51, 0x42, 0x51, 0x73, 0x6e, 0x50, 0x6e, 0x76,
  0x2b, 0x7a, 0x72, 0x2f, 0x74, 0x53, 0x72, 0x2f, 0x39, 0x79, 0x72, 0x2f, 0x39, 0x79, 0x72, 0x2f,
  0x39, 0x79, 0x72, 0x2f, 0x39, 0x79, 0x72, 0x2f, 0x39, 0x79, 0x72, 0x2f, 0x39, 0x79, 0x72, 0x2f,
  0x39, 0x79, 0x72, 0x2f, 0x39, 0x79, 0x72, 0x2f, 0x39, 0x79, 0x72, 0x2f, 0x39, 0x79, 0x72, 0x2f,
  0x39, 0x79, 0x72, 0x2f, 0x39, 0x79, 0x72, 0x2f, 0x39, 0x79, 0x72, 0x2f, 0x39, 0x79, 0x72, 0x2f,
  0x39, 0x79, 0x72, 0x2f, 0x39, 0x53, 0x70, 0x2f, 0x2b, 0x53, 0x72, 0x2f, 0x78, 0x78, 0x70, 0x2f,
  0x2b, 0x6a, 0x55, 0x75, 0x59, 0x41, 0x43, 0x42, 0x4c, 0x76, 0x65, 0x77, 0x49, 0x41, 0x41, 0x41,
  0x41, 0x41, 0x41, 0x41, 0x41, 0x41, 0x41, 0x41, 0x41, 0x41, 0x41, 0x41, 0x41, 0x41, 0x41, 0x41,
  0x41, 0x41, 0x41, 0x41, 0x44, 0x41, 0x4d, 0x47, 0x63, 0x71, 0x68, 0x66, 0x2f, 0x7a, 0x74, 0x2f,
  0x70, 0x52, 0x70, 0x2f, 0x39, 0x79, 0x72, 0x2f, 0x39, 0x79, 0x72, 0x2f, 0x39, 0x79, 0x72, 0x2f,
  0x39, 0x79, 0x72, 0x2f, 0x39, 0x79, 0x72, 0x2f, 0x39, 0x79, 0x72, 0x2f, 0x39, 0x79, 0x72, 0x2f,
  0x39, 0x79, 0x72, 0x2f, 0x39, 0x79, 0x72, 0x2f, 0x39, 0x79, 0x72, 0x2f, 0x39, 0x79, 0x72, 0x2f,
  0x39, 0x79, 0x72, 0x2f, 0x39, 0x79, 0x72, 0x2f, 0x39, 0x79, 0x72, 0x2f, 0x39, 0x79, 0x72, 0x2f,
  0x39, 0x79, 0x72, 0x2f, 0x39, 0x79, 0x72, 0x2f, 0x39, 0x52, 0x70, 0x2f, 0x2f, 0x54, 0x72, 0x2f,
  0x76, 0x73, 0x6a, 0x66, 0x38, 0x67, 0x4d, 0x59, 0x73, 0x41, 0x41, 0x41, 0x41, 0x41, 0x41, 0x41,
  0x41, 0x41, 0x41, 0x41, 0x41, 0x41, 0x41, 0x41, 0x41, 0x41, 0x41, 0x41, 0x41, 0x41, 0x41, 0x41,
  0x41, 0x41, 0x41, 0x41, 0x6d, 0x44, 0x55, 0x74, 0x74, 0x78, 0x70, 0x2f, 0x35, 0x79, 0x72, 0x2f,
  0x31, 0x79, 0x72, 0x2f, 0x39, 0x53, 0x72, 0x2f, 0x39, 0x53, 0x72, 0x2f, 0x39, 0x53, 0x72, 0x2f,
  0x39, 0x79, 0x72, 0x2f, 0x39, 0x79, 0x72, 0x2f, 0x39, 0x79, 0x72, 0x2f, 0x39, 0x79, 0x72, 0x2f,
  0x39, 0x79, 0x72, 0x2f, 0x39, 0x79, 0x72, 0x2f, 0x39, 0x79, 0x72, 0x2f, 0x39, 0x79, 0x72, 0x2f,
  0x39, 0x79, 0x72, 0x2f, 0x39, 0x79, 0x72, 0x2f, 0x39, 0x79, 0x72, 0x2f, 0x39, 0x53, 0x72, 0x2f,
  0x39, 0x53, 0x72, 0x2f, 0x39, 0x53, 0x72, 0x2f, 0x39, 0x79, 0x72, 0x2f, 0x39, 0x53, 0x72, 0x2f,
  0x36, 0x79, 0x72, 0x2f, 0x34, 0x6b, 0x55, 0x2b, 0x34, 0x41, 0x45, 0x42, 0x63, 0x41, 0x41, 0x41,
  0x41, 0x41, 0x41, 0x41, 0x41, 0x41, 0x41, 0x41, 0x41, 0x41, 0x41, 0x41, 0x41, 0x41, 0x41, 0x41,
  0x42, 0x41, 0x4b, 0x45, 0x75, 0x70, 0x64, 0x50, 0x2f, 0x54, 0x72, 0x2f, 0x35, 0x52, 0x70, 0x2f,
  0x39, 0x79, 0x72, 0x2f, 0x2f, 0x54, 0x74, 0x2f, 0x2f, 0x54, 0x74, 0x2f, 0x2f, 0x54, 0x74, 0x2f,
  0x39, 0x79, 0x72, 0x2f, 0x39, 0x79, 0x72, 0x2f, 0x39, 0x79, 0x72, 0x2f, 0x39, 0x79, 0x72, 0x2f,
  0x39, 0x53, 0x72, 0x2f, 0x39, 0x79, 0x72, 0x2f, 0x39, 0x53, 0x72, 0x2f, 0x39, 0x79, 0x72, 0x2f,
  0x39, 0x79, 0x72, 0x2f, 0x39, 0x79, 0x72, 0x2f, 0x39, 0x53, 0x72, 0x2f, 0x2f, 0x54, 0x74, 0x2f,
  0x2f, 0x54, 0x74, 0x2f, 0x2f, 0x54, 0x74, 0x2f, 0x2b, 0x53, 0x72, 0x2f, 0x39, 0x52, 0x70, 0x2f,
  0x2f, 0x54, 0x72, 0x2f, 0x31, 0x4b, 0x66, 0x66, 0x2f, 0x41, 0x4d, 0x47, 0x6b, 0x41, 0x41, 0x41,
  0x41, 0x41, 0x41, 0x41, 0x41, 0x41, 0x41, 0x41, 0x41, 0x41, 0x41, 0x41, 0x41, 0x41, 0x41, 0x41,
  0x43, 0x41, 0x4f, 0x5a, 0x68, 0x4e, 0x6c, 0x76, 0x36, 0x79, 0x72, 0x2f, 0x78, 0x79, 0x72, 0x2f,
  0x39, 0x52, 0x70, 0x2f, 0x38, 0x4b, 0x66, 0x66, 0x38, 0x6f, 0x62, 0x50, 0x39, 0x72, 0x68, 0x66,
  0x2b, 0x53, 0x72, 0x2f, 0x39, 0x79, 0x72, 0x2f, 0x39, 0x79, 0x72, 0x2f, 0x39, 0x53, 0x72, 0x2f,
  0x2b, 0x79, 0x72, 0x2f, 0x39, 0x79, 0x72, 0x2f, 0x2b, 0x7a, 0x72, 0x2f, 0x39, 0x79, 0x72, 0x2f,
  0x39, 0x79, 0x72, 0x2f, 0x39, 0x79, 0x72, 0x2f, 0x2b, 0x79, 0x72, 0x2f, 0x2b, 0x73, 0x68, 0x66,
  0x39, 0x48, 0x62, 0x50, 0x2b, 0x70, 0x64, 0x50, 0x38, 0x51, 0x70, 0x2f, 0x2b, 0x53, 0x72, 0x2f,
  0x2b, 0x53, 0x72, 0x2f, 0x79, 0x76, 0x6e, 0x76, 0x37, 0x68, 0x4f, 0x62, 0x51, 0x41, 0x41, 0x41,
  0x41, 0x41, 0x41, 0x41, 0x41, 0x41, 0x41, 0x41, 0x41, 0x41, 0x41, 0x41, 0x41, 0x41, 0x41, 0x41,
  0x42, 0x69, 0x53, 0x73, 0x77, 0x51, 0x6e, 0x2f, 0x2b, 0x53, 0x72, 0x2f, 0x30, 0x78, 0x6e, 0x2f,
  0x2b, 0x46, 0x57, 0x2f, 0x39, 0x6f, 0x64, 0x50, 0x2f, 0x74, 0x6a, 0x66, 0x38, 0x47, 0x62, 0x50,
  0x38, 0x6e, 0x62, 0x50, 0x2b, 0x53, 0x72, 0x2f, 0x39, 0x79, 0x72, 0x2f, 0x2b, 0x7a, 0x72, 0x2f,
  0x2f, 0x73, 0x6a, 0x66, 0x38, 0x51, 0x6e, 0x2f, 0x2b, 0x73, 0x68, 0x66, 0x2b, 0x53, 0x72, 0x2f,
  0x39, 0x79, 0x72, 0x2f, 0x2b, 0x7a, 0x72, 0x2f, 0x2b, 0x6f, 0x64, 0x50, 0x2b, 0x46, 0x57, 0x2f,
  0x2f, 0x4d, 0x6a, 0x66, 0x2f, 0x4a, 0x66, 0x50, 0x39, 0x45, 0x55, 0x2f, 0x2f, 0x77, 0x6e, 0x76,
  0x2b, 0x53, 0x72, 0x2f, 0x34, 0x78, 0x70, 0x2f, 0x2b, 0x6a, 0x53, 0x75, 0x45, 0x41, 0x41, 0x41,
  0x41, 0x41, 0x41, 0x41, 0x41, 0x41, 0x41, 0x41, 0x41, 0x41, 0x41, 0x41, 0x41, 0x41, 0x41, 0x41,
  0x44, 0x44, 0x55, 0x75, 0x70, 0x52, 0x70, 0x2f, 0x2f, 0x54, 0x72, 0x2f, 0x36, 0x4d, 0x6c, 0x66,
  0x2b, 0x4a, 0x68, 0x50, 0x2f, 0x30, 0x74, 0x2f, 0x2b, 0x7a, 0x72, 0x2f, 0x2f, 0x54, 0x72, 0x2f,
  0x2b, 0x6f, 0x64, 0x50, 0x2f, 0x51, 0x6e, 0x76, 0x39, 0x79, 0x72, 0x2f, 0x39, 0x75, 0x6c, 0x76,
  0x2f, 0x50, 0x6e, 0x76, 0x2b, 0x52, 0x70, 0x2f, 0x2f, 0x50, 0x6e, 0x76, 0x39, 0x4f, 0x6c, 0x76,
  0x39, 0x79, 0x72, 0x2f, 0x38, 0x52, 0x70, 0x2f, 0x39, 0x6f, 0x64, 0x50, 0x2b, 0x79, 0x72, 0x2f,
  0x2f, 0x53, 0x72, 0x2f, 0x2f, 0x30, 0x74, 0x2f, 0x38, 0x72, 0x6a, 0x66, 0x39, 0x4c, 0x6a, 0x66,
  0x2f, 0x7a, 0x72, 0x2f, 0x39, 0x78, 0x72, 0x2f, 0x38, 0x45, 0x55, 0x2f, 0x4d, 0x41, 0x41, 0x41,
  0x41, 0x41, 0x41, 0x41, 0x41, 0x41, 0x41, 0x41, 0x41, 0x41, 0x41, 0x41, 0x41, 0x41, 0x41, 0x41,
  0x41, 0x45, 0x57, 0x2f, 0x4f, 0x52, 0x70, 0x2f, 0x2f, 0x52, 0x76, 0x76, 0x38, 0x51, 0x39, 0x66,
  0x2f, 0x77, 0x2f, 0x50, 0x2f, 0x78, 0x31, 0x66, 0x39, 0x78, 0x70, 0x2f, 0x39, 0x53, 0x72, 0x2f,
  0x2b, 0x53, 0x72, 0x2f, 0x39, 0x53, 0x72, 0x2f, 0x2b, 0x53, 0x72, 0x2f, 0x2b, 0x70, 0x64, 0x50,
  0x39, 0x48, 0x62, 0x50, 0x38, 0x4a, 0x66, 0x66, 0x39, 0x48, 0x62, 0x50, 0x2b, 0x49, 0x64, 0x50,
  0x2b, 0x53, 0x72, 0x2f, 0x39, 0x52, 0x72, 0x2f, 0x2b, 0x53, 0x72, 0x2f, 0x39, 0x78, 0x72, 0x2f,
  0x39, 0x78, 0x70, 0x2f, 0x2f, 0x78, 0x31, 0x66, 0x38, 0x51, 0x2f, 0x66, 0x38, 0x51, 0x2f, 0x66,
  0x2f, 0x52, 0x76, 0x76, 0x2b, 0x53, 0x70, 0x2f, 0x39, 0x46, 0x57, 0x2f, 0x55, 0x41, 0x41, 0x41,
  0x41, 0x41, 0x41, 0x41, 0x41, 0x41, 0x41, 0x41, 0x41, 0x41, 0x41, 0x41, 0x41, 0x41, 0x41, 0x41,
  0x44, 0x44, 0x55, 0x75, 0x64, 0x78, 0x6e, 0x2f, 0x2f, 0x78, 0x33, 0x66, 0x36, 0x51, 0x2f, 0x50,
  0x2f, 0x51, 0x2f, 0x50, 0x2b, 0x77, 0x2f, 0x50, 0x38, 0x52, 0x74, 0x2f, 0x39, 0x79, 0x70, 0x2f,
  0x39, 0x53, 0x72, 0x2f, 0x39, 0x79, 0x72, 0x2f, 0x39, 0x79, 0x72, 0x2f, 0x2b, 0x79, 0x72, 0x2f,
  0x39, 0x76, 0x6e, 0x76, 0x2f, 0x74, 0x6a, 0x66, 0x39, 0x4f, 0x6c, 0x76, 0x2b, 0x53, 0x72, 0x2f,
  0x39, 0x79, 0x72, 0x2f, 0x39, 0x79, 0x72, 0x2f, 0x39, 0x53, 0x72, 0x2f, 0x39, 0x79, 0x70, 0x2f,
  0x38, 0x79, 0x72, 0x2f, 0x2b, 0x77, 0x2f, 0x50, 0x2b, 0x77, 0x2f, 0x50, 0x39, 0x77, 0x2f, 0x50,
  0x2f, 0x52, 0x33, 0x66, 0x2b, 0x52, 0x70, 0x2f, 0x2f, 0x6b, 0x55, 0x75, 0x38, 0x41, 0x41, 0x41,
  0x41, 0x41, 0x41, 0x41, 0x41, 0x41, 0x41, 0x41, 0x41, 0x41, 0x41, 0x41, 0x41, 0x41, 0x41, 0x41,
  0x41, 0x68, 0x53, 0x73, 0x58, 0x76, 0x6e, 0x76, 0x38, 0x53, 0x76, 0x2f, 0x31, 0x51, 0x37, 0x66,
  0x2f, 0x51, 0x2f, 0x50, 0x2f, 0x78, 0x33, 0x66, 0x39, 0x79, 0x72, 0x2f, 0x39, 0x79, 0x72, 0x2f,
  0x39, 0x79, 0x72, 0x2f, 0x39, 0x79, 0x72, 0x2f, 0x39, 0x79, 0x72, 0x2f, 0x39, 0x52, 0x70, 0x2f,
  0x2b, 0x53, 0x72, 0x2f, 0x2b, 0x7a, 0x72, 0x2f, 0x2b, 0x79, 0x70, 0x2f, 0x39, 0x78, 0x70, 0x2f,
  0x39, 0x78, 0x70, 0x2f, 0x39, 0x79, 0x72, 0x2f, 0x39, 0x79, 0x72, 0x2f, 0x39, 0x79, 0x72, 0x2f,
  0x39, 0x79, 0x70, 0x2f, 0x2f, 0x78, 0x33, 0x66, 0x2f, 0x51, 0x2f, 0x50, 0x38, 0x77, 0x37, 0x66,
  0x38, 0x53, 0x76, 0x2f, 0x30, 0x51, 0x6e, 0x2f, 0x39, 0x43, 0x53, 0x74, 0x41, 0x41, 0x41, 0x41,
  0x41, 0x41, 0x41, 0x41, 0x41, 0x41, 0x41, 0x41, 0x41, 0x41, 0x41, 0x41, 0x41, 0x41, 0x41, 0x41,
  0x42, 0x41, 0x4f, 0x59, 0x58, 0x4d, 0x6a, 0x66, 0x2f, 0x7a, 0x72, 0x2f, 0x78, 0x52, 0x72, 0x2f,
  0x38, 0x78, 0x74, 0x2f, 0x2b, 0x53, 0x72, 0x2f, 0x39, 0x79, 0x72, 0x2f, 0x39, 0x79, 0x72, 0x2f,
  0x39, 0x79, 0x72, 0x2f, 0x39, 0x79, 0x70, 0x2f, 0x39, 0x7a, 0x74, 0x2f, 0x2b, 0x55, 0x78, 0x2f,
  0x2b, 0x56, 0x31, 0x2f, 0x2b, 0x56, 0x33, 0x2f, 0x2b, 0x56, 0x31, 0x2f, 0x2b, 0x55, 0x7a, 0x2f,
  0x39, 0x7a, 0x74, 0x2f, 0x39, 0x78, 0x70, 0x2f, 0x39, 0x79, 0x70, 0x2f, 0x39, 0x79, 0x72, 0x2f,
  0x39, 0x79, 0x72, 0x2f, 0x2b, 0x53, 0x70, 0x2f, 0x38, 0x79, 0x74, 0x2f, 0x39, 0x52, 0x72, 0x2f,
  0x2f, 0x54, 0x72, 0x2f, 0x7a, 0x73, 0x6a, 0x66, 0x38, 0x67, 0x4d, 0x59, 0x34, 0x41, 0x41, 0x41,
  0x41, 0x41, 0x41, 0x41, 0x41, 0x41, 0x41, 0x41, 0x41, 0x41, 0x41, 0x41, 0x41, 0x41, 0x41, 0x41,
  0x41, 0x41, 0x47, 0x43, 0x75, 0x6d, 0x59, 0x2f, 0x72, 0x54, 0x74, 0x2f, 0x31, 0x52, 0x72, 0x2f,
  0x39, 0x79, 0x72, 0x2f, 0x39, 0x79, 0x72, 0x2f, 0x39, 0x79, 0x72, 0x2f, 0x39, 0x79, 0x72, 0x2f,
  0x39, 0x79, 0x74, 0x2f, 0x2b, 0x57, 0x33, 0x2f, 0x2b, 0x34, 0x2f, 0x2f, 0x2b, 0x34, 0x2f, 0x2f,
  0x2b, 0x34, 0x2f, 0x2f, 0x2b, 0x34, 0x2f, 0x2f, 0x2b, 0x34, 0x2f, 0x2f, 0x2b, 0x34, 0x2f, 0x2f,
  0x2b, 0x34, 0x2f, 0x2f, 0x2b, 0x57, 0x35, 0x2f, 0x39, 0x79, 0x74, 0x2f, 0x39, 0x79, 0x70, 0x2f,
  0x39, 0x79, 0x72, 0x2f, 0x39, 0x79, 0x72, 0x2f, 0x39, 0x79, 0x72, 0x2f, 0x39, 0x52, 0x70, 0x2f,
  0x2f, 0x54, 0x72, 0x2f, 0x33, 0x47, 0x59, 0x2f, 0x30, 0x67, 0x47, 0x44, 0x49, 0x41, 0x41, 0x41,
  0x41, 0x41, 0x41, 0x41, 0x41, 0x41, 0x41, 0x41, 0x41, 0x41, 0x41, 0x41, 0x41, 0x41, 0x41, 0x41,
  0x41, 0x41, 0x41, 0x41, 0x43, 0x41, 0x4f, 0x61, 0x4a, 0x75, 0x6e, 0x76, 0x2f, 0x54, 0x74, 0x2f,
  0x78, 0x52, 0x70, 0x2f, 0x39, 0x79, 0x72, 0x2f, 0x39, 0x79, 0x70, 0x2f, 0x39, 0x7a, 0x74, 0x2f,
  0x2b, 0x33, 0x39, 0x2f, 0x2b, 0x34, 0x2f, 0x2f, 0x2b, 0x34, 0x2f, 0x2f, 0x2b, 0x34, 0x2f, 0x2f,
  0x2b, 0x34, 0x2f, 0x2f, 0x2b, 0x34, 0x2f, 0x2f, 0x2b, 0x34, 0x2f, 0x2f, 0x2b, 0x34, 0x2f, 0x2f,
  0x2b, 0x34, 0x2f, 0x2f, 0x2b, 0x34, 0x2f, 0x2f, 0x2b, 0x33, 0x39, 0x2f, 0x39, 0x7a, 0x74, 0x2f,
  0x39, 0x79, 0x70, 0x2f, 0x39, 0x79, 0x72, 0x2f, 0x39, 0x52, 0x72, 0x2f, 0x2f, 0x54, 0x72, 0x2f,
  0x78, 0x75, 0x6c, 0x76, 0x2b, 0x41, 0x4f, 0x61, 0x77, 0x41, 0x41, 0x41, 0x41, 0x41, 0x41, 0x41,
  0x41, 0x41, 0x41, 0x41, 0x41, 0x41, 0x41, 0x41, 0x41, 0x41, 0x41, 0x41, 0x41, 0x41, 0x41, 0x41,
  0x41, 0x66, 0x41, 0x41, 0x45, 0x41, 0x47, 0x42, 0x69, 0x6a, 0x55, 0x74, 0x30, 0x51, 0x70, 0x2f,
  0x37, 0x54, 0x74, 0x2f, 0x31, 0x79, 0x72, 0x2f, 0x39, 0x79, 0x72, 0x2f, 0x2b, 0x33, 0x39, 0x2f,
  0x2f, 0x59, 0x2f, 0x2f, 0x2b, 0x34, 0x2f, 0x2f, 0x2b, 0x34, 0x2f, 0x2f, 0x2b, 0x34, 0x2f, 0x2f,
  0x2b, 0x34, 0x2f, 0x2f, 0x2b, 0x34, 0x2f, 0x2f, 0x2b, 0x34, 0x2f, 0x2f, 0x2b, 0x34, 0x2f, 0x2f,
  0x2b, 0x34, 0x2f, 0x2f, 0x2b, 0x34, 0x2f, 0x2f, 0x2f, 0x59, 0x2f, 0x2f, 0x2b, 0x33, 0x39, 0x2f,
  0x39, 0x79, 0x72, 0x2f, 0x39, 0x79, 0x72, 0x2f, 0x2b, 0x7a, 0x72, 0x2f, 0x35, 0x52, 0x70, 0x2f,
  0x37, 0x44, 0x55, 0x75, 0x49, 0x41, 0x49, 0x42, 0x30, 0x66, 0x41, 0x41, 0x45, 0x41, 0x41, 0x41,
  0x41, 0x41, 0x41, 0x41, 0x41, 0x41, 0x41, 0x41, 0x41, 0x41, 0x41, 0x41, 0x41, 0x41, 0x41, 0x41,
  0x44, 0x67, 0x4f, 0x51, 0x51, 0x41, 0x41, 0x41, 0x42, 0x67, 0x4f, 0x58, 0x74, 0x44, 0x57, 0x2f,
  0x30, 0x75, 0x6c, 0x76, 0x73, 0x51, 0x70, 0x2f, 0x39, 0x7a, 0x74, 0x2f, 0x39, 0x31, 0x33, 0x2f,
  0x39, 0x58, 0x39, 0x2f, 0x2b, 0x34, 0x2f, 0x2f, 0x2b, 0x58, 0x2f, 0x2f, 0x2b, 0x34, 0x2f, 0x2f,
  0x2b, 0x34, 0x2f, 0x2f, 0x2b, 0x34, 0x2f, 0x2f, 0x2b, 0x34, 0x2f, 0x2f, 0x2b, 0x34, 0x2f, 0x2f,
  0x2b, 0x34, 0x2f, 0x2f, 0x2b, 0x34, 0x2f, 0x2f, 0x39, 0x57, 0x39, 0x2f, 0x39, 0x31, 0x33, 0x2f,
  0x39, 0x79, 0x74, 0x2f, 0x38, 0x51, 0x70, 0x2f, 0x39, 0x75, 0x6c, 0x76, 0x74, 0x44, 0x57, 0x2f,
  0x31, 0x67, 0x4d, 0x58, 0x38, 0x41, 0x41, 0x41, 0x44, 0x67, 0x4f, 0x51, 0x51, 0x41, 0x41, 0x41,
  0x41, 0x41, 0x41, 0x41, 0x41, 0x41, 0x41, 0x41, 0x41, 0x41, 0x41, 0x41, 0x41, 0x41, 0x41, 0x41,
  0x44, 0x67, 0x4f, 0x51, 0x51, 0x41, 0x41, 0x41, 0x45, 0x43, 0x51, 0x71, 0x54, 0x72, 0x6a, 0x66,
  0x2b, 0x6c, 0x59, 0x2f, 0x74, 0x48, 0x62, 0x50, 0x33, 0x54, 0x72, 0x2f, 0x34, 0x51, 0x6e, 0x2f,
  0x39, 0x4a, 0x68, 0x50, 0x33, 0x35, 0x2f, 0x2f, 0x33, 0x36, 0x2f, 0x2f, 0x7a, 0x35, 0x2f, 0x2f,
  0x7a, 0x35, 0x2f, 0x2f, 0x7a, 0x35, 0x2f, 0x2f, 0x7a, 0x35, 0x2f, 0x2f, 0x7a, 0x35, 0x2f, 0x2f,
  0x7a, 0x36, 0x2f, 0x2f, 0x79, 0x58, 0x2f, 0x2f, 0x31, 0x6f, 0x66, 0x50, 0x31, 0x51, 0x6e, 0x2f,
  0x2b, 0x53, 0x72, 0x2f, 0x36, 0x6c, 0x59, 0x2f, 0x37, 0x46, 0x59, 0x2f, 0x75, 0x4b, 0x68, 0x66,
  0x38, 0x42, 0x51, 0x70, 0x38, 0x41, 0x41, 0x41, 0x48, 0x67, 0x4f, 0x51, 0x51, 0x41, 0x41, 0x41,
  0x41, 0x41, 0x41, 0x41, 0x41, 0x41, 0x41, 0x41, 0x41, 0x41, 0x41, 0x41, 0x41, 0x41, 0x41, 0x41,
  0x41, 0x41, 0x65, 0x41, 0x49, 0x66, 0x41, 0x41, 0x47, 0x67, 0x4b, 0x44, 0x42, 0x45, 0x57, 0x39,
  0x65, 0x49, 0x64, 0x50, 0x39, 0x45, 0x57, 0x2f, 0x39, 0x52, 0x70, 0x2f, 0x2f, 0x7a, 0x74, 0x2f,
  0x38, 0x6d, 0x62, 0x50, 0x39, 0x72, 0x6e, 0x50, 0x39, 0x52, 0x7a, 0x76, 0x2b, 0x54, 0x33, 0x76,
  0x2f, 0x55, 0x35, 0x76, 0x2f, 0x30, 0x35, 0x76, 0x2f, 0x30, 0x35, 0x76, 0x2b, 0x7a, 0x33, 0x76,
  0x39, 0x53, 0x7a, 0x76, 0x38, 0x70, 0x6a, 0x50, 0x2b, 0x49, 0x62, 0x50, 0x2f, 0x7a, 0x74, 0x2f,
  0x2f, 0x50, 0x6e, 0x76, 0x2f, 0x43, 0x55, 0x76, 0x2b, 0x49, 0x62, 0x50, 0x35, 0x45, 0x57, 0x39,
  0x4f, 0x67, 0x49, 0x43, 0x30, 0x41, 0x41, 0x41, 0x45, 0x41, 0x41, 0x41, 0x49, 0x41, 0x41, 0x41,
  0x41, 0x41, 0x41, 0x41, 0x41, 0x41, 0x41, 0x41, 0x41, 0x41, 0x41, 0x41, 0x41, 0x41, 0x41, 0x41,
  0x41, 0x41, 0x41, 0x41, 0x41, 0x41, 0x41, 0x41, 0x45, 0x41, 0x41, 0x41, 0x41, 0x41, 0x41, 0x41,
  0x78, 0x41, 0x4b, 0x44, 0x70, 0x41, 0x4f, 0x58, 0x52, 0x45, 0x57, 0x2b, 0x72, 0x6d, 0x61, 0x2f,
  0x70, 0x43, 0x51, 0x71, 0x70, 0x67, 0x43, 0x46, 0x4e, 0x41, 0x4d, 0x58, 0x75, 0x41, 0x4d, 0x5a,
  0x6e, 0x42, 0x4f, 0x61, 0x73, 0x42, 0x51, 0x72, 0x50, 0x68, 0x51, 0x61, 0x6e, 0x41, 0x4f, 0x5a,
  0x6b, 0x67, 0x49, 0x58, 0x76, 0x41, 0x49, 0x46, 0x57, 0x69, 0x55, 0x72, 0x77, 0x47, 0x62, 0x50,
  0x6e, 0x44, 0x53, 0x75, 0x42, 0x41, 0x4d, 0x56, 0x77, 0x41, 0x47, 0x44, 0x67, 0x41, 0x41, 0x41,
  0x6b, 0x41, 0x41, 0x41, 0x41, 0x41, 0x41, 0x41, 0x45, 0x41, 0x41, 0x41, 0x41, 0x41, 0x41, 0x41,
  0x41, 0x41, 0x41, 0x41, 0x41, 0x41, 0x41, 0x41, 0x41, 0x41, 0x41, 0x41, 0x41, 0x41, 0x41, 0x41,
  0x41, 0x41, 0x41, 0x41, 0x41, 0x41, 0x41, 0x41, 0x41, 0x41, 0x41, 0x41, 0x41, 0x41, 0x41, 0x41,
  0x41, 0x41, 0x41, 0x41, 0x41, 0x41, 0x41, 0x41, 0x41, 0x41, 0x41, 0x41, 0x41, 0x41, 0x41, 0x41,
  0x41, 0x41, 0x41, 0x41, 0x41, 0x41, 0x41, 0x41, 0x41, 0x41, 0x41, 0x41, 0x41, 0x41, 0x41, 0x41,
  0x41, 0x41, 0x41, 0x41, 0x41, 0x41, 0x41, 0x41, 0x41, 0x41, 0x41, 0x41, 0x41, 0x41, 0x41, 0x41,
  0x41, 0x41, 0x41, 0x41, 0x41, 0x41, 0x41, 0x41, 0x41, 0x41, 0x41, 0x41, 0x41, 0x41, 0x41, 0x41,
  0x41, 0x41, 0x41, 0x41, 0x41, 0x41, 0x41, 0x41, 0x41, 0x41, 0x41, 0x41, 0x41, 0x41, 0x41, 0x41,
  0x41, 0x41, 0x41, 0x41, 0x41, 0x41, 0x41, 0x41, 0x41, 0x41, 0x41, 0x41, 0x41, 0x41, 0x41, 0x41,
  0x41, 0x41, 0x41, 0x41, 0x41, 0x41, 0x41, 0x41, 0x41, 0x41, 0x41, 0x41, 0x41, 0x41, 0x41, 0x41,
  0x41, 0x41, 0x41, 0x41, 0x41, 0x41, 0x41, 0x41, 0x41, 0x41, 0x41, 0x41, 0x41, 0x41, 0x41, 0x41,
  0x41, 0x41, 0x41, 0x41, 0x41, 0x41, 0x41, 0x41, 0x41, 0x41, 0x41, 0x41, 0x41, 0x41, 0x41, 0x41,
  0x41, 0x41, 0x41, 0x41, 0x41, 0x41, 0x41, 0x41, 0x41, 0x41, 0x41, 0x41, 0x41, 0x41, 0x41, 0x41,
  0x41, 0x41, 0x41, 0x41, 0x41, 0x41, 0x41, 0x41, 0x41, 0x41, 0x41, 0x41, 0x41, 0x41, 0x41, 0x41,
  0x41, 0x41, 0x41, 0x41, 0x41, 0x41, 0x41, 0x41, 0x41, 0x41, 0x41, 0x41, 0x41, 0x41, 0x41, 0x41,
  0x41, 0x41, 0x41, 0x41, 0x41, 0x41, 0x41, 0x41, 0x41, 0x41, 0x41, 0x41, 0x41, 0x41, 0x41, 0x41,
  0x41, 0x41, 0x41, 0x41, 0x41, 0x41, 0x41, 0x41, 0x41, 0x41, 0x41, 0x41, 0x41, 0x41, 0x41, 0x41,
  0x41, 0x41, 0x41, 0x41, 0x41, 0x41, 0x41, 0x41, 0x41, 0x41, 0x41, 0x41, 0x41, 0x41, 0x41, 0x41,
  0x41, 0x41, 0x41, 0x41, 0x41, 0x41, 0x41, 0x41, 0x41, 0x41, 0x41, 0x41, 0x41, 0x41, 0x41, 0x41,
  0x41, 0x41, 0x41, 0x41, 0x41, 0x41, 0x41, 0x41, 0x41, 0x41, 0x41, 0x41, 0x41, 0x41, 0x41, 0x41,
  0x41, 0x41, 0x41, 0x41, 0x41, 0x41, 0x41, 0x41, 0x41, 0x41, 0x41, 0x41, 0x41, 0x41, 0x41, 0x41,
  0x41, 0x41, 0x41, 0x41, 0x41, 0x41, 0x41, 0x41, 0x41, 0x41, 0x41, 0x41, 0x41, 0x41, 0x41, 0x41,
  0x41, 0x41, 0x41, 0x41, 0x41, 0x41, 0x41, 0x41, 0x41, 0x41, 0x41, 0x41, 0x41, 0x41, 0x41, 0x41,
  0x41, 0x41, 0x41, 0x41, 0x41, 0x41, 0x41, 0x41, 0x41, 0x41, 0x41, 0x41, 0x41, 0x41, 0x41, 0x41,
  0x41, 0x41, 0x41, 0x41, 0x41, 0x41, 0x41, 0x41, 0x41, 0x41, 0x41, 0x41, 0x41, 0x41, 0x41, 0x41,
  0x41, 0x41, 0x41, 0x41, 0x41, 0x41, 0x41, 0x41, 0x41, 0x41, 0x41, 0x41, 0x41, 0x41, 0x41, 0x41,
  0x41, 0x41, 0x41, 0x41, 0x41, 0x41, 0x41, 0x41, 0x41, 0x41, 0x41, 0x41, 0x41, 0x41, 0x41, 0x41,
  0x41, 0x41, 0x41, 0x41, 0x41, 0x41, 0x41, 0x41, 0x41, 0x41, 0x41, 0x41, 0x41, 0x41, 0x41, 0x41,
  0x41, 0x41, 0x41, 0x41, 0x41, 0x41, 0x41, 0x41, 0x41, 0x41, 0x41, 0x41, 0x41, 0x41, 0x41, 0x41,
  0x41, 0x41, 0x41, 0x41, 0x41, 0x41, 0x41, 0x41, 0x41, 0x41, 0x41, 0x41, 0x41, 0x41, 0x41, 0x41,
  0x41, 0x41, 0x41, 0x41, 0x41, 0x41, 0x41, 0x41, 0x41, 0x41, 0x41, 0x41, 0x41, 0x41, 0x41, 0x41,
  0x41, 0x41, 0x41, 0x41, 0x41, 0x41, 0x41, 0x41, 0x41, 0x41, 0x41, 0x41, 0x41, 0x41, 0x41, 0x41,
  0x41, 0x41, 0x41, 0x41, 0x41, 0x41, 0x41, 0x41, 0x41, 0x41, 0x41, 0x41, 0x41, 0x41, 0x41, 0x41,
  0x41, 0x41, 0x41, 0x41, 0x41, 0x41, 0x41, 0x41, 0x41, 0x41, 0x41, 0x41, 0x41, 0x41, 0x41, 0x41,
  0x41, 0x41, 0x41, 0x41, 0x41, 0x41, 0x41, 0x41, 0x41, 0x41, 0x41, 0x41, 0x41, 0x41, 0x41, 0x41,
  0x41, 0x41, 0x41, 0x41, 0x41, 0x41, 0x41, 0x41, 0x41, 0x41, 0x41, 0x41, 0x41, 0x41, 0x41, 0x41,
  0x45, 0x41, 0x65, 0x41, 0x49, 0x41, 0x41, 0x41, 0x49, 0x41, 0x41, 0x41, 0x41, 0x41, 0x41, 0x41,
  0x43, 0x41, 0x49, 0x54, 0x57, 0x45, 0x63, 0x74, 0x76, 0x6c, 0x67, 0x75, 0x37, 0x42, 0x51, 0x59,
  0x49, 0x41, 0x41, 0x41, 0x41, 0x41, 0x41, 0x41, 0x41, 0x41, 0x41, 0x41, 0x49, 0x41, 0x41, 0x41,
  0x41, 0x41, 0x41, 0x41, 0x41, 0x41, 0x41, 0x41, 0x41, 0x41, 0x41, 0x41, 0x41, 0x41, 0x41, 0x41,
  0x41, 0x41, 0x41, 0x41, 0x41, 0x41, 0x41, 0x41, 0x41, 0x41, 0x41, 0x41, 0x41, 0x41, 0x41, 0x41,
  0x41, 0x41, 0x41, 0x41, 0x41, 0x41, 0x41, 0x41, 0x41, 0x41, 0x41, 0x41, 0x41, 0x41, 0x41, 0x41,
  0x41, 0x41, 0x41, 0x41, 0x41, 0x41, 0x41, 0x41, 0x41, 0x41, 0x41, 0x41, 0x41, 0x41, 0x41, 0x41,
  0x41, 0x41, 0x41, 0x41, 0x41, 0x41, 0x41, 0x41, 0x47, 0x67, 0x55, 0x67, 0x4d, 0x41, 0x41, 0x41,
  0x41, 0x41, 0x41, 0x41, 0x41, 0x41, 0x41, 0x41, 0x41, 0x41, 0x49, 0x53, 0x54, 0x41, 0x51, 0x58,
  0x41, 0x43, 0x55, 0x74, 0x52, 0x75, 0x39, 0x50, 0x2f, 0x51, 0x2f, 0x50, 0x38, 0x47, 0x69, 0x2f,
  0x2f, 0x67, 0x43, 0x46, 0x6c, 0x67, 0x41, 0x42, 0x51, 0x41, 0x41, 0x41, 0x44, 0x67, 0x4f, 0x77,
  0x54, 0x67, 0x4f, 0x51, 0x51, 0x41, 0x41, 0x41, 0x45, 0x41, 0x41, 0x41, 0x41, 0x41, 0x41, 0x41,
  0x41, 0x41, 0x41, 0x41, 0x41, 0x41, 0x41, 0x41, 0x41, 0x41, 0x41, 0x41, 0x41, 0x41, 0x41, 0x41,
  0x41, 0x41, 0x41, 0x41, 0x41, 0x41, 0x41, 0x41, 0x41, 0x41, 0x41, 0x41, 0x41, 0x41, 0x41, 0x41,
  0x41, 0x41, 0x41, 0x41, 0x41, 0x41, 0x41, 0x41, 0x41, 0x41, 0x41, 0x41, 0x41, 0x41, 0x41, 0x41,
  0x41, 0x41, 0x41, 0x41, 0x41, 0x41, 0x41, 0x41, 0x41, 0x41, 0x41, 0x41, 0x41, 0x41, 0x41, 0x41,
  0x63, 0x67, 0x51, 0x43, 0x4d, 0x41, 0x47, 0x43, 0x68, 0x6b, 0x61, 0x75, 0x56, 0x4d, 0x35, 0x50,
  0x38, 0x4d, 0x33, 0x50, 0x39, 0x76, 0x2f, 0x50, 0x35, 0x76, 0x2f, 0x50, 0x37, 0x73, 0x32, 0x2f,
  0x33, 0x4a, 0x73, 0x2f, 0x2b, 0x6b, 0x63, 0x75, 0x51, 0x41, 0x41, 0x42, 0x6f, 0x41, 0x41, 0x41,
  0x41, 0x41, 0x41, 0x41, 0x41, 0x41, 0x41, 0x41, 0x41, 0x41, 0x65, 0x41, 0x49, 0x41, 0x41, 0x41,
  0x41, 0x41, 0x41, 0x41, 0x41, 0x41, 0x41, 0x41, 0x41, 0x41, 0x41, 0x41, 0x41, 0x41, 0x41, 0x41,
  0x41, 0x41, 0x41, 0x41, 0x41, 0x41, 0x41, 0x41, 0x41, 0x41, 0x41, 0x41, 0x41, 0x41, 0x41, 0x41,
  0x41, 0x41, 0x41, 0x41, 0x41, 0x41, 0x41, 0x41, 0x41, 0x41, 0x41, 0x41, 0x41, 0x41, 0x41, 0x41,
  0x45, 0x41, 0x41, 0x41, 0x45, 0x41, 0x55, 0x41, 0x5a, 0x67, 0x4f, 0x58, 0x76, 0x43, 0x53, 0x74,
  0x7a, 0x45, 0x59, 0x2f, 0x6e, 0x42, 0x51, 0x76, 0x64, 0x49, 0x73, 0x2f, 0x2f, 0x78, 0x2f, 0x50,
  0x75, 0x50, 0x2f, 0x50, 0x34, 0x50, 0x2f, 0x76, 0x38, 0x75, 0x2f, 0x76, 0x2b, 0x76, 0x2f, 0x50,
  0x2f, 0x78, 0x2f, 0x50, 0x77, 0x73, 0x33, 0x50, 0x2f, 0x67, 0x4f, 0x64, 0x42, 0x42, 0x53, 0x71,
  0x7a, 0x41, 0x51, 0x58, 0x4d, 0x41, 0x49, 0x41, 0x38, 0x41, 0x41, 0x41, 0x41, 0x41, 0x41, 0x41,
  0x45, 0x41, 0x41, 0x41, 0x41, 0x41, 0x41, 0x41, 0x41, 0x41, 0x41, 0x41, 0x41, 0x41, 0x41, 0x41,
  0x41, 0x41, 0x41, 0x41, 0x41, 0x41, 0x41, 0x41, 0x41, 0x41, 0x41, 0x41, 0x41, 0x41, 0x41, 0x41,
  0x41, 0x41, 0x41, 0x41, 0x41, 0x41, 0x41, 0x41, 0x41, 0x41, 0x41, 0x41, 0x44, 0x67, 0x65, 0x77,
  0x49, 0x41, 0x41, 0x41, 0x41, 0x68, 0x53, 0x72, 0x43, 0x6c, 0x62, 0x50, 0x2b, 0x6f, 0x64, 0x66,
  0x2f, 0x49, 0x64, 0x66, 0x2b, 0x48, 0x62, 0x66, 0x38, 0x6b, 0x61, 0x2f, 0x37, 0x4c, 0x30, 0x2f,
  0x2b, 0x76, 0x2f, 0x50, 0x2b, 0x76, 0x2f, 0x76, 0x2f, 0x50, 0x2f, 0x76, 0x2f, 0x4f, 0x2f, 0x50,
  0x38, 0x75, 0x37, 0x50, 0x38, 0x47, 0x6b, 0x2f, 0x35, 0x6c, 0x58, 0x50, 0x2b, 0x6f, 0x66, 0x66,
  0x2f, 0x6d, 0x62, 0x50, 0x2b, 0x69, 0x53, 0x74, 0x74, 0x67, 0x4f, 0x54, 0x59, 0x41, 0x41, 0x41,
  0x45, 0x41, 0x41, 0x41, 0x49, 0x41, 0x41, 0x41, 0x41, 0x41, 0x41, 0x41, 0x41, 0x41, 0x41, 0x41,
  0x41, 0x41, 0x41, 0x41, 0x41, 0x41, 0x41, 0x41, 0x41, 0x41, 0x41, 0x41, 0x41, 0x41, 0x41, 0x41,
  0x41, 0x41, 0x41, 0x41, 0x41, 0x41, 0x41, 0x41, 0x41, 0x41, 0x41, 0x41, 0x43, 0x67, 0x55, 0x67,
  0x4d, 0x41, 0x41, 0x41, 0x4c, 0x68, 0x53, 0x5a, 0x6b, 0x47, 0x62, 0x66, 0x33, 0x70, 0x66, 0x66,
  0x70, 0x6f, 0x64, 0x66, 0x37, 0x70, 0x66, 0x66, 0x34, 0x45, 0x56, 0x50, 0x39, 0x70, 0x75, 0x2f,
  0x2b, 0x51, 0x2f, 0x50, 0x2f, 0x50, 0x2f, 0x50, 0x2f, 0x50, 0x2f, 0x50, 0x2b, 0x50, 0x2f, 0x50,
  0x39, 0x6f, 0x73, 0x2f, 0x2f, 0x6a, 0x55, 0x2f, 0x2f, 0x4a, 0x66, 0x66, 0x32, 0x49, 0x64, 0x66,
  0x7a, 0x70, 0x64, 0x66, 0x69, 0x6e, 0x64, 0x66, 0x38, 0x42, 0x51, 0x73, 0x51, 0x41, 0x41, 0x41,
  0x43, 0x67, 0x55, 0x67, 0x4d, 0x41, 0x41, 0x41, 0x41, 0x41, 0x41, 0x41, 0x41, 0x41, 0x41, 0x41,
  0x41, 0x41, 0x41, 0x41, 0x41, 0x41, 0x41, 0x41, 0x41, 0x41, 0x41, 0x41, 0x41, 0x41, 0x41, 0x41,
  0x41, 0x41, 0x41, 0x41, 0x41, 0x41, 0x41, 0x41, 0x41, 0x41, 0x41, 0x41, 0x44, 0x67, 0x4f, 0x51,
  0x51, 0x41, 0x41, 0x41, 0x41, 0x41, 0x41, 0x41, 0x33, 0x41, 0x51, 0x65, 0x6c, 0x6c, 0x5a, 0x50,
  0x35, 0x48, 0x64, 0x66, 0x36, 0x6f, 0x64, 0x66, 0x2b, 0x44, 0x55, 0x2f, 0x38, 0x70, 0x77, 0x2f,
  0x2b, 0x51, 0x2f, 0x50, 0x39, 0x71, 0x79, 0x2f, 0x2f, 0x4d, 0x34, 0x2f, 0x2f, 0x52, 0x2f, 0x50,
  0x38, 0x6f, 0x73, 0x2f, 0x2b, 0x46, 0x58, 0x50, 0x2f, 0x70, 0x66, 0x66, 0x2b, 0x6f, 0x64, 0x66,
  0x35, 0x48, 0x62, 0x66, 0x34, 0x6a, 0x55, 0x2b, 0x69, 0x42, 0x4f, 0x54, 0x53, 0x67, 0x55, 0x67,
  0x4d, 0x41, 0x65, 0x41, 0x49, 0x41, 0x41, 0x41, 0x41, 0x41, 0x41, 0x41, 0x41, 0x41, 0x41, 0x41,
  0x41, 0x41, 0x41, 0x41, 0x41, 0x41, 0x41, 0x41, 0x41, 0x41, 0x41, 0x41, 0x41, 0x41, 0x41, 0x41,
  0x41, 0x41, 0x41, 0x41, 0x41, 0x41, 0x41, 0x41, 0x43, 0x67, 0x55, 0x67, 0x4d, 0x41, 0x41, 0x41,
  0x41, 0x41, 0x4b, 0x43, 0x6f, 0x68, 0x53, 0x73, 0x44, 0x70, 0x66, 0x50, 0x72, 0x49, 0x64, 0x50,
  0x37, 0x6c, 0x59, 0x2f, 0x2f, 0x46, 0x59, 0x2f, 0x38, 0x47, 0x5a, 0x50, 0x38, 0x48, 0x64, 0x50,
  0x39, 0x48, 0x69, 0x2f, 0x38, 0x6e, 0x62, 0x50, 0x2b, 0x6d, 0x65, 0x2f, 0x39, 0x48, 0x6d, 0x2f,
  0x39, 0x6c, 0x59, 0x2f, 0x2b, 0x45, 0x57, 0x2f, 0x2f, 0x6b, 0x59, 0x2f, 0x2b, 0x6b, 0x57, 0x2f,
  0x33, 0x46, 0x59, 0x2f, 0x35, 0x42, 0x53, 0x74, 0x73, 0x41, 0x47, 0x43, 0x6f, 0x41, 0x41, 0x41,
  0x43, 0x67, 0x55, 0x67, 0x4d, 0x41, 0x41, 0x41, 0x41, 0x41, 0x41, 0x41, 0x41, 0x41, 0x41, 0x41,
  0x41, 0x41, 0x41, 0x41, 0x41, 0x41, 0x41, 0x41, 0x41, 0x41, 0x41, 0x41, 0x41, 0x41, 0x41, 0x41,
  0x41, 0x41, 0x41, 0x41, 0x43, 0x67, 0x55, 0x67, 0x4d, 0x41, 0x41, 0x41, 0x42, 0x67, 0x4b, 0x44,
  0x2f, 0x6a, 0x57, 0x75, 0x2f, 0x50, 0x70, 0x76, 0x2f, 0x7a, 0x74, 0x2f, 0x2b, 0x7a, 0x72, 0x2f,
  0x39, 0x53, 0x70, 0x2f, 0x38, 0x78, 0x70, 0x2f, 0x2b, 0x53, 0x72, 0x2f, 0x2b, 0x79, 0x72, 0x2f,
  0x38, 0x51, 0x6e, 0x2f, 0x2b, 0x7a, 0x72, 0x2f, 0x39, 0x52, 0x70, 0x2f, 0x2f, 0x50, 0x6c, 0x76,
  0x2b, 0x53, 0x70, 0x2f, 0x2f, 0x51, 0x6e, 0x76, 0x38, 0x4e, 0x6c, 0x76, 0x38, 0x75, 0x6c, 0x76,
  0x39, 0x79, 0x70, 0x2f, 0x34, 0x51, 0x70, 0x2f, 0x38, 0x6b, 0x57, 0x2f, 0x61, 0x67, 0x4b, 0x45,
  0x73, 0x41, 0x41, 0x41, 0x43, 0x67, 0x55, 0x67, 0x4d, 0x41, 0x41, 0x41, 0x41, 0x41, 0x41, 0x41,
  0x41, 0x41, 0x41, 0x41, 0x41, 0x41, 0x41, 0x41, 0x41, 0x41, 0x41, 0x41, 0x41, 0x41, 0x41, 0x41,
  0x41, 0x41, 0x65, 0x41, 0x49, 0x41, 0x41, 0x41, 0x41, 0x41, 0x49, 0x43, 0x7a, 0x6b, 0x57, 0x76,
  0x4a, 0x52, 0x72, 0x2f, 0x2b, 0x79, 0x72, 0x2f, 0x73, 0x77, 0x70, 0x2f, 0x39, 0x52, 0x70, 0x2f,
  0x39, 0x79, 0x72, 0x2f, 0x39, 0x79, 0x72, 0x2f, 0x39, 0x53, 0x72, 0x2f, 0x39, 0x53, 0x72, 0x2f,
  0x39, 0x79, 0x72, 0x2f, 0x39, 0x53, 0x72, 0x2f, 0x39, 0x79, 0x72, 0x2f, 0x2b, 0x54, 0x72, 0x2f,
  0x39, 0x79, 0x72, 0x2f, 0x2b, 0x53, 0x72, 0x2f, 0x2b, 0x7a, 0x72, 0x2f, 0x2b, 0x7a, 0x72, 0x2f,
  0x39, 0x53, 0x72, 0x2f, 0x2b, 0x54, 0x72, 0x2f, 0x32, 0x53, 0x72, 0x2f, 0x39, 0x45, 0x57, 0x2f,
  0x6c, 0x41, 0x47, 0x44, 0x6b, 0x41, 0x41, 0x41, 0x43, 0x67, 0x55, 0x67, 0x4d, 0x41, 0x41, 0x41,
  0x41, 0x41, 0x41, 0x41, 0x41, 0x41, 0x41, 0x41, 0x41, 0x41, 0x41, 0x41, 0x41, 0x41, 0x41, 0x41,
  0x44, 0x76, 0x65, 0x77, 0x49, 0x46, 0x4b, 0x41, 0x59, 0x68, 0x51, 0x74, 0x4c, 0x76, 0x6e, 0x76,
  0x2b, 0x52, 0x70, 0x2f, 0x75, 0x54, 0x74, 0x2f, 0x2f, 0x32, 0x78, 0x2f, 0x2b, 0x7a, 0x74, 0x2f,
  0x39, 0x52, 0x70, 0x2f, 0x39, 0x79, 0x72, 0x2f, 0x39, 0x79, 0x72, 0x2f, 0x39, 0x79, 0x72, 0x2f,
  0x39, 0x79, 0x72, 0x2f, 0x39, 0x79, 0x72, 0x2f, 0x39, 0x79, 0x72, 0x2f, 0x39, 0x79, 0x72, 0x2f,
  0x39, 0x79, 0x72, 0x2f, 0x39, 0x79, 0x72, 0x2f, 0x39, 0x52, 0x70, 0x2f, 0x39, 0x78, 0x70, 0x2f,
  0x2b, 0x7a, 0x74, 0x2f, 0x39, 0x78, 0x70, 0x2f, 0x2b, 0x53, 0x70, 0x2f, 0x77, 0x78, 0x70, 0x2f,
  0x39, 0x69, 0x53, 0x75, 0x41, 0x43, 0x41, 0x41, 0x33, 0x76, 0x65, 0x77, 0x49, 0x41, 0x41, 0x41,
  0x41, 0x41, 0x41, 0x41, 0x41, 0x41, 0x41, 0x41, 0x41, 0x41, 0x41, 0x41, 0x41, 0x41, 0x41, 0x41,
  0x41, 0x41, 0x41, 0x41, 0x41, 0x41, 0x4d, 0x57, 0x75, 0x4c, 0x6a, 0x66, 0x2f, 0x54, 0x72, 0x2f,
  0x76, 0x5a, 0x33, 0x2f, 0x2b, 0x34, 0x31, 0x76, 0x2b, 0x76, 0x6c, 0x50, 0x2f, 0x7a, 0x74, 0x66,
  0x2b, 0x31, 0x78, 0x2f, 0x39, 0x78, 0x70, 0x2f, 0x39, 0x79, 0x72, 0x2f, 0x39, 0x79, 0x72, 0x2f,
  0x39, 0x79, 0x72, 0x2f, 0x39, 0x79, 0x72, 0x2f, 0x39, 0x79, 0x72, 0x2f, 0x39, 0x79, 0x72, 0x2f,
  0x39, 0x79, 0x72, 0x2f, 0x39, 0x52, 0x70, 0x2f, 0x2b, 0x7a, 0x74, 0x2f, 0x39, 0x56, 0x78, 0x2f,
  0x39, 0x55, 0x74, 0x76, 0x39, 0x36, 0x33, 0x2f, 0x2b, 0x33, 0x7a, 0x2f, 0x2f, 0x54, 0x72, 0x2f,
  0x75, 0x73, 0x6a, 0x66, 0x38, 0x41, 0x4d, 0x58, 0x38, 0x41, 0x41, 0x41, 0x41, 0x41, 0x41, 0x41,
  0x41, 0x41, 0x41, 0x41, 0x41, 0x41, 0x41, 0x41, 0x41, 0x41, 0x41, 0x41, 0x41, 0x41, 0x41, 0x41,
  0x41, 0x41, 0x47, 0x41, 0x71, 0x6a, 0x55, 0x74, 0x35, 0x51, 0x6e, 0x2f, 0x37, 0x37, 0x35, 0x2f,
  0x33, 0x57, 0x78, 0x66, 0x2f, 0x41, 0x4f, 0x66, 0x2b, 0x4f, 0x6c, 0x50, 0x2b, 0x6c, 0x57, 0x76,
  0x2b, 0x74, 0x6c, 0x50, 0x2f, 0x55, 0x76, 0x2f, 0x39, 0x52, 0x70, 0x2f, 0x39, 0x79, 0x72, 0x2f,
  0x39, 0x79, 0x72, 0x2f, 0x39, 0x79, 0x72, 0x2f, 0x39, 0x79, 0x72, 0x2f, 0x39, 0x79, 0x72, 0x2f,
  0x39, 0x53, 0x72, 0x2f, 0x2b, 0x7a, 0x72, 0x2f, 0x39, 0x53, 0x72, 0x76, 0x38, 0x47, 0x61, 0x2f,
  0x38, 0x48, 0x59, 0x2f, 0x39, 0x6b, 0x55, 0x76, 0x2b, 0x5a, 0x33, 0x76, 0x2f, 0x5a, 0x31, 0x2f,
  0x32, 0x52, 0x70, 0x2f, 0x37, 0x6b, 0x55, 0x75, 0x63, 0x41, 0x41, 0x42, 0x41, 0x41, 0x41, 0x41,
  0x41, 0x41, 0x41, 0x41, 0x41, 0x41, 0x41, 0x41, 0x41, 0x41, 0x41, 0x41, 0x41, 0x41, 0x41, 0x41,
  0x42, 0x67, 0x4b, 0x45, 0x2f, 0x4a, 0x66, 0x50, 0x2f, 0x31, 0x76, 0x2f, 0x32, 0x2b, 0x39, 0x2f,
  0x2b, 0x44, 0x55, 0x76, 0x2f, 0x67, 0x51, 0x66, 0x2b, 0x64, 0x39, 0x2f, 0x38, 0x72, 0x6a, 0x50,
  0x2f, 0x41, 0x51, 0x66, 0x38, 0x30, 0x74, 0x2f, 0x39, 0x78, 0x70, 0x2f, 0x39, 0x53, 0x72, 0x2f,
  0x39, 0x79, 0x72, 0x2f, 0x39, 0x79, 0x72, 0x2f, 0x39, 0x79, 0x72, 0x2f, 0x39, 0x79, 0x72, 0x2f,
  0x39, 0x78, 0x70, 0x2f, 0x2b, 0x55, 0x76, 0x2f, 0x39, 0x44, 0x55, 0x76, 0x2f, 0x72, 0x67, 0x2f,
  0x2f, 0x2f, 0x2f, 0x2f, 0x38, 0x41, 0x51, 0x76, 0x2b, 0x45, 0x55, 0x76, 0x2b, 0x2b, 0x39, 0x2f,
  0x2f, 0x30, 0x74, 0x2f, 0x33, 0x70, 0x64, 0x50, 0x2b, 0x41, 0x4b, 0x46, 0x67, 0x41, 0x41, 0x41,
  0x41, 0x41, 0x41, 0x41, 0x41, 0x41, 0x41, 0x41, 0x41, 0x41, 0x41, 0x41, 0x41, 0x41, 0x41, 0x41,
  0x43, 0x41, 0x51, 0x5a, 0x78, 0x4e, 0x6c, 0x76, 0x37, 0x33, 0x7a, 0x2f, 0x77, 0x37, 0x35, 0x2f,
  0x2b, 0x42, 0x57, 0x76, 0x38, 0x41, 0x53, 0x76, 0x2f, 0x67, 0x4f, 0x66, 0x2f, 0x67, 0x4f, 0x66,
  0x2f, 0x67, 0x53, 0x66, 0x39, 0x78, 0x70, 0x76, 0x2b, 0x53, 0x72, 0x2f, 0x39, 0x52, 0x70, 0x2f,
  0x2f, 0x77, 0x70, 0x76, 0x39, 0x52, 0x70, 0x2f, 0x2f, 0x77, 0x6e, 0x76, 0x39, 0x52, 0x70, 0x2f,
  0x2b, 0x53, 0x72, 0x2f, 0x2f, 0x53, 0x72, 0x76, 0x38, 0x42, 0x53, 0x76, 0x38, 0x69, 0x51, 0x76,
  0x38, 0x6d, 0x61, 0x2f, 0x2f, 0x67, 0x51, 0x66, 0x2f, 0x67, 0x51, 0x66, 0x2f, 0x61, 0x33, 0x76,
  0x2f, 0x32, 0x7a, 0x2f, 0x78, 0x4e, 0x6a, 0x76, 0x36, 0x41, 0x4f, 0x61, 0x4d, 0x41, 0x41, 0x41,
  0x41, 0x41, 0x41, 0x41, 0x41, 0x41, 0x41, 0x41, 0x41, 0x41, 0x41, 0x41, 0x41, 0x41, 0x41, 0x41,
  0x43, 0x44, 0x55, 0x73, 0x34, 0x51, 0x70, 0x2f, 0x2b, 0x30, 0x74, 0x2f, 0x32, 0x2b, 0x37, 0x2f,
  0x39, 0x45, 0x67, 0x2f, 0x2b, 0x41, 0x67, 0x76, 0x38, 0x67, 0x53, 0x76, 0x39, 0x41, 0x61, 0x76,
  0x2f, 0x6a, 0x65, 0x76, 0x38, 0x7a, 0x74, 0x2f, 0x39, 0x78, 0x72, 0x2f, 0x2b, 0x53, 0x72, 0x2f,
  0x2f, 0x4d, 0x6a, 0x66, 0x39, 0x78, 0x70, 0x2f, 0x2f, 0x74, 0x6a, 0x66, 0x2b, 0x7a, 0x72, 0x2f,
  0x39, 0x78, 0x72, 0x2f, 0x38, 0x55, 0x74, 0x2f, 0x2f, 0x43, 0x63, 0x76, 0x38, 0x67, 0x57, 0x76,
  0x2b, 0x67, 0x4d, 0x66, 0x39, 0x67, 0x59, 0x76, 0x2b, 0x68, 0x63, 0x76, 0x39, 0x64, 0x35, 0x2f,
  0x2f, 0x56, 0x78, 0x2f, 0x33, 0x76, 0x6e, 0x76, 0x39, 0x43, 0x51, 0x74, 0x45, 0x41, 0x41, 0x41,
  0x41, 0x41, 0x41, 0x41, 0x41, 0x41, 0x41, 0x41, 0x41, 0x41, 0x41, 0x41, 0x41, 0x41, 0x41, 0x41,
  0x44, 0x6b, 0x55, 0x75, 0x78, 0x52, 0x70, 0x2f, 0x39, 0x52, 0x70, 0x2f, 0x36, 0x62, 0x37, 0x2f,
  0x39, 0x58, 0x78, 0x76, 0x38, 0x43, 0x67, 0x2f, 0x2f, 0x41, 0x69, 0x76, 0x2f, 0x44, 0x67, 0x76,
  0x2f, 0x53, 0x72, 0x66, 0x2f, 0x55, 0x74, 0x2f, 0x2b, 0x76, 0x6e, 0x76, 0x2b, 0x70, 0x64, 0x50,
  0x2b, 0x72, 0x68, 0x66, 0x39, 0x6e, 0x64, 0x50, 0x2f, 0x4d, 0x68, 0x66, 0x38, 0x4b, 0x66, 0x66,
  0x38, 0x51, 0x6e, 0x2f, 0x2f, 0x55, 0x74, 0x2f, 0x2f, 0x75, 0x70, 0x50, 0x39, 0x67, 0x67, 0x76,
  0x2b, 0x67, 0x67, 0x76, 0x39, 0x67, 0x65, 0x76, 0x38, 0x78, 0x72, 0x66, 0x2f, 0x39, 0x37, 0x2f,
  0x39, 0x78, 0x70, 0x2f, 0x35, 0x52, 0x70, 0x2f, 0x2f, 0x6a, 0x55, 0x75, 0x73, 0x41, 0x41, 0x41,
  0x41, 0x41, 0x41, 0x41, 0x41, 0x41, 0x41, 0x41, 0x41, 0x41, 0x41, 0x41, 0x41, 0x41, 0x41, 0x41,
  0x41, 0x6b, 0x57, 0x2f, 0x53, 0x52, 0x70, 0x2f, 0x39, 0x52, 0x7a, 0x76, 0x2f, 0x51, 0x2f, 0x50,
  0x2b, 0x35, 0x2f, 0x76, 0x2f, 0x36, 0x35, 0x76, 0x38, 0x56, 0x76, 0x76, 0x38, 0x58, 0x78, 0x2f,
  0x2f, 0x56, 0x76, 0x2f, 0x38, 0x78, 0x74, 0x2f, 0x2b, 0x54, 0x72, 0x2f, 0x38, 0x44, 0x59, 0x2f,
  0x39, 0x42, 0x75, 0x76, 0x2b, 0x48, 0x34, 0x2f, 0x38, 0x42, 0x6f, 0x76, 0x2b, 0x6c, 0x59, 0x2f,
  0x2b, 0x7a, 0x72, 0x2f, 0x39, 0x52, 0x72, 0x2f, 0x2f, 0x57, 0x76, 0x2f, 0x2f, 0x54, 0x76, 0x66,
  0x2b, 0x75, 0x70, 0x50, 0x38, 0x56, 0x76, 0x76, 0x38, 0x38, 0x2f, 0x2f, 0x39, 0x79, 0x39, 0x66,
  0x2f, 0x78, 0x74, 0x76, 0x35, 0x78, 0x70, 0x2f, 0x2f, 0x6b, 0x55, 0x76, 0x45, 0x41, 0x41, 0x41,
  0x41, 0x41, 0x41, 0x41, 0x41, 0x41, 0x41, 0x41, 0x41, 0x41, 0x41, 0x41, 0x41, 0x41, 0x41, 0x41,
  0x44, 0x44, 0x55, 0x75, 0x56, 0x78, 0x6e, 0x2f, 0x2f, 0x52, 0x35, 0x66, 0x35, 0x77, 0x2f, 0x50,
  0x39, 0x76, 0x2f, 0x50, 0x38, 0x52, 0x2f, 0x66, 0x2f, 0x30, 0x78, 0x2f, 0x39, 0x78, 0x70, 0x2f,
  0x39, 0x75, 0x7a, 0x76, 0x2b, 0x76, 0x2f, 0x76, 0x38, 0x52, 0x35, 0x2f, 0x39, 0x4f, 0x6a, 0x76,
  0x2b, 0x48, 0x6b, 0x2f, 0x2f, 0x4c, 0x77, 0x2f, 0x2b, 0x48, 0x6b, 0x2f, 0x2b, 0x4f, 0x6c, 0x76,
  0x38, 0x77, 0x35, 0x2f, 0x2f, 0x50, 0x2f, 0x76, 0x2f, 0x50, 0x74, 0x76, 0x2f, 0x31, 0x74, 0x2f,
  0x2f, 0x58, 0x31, 0x2f, 0x2f, 0x56, 0x2f, 0x66, 0x2f, 0x51, 0x2f, 0x50, 0x39, 0x76, 0x2f, 0x50,
  0x2f, 0x78, 0x33, 0x66, 0x35, 0x77, 0x6e, 0x2f, 0x2b, 0x44, 0x53, 0x75, 0x41, 0x41, 0x41, 0x41,
  0x41, 0x41, 0x41, 0x41, 0x41, 0x41, 0x41, 0x41, 0x41, 0x41, 0x41, 0x41, 0x41, 0x41, 0x41, 0x41,
  0x41, 0x69, 0x53, 0x73, 0x66, 0x76, 0x6e, 0x76, 0x39, 0x53, 0x74, 0x2f, 0x32, 0x51, 0x35, 0x66,
  0x39, 0x51, 0x37, 0x66, 0x2b, 0x52, 0x7a, 0x76, 0x2f, 0x73, 0x68, 0x66, 0x2f, 0x6d, 0x61, 0x2f,
  0x38, 0x47, 0x64, 0x50, 0x2f, 0x70, 0x76, 0x50, 0x2f, 0x50, 0x2f, 0x76, 0x39, 0x78, 0x70, 0x2f,
  0x38, 0x50, 0x6c, 0x2f, 0x38, 0x73, 0x68, 0x76, 0x38, 0x51, 0x6a, 0x2f, 0x39, 0x52, 0x74, 0x2f,
  0x2b, 0x4f, 0x2f, 0x76, 0x39, 0x48, 0x70, 0x50, 0x38, 0x48, 0x64, 0x50, 0x39, 0x48, 0x62, 0x50,
  0x2f, 0x50, 0x6c, 0x76, 0x39, 0x77, 0x35, 0x66, 0x2b, 0x77, 0x2f, 0x50, 0x2f, 0x77, 0x39, 0x50,
  0x2f, 0x78, 0x76, 0x76, 0x32, 0x75, 0x6c, 0x76, 0x34, 0x42, 0x51, 0x72, 0x77, 0x41, 0x41, 0x41,
  0x41, 0x41, 0x41, 0x41, 0x41, 0x41, 0x41, 0x41, 0x41, 0x41, 0x41, 0x41, 0x41, 0x41, 0x41, 0x41,
  0x41, 0x41, 0x4f, 0x59, 0x66, 0x4d, 0x6a, 0x66, 0x2f, 0x53, 0x72, 0x2f, 0x78, 0x78, 0x70, 0x2f,
  0x2b, 0x53, 0x72, 0x2f, 0x39, 0x52, 0x70, 0x2f, 0x2f, 0x4a, 0x66, 0x50, 0x2f, 0x76, 0x6e, 0x76,
  0x2b, 0x53, 0x70, 0x2f, 0x2b, 0x6c, 0x61, 0x2f, 0x38, 0x79, 0x7a, 0x2f, 0x2b, 0x55, 0x7a, 0x2f,
  0x2b, 0x56, 0x33, 0x2f, 0x2f, 0x57, 0x35, 0x2f, 0x2b, 0x56, 0x31, 0x2f, 0x2b, 0x30, 0x7a, 0x2f,
  0x2f, 0x74, 0x76, 0x66, 0x38, 0x6e, 0x62, 0x50, 0x2f, 0x7a, 0x72, 0x2f, 0x2b, 0x73, 0x6a, 0x66,
  0x38, 0x4b, 0x66, 0x66, 0x2b, 0x53, 0x72, 0x2f, 0x2f, 0x52, 0x74, 0x76, 0x38, 0x52, 0x72, 0x2f,
  0x2f, 0x79, 0x72, 0x2f, 0x78, 0x72, 0x68, 0x66, 0x38, 0x41, 0x4d, 0x58, 0x73, 0x41, 0x41, 0x41,
  0x41, 0x41, 0x41, 0x41, 0x41, 0x41, 0x41, 0x41, 0x41, 0x41, 0x41, 0x41, 0x41, 0x41, 0x41, 0x41,
  0x41, 0x41, 0x47, 0x43, 0x6d, 0x46, 0x57, 0x2f, 0x72, 0x53, 0x72, 0x2f, 0x31, 0x52, 0x72, 0x2f,
  0x35, 0x79, 0x72, 0x2f, 0x39, 0x53, 0x72, 0x2f, 0x2b, 0x79, 0x72, 0x2f, 0x2f, 0x54, 0x74, 0x2f,
  0x39, 0x4b, 0x66, 0x66, 0x2b, 0x4c, 0x6c, 0x50, 0x2f, 0x35, 0x2f, 0x2f, 0x2b, 0x34, 0x2f, 0x2f,
  0x2b, 0x34, 0x2f, 0x2f, 0x2b, 0x34, 0x2f, 0x2f, 0x2b, 0x34, 0x2f, 0x2f, 0x2f, 0x59, 0x2f, 0x2f,
  0x39, 0x33, 0x37, 0x2f, 0x2f, 0x6e, 0x63, 0x2f, 0x2f, 0x50, 0x6c, 0x76, 0x2f, 0x7a, 0x74, 0x2f,
  0x39, 0x79, 0x72, 0x2f, 0x39, 0x52, 0x72, 0x2f, 0x39, 0x79, 0x70, 0x2f, 0x39, 0x52, 0x70, 0x2f,
  0x36, 0x79, 0x72, 0x2f, 0x31, 0x46, 0x57, 0x2f, 0x59, 0x41, 0x47, 0x43, 0x4d, 0x41, 0x41, 0x41,
  0x41, 0x41, 0x41, 0x41, 0x41, 0x41, 0x41, 0x41, 0x41, 0x41, 0x41, 0x41, 0x41, 0x41, 0x41, 0x41,
  0x41, 0x41, 0x41, 0x41, 0x42, 0x67, 0x4f, 0x5a, 0x77, 0x74, 0x6c, 0x76, 0x2f, 0x54, 0x74, 0x2f,
  0x78, 0x52, 0x72, 0x2f, 0x39, 0x53, 0x72, 0x2f, 0x2b, 0x53, 0x72, 0x2f, 0x38, 0x4b, 0x66, 0x66,
  0x39, 0x71, 0x6c, 0x50, 0x2b, 0x59, 0x2f, 0x2f, 0x2b, 0x34, 0x2f, 0x2f, 0x2b, 0x34, 0x2f, 0x2f,
  0x2b, 0x34, 0x2f, 0x2f, 0x2b, 0x34, 0x2f, 0x2f, 0x2b, 0x34, 0x2f, 0x2f, 0x2b, 0x34, 0x2f, 0x2f,
  0x2f, 0x35, 0x2f, 0x2f, 0x2b, 0x30, 0x33, 0x76, 0x2f, 0x6e, 0x65, 0x2f, 0x38, 0x74, 0x6a, 0x76,
  0x2b, 0x53, 0x72, 0x2f, 0x39, 0x52, 0x72, 0x2f, 0x38, 0x78, 0x70, 0x2f, 0x2f, 0x54, 0x72, 0x2f,
  0x77, 0x74, 0x6a, 0x76, 0x39, 0x41, 0x4d, 0x5a, 0x6b, 0x41, 0x41, 0x41, 0x41, 0x41, 0x41, 0x41,
  0x41, 0x41, 0x41, 0x41, 0x41, 0x41, 0x41, 0x41, 0x41, 0x41, 0x41, 0x41, 0x41, 0x41, 0x41, 0x41,
  0x44, 0x76, 0x65, 0x77, 0x49, 0x41, 0x49, 0x42, 0x53, 0x43, 0x53, 0x74, 0x6a, 0x77, 0x70, 0x76,
  0x37, 0x54, 0x74, 0x2f, 0x31, 0x79, 0x72, 0x2f, 0x39, 0x79, 0x74, 0x2f, 0x39, 0x57, 0x39, 0x2f,
  0x2f, 0x35, 0x2f, 0x2f, 0x2b, 0x34, 0x2f, 0x2f, 0x2b, 0x34, 0x2f, 0x2f, 0x2b, 0x34, 0x2f, 0x2f,
  0x2b, 0x34, 0x2f, 0x2f, 0x2b, 0x34, 0x2f, 0x2f, 0x2b, 0x34, 0x2f, 0x2f, 0x2b, 0x34, 0x2f, 0x2f,
  0x2b, 0x34, 0x2f, 0x2f, 0x2f, 0x34, 0x2f, 0x2f, 0x2b, 0x34, 0x2f, 0x2f, 0x38, 0x30, 0x31, 0x2f,
  0x39, 0x79, 0x72, 0x2f, 0x39, 0x79, 0x72, 0x2f, 0x2f, 0x54, 0x74, 0x2f, 0x30, 0x51, 0x6e, 0x2f,
  0x35, 0x69, 0x53, 0x74, 0x77, 0x41, 0x47, 0x42, 0x51, 0x50, 0x41, 0x41, 0x49, 0x41, 0x41, 0x41,
  0x41, 0x41, 0x41, 0x41, 0x41, 0x41, 0x41, 0x41, 0x41, 0x41, 0x41, 0x41, 0x41, 0x41, 0x41, 0x41,
  0x44, 0x67, 0x4f, 0x51, 0x51, 0x41, 0x41, 0x41, 0x43, 0x41, 0x4f, 0x59, 0x41, 0x6a, 0x57, 0x2f,
  0x33, 0x74, 0x6c, 0x66, 0x72, 0x77, 0x70, 0x76, 0x2b, 0x54, 0x74, 0x2f, 0x39, 0x31, 0x33, 0x2f,
  0x39, 0x57, 0x39, 0x2f, 0x2b, 0x34, 0x2f, 0x2f, 0x2b, 0x58, 0x2f, 0x2f, 0x2b, 0x34, 0x2f, 0x2f,
  0x2b, 0x34, 0x2f, 0x2f, 0x2b, 0x34, 0x2f, 0x2f, 0x2b, 0x34, 0x2f, 0x2f, 0x2b, 0x34, 0x2f, 0x2f,
  0x2b, 0x33, 0x2f, 0x2f, 0x2b, 0x33, 0x2f, 0x2f, 0x39, 0x57, 0x39, 0x2f, 0x2b, 0x31, 0x33, 0x2f,
  0x39, 0x52, 0x72, 0x2f, 0x38, 0x51, 0x70, 0x2f, 0x39, 0x4f, 0x6c, 0x76, 0x76, 0x6a, 0x55, 0x76,
  0x30, 0x67, 0x4d, 0x57, 0x49, 0x41, 0x41, 0x41, 0x44, 0x67, 0x4f, 0x51, 0x51, 0x41, 0x41, 0x41,
  0x41, 0x41, 0x41, 0x41, 0x41, 0x41, 0x41, 0x41, 0x41, 0x41, 0x41, 0x41, 0x41, 0x41, 0x41, 0x41,
  0x44, 0x67, 0x4f, 0x51, 0x51, 0x41, 0x41, 0x41, 0x45, 0x43, 0x53, 0x71, 0x77, 0x73, 0x6c, 0x76,
  0x2b, 0x6c, 0x59, 0x2f, 0x78, 0x6f, 0x64, 0x50, 0x37, 0x7a, 0x74, 0x2f, 0x36, 0x76, 0x6c, 0x76,
  0x35, 0x4a, 0x6a, 0x50, 0x33, 0x36, 0x2f, 0x2f, 0x37, 0x35, 0x2f, 0x2f, 0x7a, 0x35, 0x2f, 0x2f,
  0x7a, 0x35, 0x2f, 0x2f, 0x7a, 0x35, 0x2f, 0x2f, 0x7a, 0x35, 0x2f, 0x2f, 0x7a, 0x35, 0x2f, 0x2f,
  0x7a, 0x37, 0x2f, 0x2f, 0x7a, 0x56, 0x35, 0x76, 0x32, 0x49, 0x64, 0x50, 0x36, 0x79, 0x70, 0x2f,
  0x38, 0x78, 0x70, 0x2f, 0x35, 0x45, 0x57, 0x2f, 0x34, 0x6e, 0x5a, 0x50, 0x77, 0x4a, 0x64, 0x66,
  0x2b, 0x68, 0x4f, 0x58, 0x67, 0x41, 0x41, 0x41, 0x47, 0x41, 0x4d, 0x51, 0x55, 0x41, 0x41, 0x41,
  0x41, 0x41, 0x41, 0x41, 0x41, 0x41, 0x41, 0x41, 0x41, 0x41, 0x41, 0x41, 0x41, 0x41, 0x41, 0x41,
  0x41, 0x41, 0x41, 0x41, 0x49, 0x41, 0x41, 0x41, 0x47, 0x67, 0x4d, 0x43, 0x34, 0x6b, 0x57, 0x39,
  0x41, 0x6e, 0x62, 0x50, 0x74, 0x6b, 0x57, 0x2f, 0x39, 0x78, 0x72, 0x2f, 0x2b, 0x79, 0x72, 0x2f,
  0x2b, 0x46, 0x57, 0x2f, 0x2b, 0x72, 0x70, 0x50, 0x38, 0x78, 0x7a, 0x76, 0x2b, 0x53, 0x31, 0x76,
  0x2f, 0x30, 0x35, 0x76, 0x2f, 0x30, 0x35, 0x76, 0x2f, 0x30, 0x35, 0x76, 0x2b, 0x7a, 0x33, 0x76,
  0x39, 0x53, 0x7a, 0x76, 0x2f, 0x6f, 0x67, 0x2f, 0x39, 0x72, 0x66, 0x66, 0x2f, 0x30, 0x74, 0x2f,
  0x38, 0x74, 0x6c, 0x76, 0x2b, 0x69, 0x53, 0x76, 0x2f, 0x70, 0x64, 0x50, 0x37, 0x6a, 0x55, 0x73,
  0x63, 0x41, 0x45, 0x42, 0x30, 0x41, 0x41, 0x41, 0x45, 0x41, 0x41, 0x41, 0x49, 0x41, 0x41, 0x41,
  0x41, 0x41, 0x41, 0x41, 0x41, 0x41, 0x41, 0x41, 0x41, 0x41, 0x41, 0x41, 0x41, 0x41, 0x41, 0x41,
  0x41, 0x41, 0x41, 0x41, 0x41, 0x41, 0x41, 0x41, 0x45, 0x41, 0x41, 0x41, 0x41, 0x41, 0x41, 0x41,
  0x63, 0x41, 0x47, 0x44, 0x4b, 0x67, 0x53, 0x58, 0x49, 0x6b, 0x57, 0x2b, 0x69, 0x45, 0x59, 0x2f,
  0x46, 0x42, 0x53, 0x70, 0x56, 0x67, 0x45, 0x46, 0x41, 0x67, 0x4b, 0x58, 0x6d, 0x67, 0x4d, 0x5a,
  0x66, 0x67, 0x51, 0x61, 0x6e, 0x68, 0x51, 0x61, 0x2f, 0x68, 0x51, 0x61, 0x32, 0x67, 0x4f, 0x61,
  0x41, 0x67, 0x49, 0x58, 0x79, 0x67, 0x47, 0x47, 0x48, 0x44, 0x55, 0x74, 0x58, 0x47, 0x59, 0x2f,
  0x75, 0x69, 0x55, 0x74, 0x67, 0x67, 0x4d, 0x55, 0x38, 0x41, 0x47, 0x44, 0x63, 0x41, 0x41, 0x41,
  0x4d, 0x41, 0x41, 0x41, 0x41, 0x41, 0x41, 0x41, 0x45, 0x41, 0x41, 0x41, 0x41, 0x41, 0x41, 0x41,
  0x41, 0x41, 0x41, 0x41, 0x41, 0x41, 0x41, 0x41, 0x41, 0x41, 0x41, 0x41, 0x41, 0x41, 0x41, 0x41,
  0x41, 0x41, 0x41, 0x41, 0x41, 0x41, 0x41, 0x41, 0x41, 0x41, 0x41, 0x41, 0x41, 0x41, 0x41, 0x41,
  0x41, 0x41, 0x41, 0x41, 0x41, 0x41, 0x41, 0x41, 0x41, 0x41, 0x41, 0x41, 0x41, 0x41, 0x41, 0x41,
  0x41, 0x41, 0x41, 0x41, 0x41, 0x41, 0x41, 0x41, 0x41, 0x41, 0x41, 0x41, 0x41, 0x41, 0x41, 0x41,
  0x41, 0x41, 0x41, 0x41, 0x41, 0x41, 0x41, 0x41, 0x41, 0x41, 0x41, 0x41, 0x41, 0x41, 0x41, 0x41,
  0x41, 0x41, 0x41, 0x41, 0x41, 0x41, 0x41, 0x41, 0x41, 0x41, 0x41, 0x41, 0x41, 0x41, 0x41, 0x41,
  0x41, 0x41, 0x41, 0x41, 0x41, 0x41, 0x41, 0x41, 0x41, 0x41, 0x41, 0x41, 0x41, 0x41, 0x41, 0x41,
  0x41, 0x41, 0x41, 0x41, 0x41, 0x41, 0x41, 0x41, 0x41, 0x41, 0x41, 0x41, 0x41, 0x41, 0x41, 0x41,
  0x41, 0x41, 0x41, 0x41, 0x41, 0x41, 0x41, 0x41, 0x41, 0x41, 0x41, 0x41, 0x41, 0x41, 0x41, 0x41,
  0x41, 0x41, 0x41, 0x41, 0x41, 0x41, 0x41, 0x41, 0x41, 0x41, 0x41, 0x41, 0x41, 0x41, 0x41, 0x41,
  0x41, 0x41, 0x41, 0x41, 0x41, 0x41, 0x41, 0x41, 0x47, 0x67, 0x55, 0x67, 0x4f, 0x67, 0x55, 0x67,
  0x4f, 0x67, 0x55, 0x67, 0x4d, 0x41, 0x41, 0x41, 0x41, 0x41, 0x41, 0x41, 0x43, 0x41, 0x4d, 0x55,
  0x69, 0x45, 0x63, 0x75, 0x58, 0x46, 0x67, 0x75, 0x75, 0x67, 0x4f, 0x57, 0x51, 0x41, 0x41, 0x41,
  0x41, 0x67, 0x59, 0x77, 0x55, 0x41, 0x41, 0x41, 0x41, 0x41, 0x41, 0x41, 0x41, 0x41, 0x41, 0x41,
  0x41, 0x41, 0x41, 0x41, 0x41, 0x41, 0x41, 0x41, 0x41, 0x41, 0x41, 0x41, 0x41, 0x41, 0x41, 0x41,
  0x41, 0x41, 0x41, 0x41, 0x41, 0x41, 0x41, 0x41, 0x41, 0x41, 0x41, 0x41, 0x41, 0x41, 0x41, 0x41,
  0x41, 0x41, 0x41, 0x41, 0x41, 0x41, 0x41, 0x41, 0x41, 0x41, 0x41, 0x41, 0x41, 0x41, 0x41, 0x41,
  0x41, 0x41, 0x41, 0x41, 0x41, 0x41, 0x41, 0x41, 0x41, 0x41, 0x41, 0x41, 0x41, 0x41, 0x41, 0x41,
  0x44, 0x67, 0x65, 0x77, 0x49, 0x41, 0x41, 0x41, 0x41, 0x41, 0x41, 0x41, 0x41, 0x41, 0x41, 0x41,
  0x41, 0x41, 0x41, 0x41, 0x44, 0x41, 0x4f, 0x55, 0x72, 0x68, 0x51, 0x5a, 0x52, 0x6a, 0x59, 0x75,
  0x4f, 0x76, 0x2f, 0x50, 0x2b, 0x76, 0x2f, 0x50, 0x39, 0x6b, 0x63, 0x76, 0x41, 0x41, 0x41, 0x42,
  0x38, 0x41, 0x41, 0x41, 0x43, 0x67, 0x55, 0x67, 0x4f, 0x67, 0x55, 0x67, 0x4d, 0x41, 0x41, 0x41,
  0x45, 0x41, 0x41, 0x41, 0x41, 0x41, 0x41, 0x41, 0x41, 0x41, 0x41, 0x41, 0x41, 0x41, 0x41, 0x41,
  0x41, 0x41, 0x41, 0x41, 0x41, 0x41, 0x41, 0x41, 0x41, 0x41, 0x41, 0x41, 0x41, 0x41, 0x41, 0x41,
  0x41, 0x41, 0x41, 0x41, 0x41, 0x41, 0x41, 0x41, 0x41, 0x41, 0x41, 0x41, 0x41, 0x41, 0x41, 0x41,
  0x41, 0x41, 0x41, 0x41, 0x41, 0x41, 0x41, 0x41, 0x41, 0x41, 0x41, 0x41, 0x41, 0x41, 0x41, 0x41,
  0x41, 0x41, 0x41, 0x41, 0x41, 0x41, 0x41, 0x41, 0x44, 0x41, 0x4f, 0x44, 0x4d, 0x41, 0x51, 0x55,
  0x67, 0x41, 0x49, 0x56, 0x54, 0x6d, 0x69, 0x76, 0x2b, 0x4e, 0x37, 0x50, 0x38, 0x4d, 0x35, 0x50,
  0x39, 0x50, 0x2f, 0x50, 0x35, 0x76, 0x2f, 0x50, 0x36, 0x70, 0x75, 0x2f, 0x30, 0x47, 0x69, 0x2f,
  0x49, 0x43, 0x55, 0x6f, 0x38, 0x41, 0x41, 0x41, 0x41, 0x41, 0x41, 0x41, 0x41, 0x41, 0x41, 0x41,
  0x41, 0x41, 0x55, 0x41, 0x4d, 0x41, 0x41, 0x41, 0x41, 0x41, 0x41, 0x41, 0x41, 0x41, 0x41, 0x41,
  0x44, 0x67, 0x65, 0x77, 0x49, 0x41, 0x41, 0x41, 0x45, 0x41, 0x41, 0x41, 0x41, 0x41, 0x41, 0x41,
  0x41, 0x41, 0x41, 0x41, 0x41, 0x41, 0x41, 0x41, 0x41, 0x41, 0x41, 0x41, 0x41, 0x41, 0x41, 0x41,
  0x41, 0x41, 0x41, 0x41, 0x41, 0x41, 0x41, 0x41, 0x41, 0x41, 0x41, 0x41, 0x49, 0x41, 0x41, 0x41,
  0x4a, 0x67, 0x4f, 0x54, 0x36, 0x42, 0x53, 0x73, 0x57, 0x6b, 0x57, 0x2f, 0x39, 0x6c, 0x62, 0x50,
  0x38, 0x68, 0x53, 0x2f, 0x2f, 0x4c, 0x30, 0x2f, 0x2f, 0x52, 0x2f, 0x50, 0x75, 0x76, 0x2f, 0x50,
  0x34, 0x76, 0x2f, 0x76, 0x2b, 0x76, 0x2f, 0x66, 0x39, 0x76, 0x2f, 0x50, 0x37, 0x78, 0x2f, 0x50,
  0x39, 0x48, 0x6f, 0x2f, 0x38, 0x41, 0x4b, 0x58, 0x44, 0x41, 0x51, 0x45, 0x49, 0x41, 0x47, 0x41,
  0x67, 0x41, 0x41, 0x41, 0x44, 0x67, 0x65, 0x77, 0x49, 0x41, 0x41, 0x41, 0x41, 0x41, 0x2b, 0x41,
  0x45, 0x41, 0x41, 0x41, 0x41, 0x41, 0x41, 0x41, 0x44, 0x67, 0x4f, 0x51, 0x54, 0x67, 0x65, 0x51,
  0x51, 0x41, 0x41, 0x41, 0x49, 0x41, 0x41, 0x41, 0x41, 0x41, 0x41, 0x41, 0x41, 0x41, 0x41, 0x41,
  0x41, 0x41, 0x41, 0x41, 0x41, 0x41, 0x41, 0x41, 0x45, 0x41, 0x41, 0x41, 0x41, 0x41, 0x45, 0x41,
  0x32, 0x43, 0x53, 0x76, 0x4b, 0x6e, 0x64, 0x66, 0x2f, 0x49, 0x64, 0x66, 0x33, 0x6f, 0x66, 0x66,
  0x30, 0x6e, 0x62, 0x66, 0x34, 0x45, 0x63, 0x2f, 0x34, 0x4e, 0x35, 0x50, 0x38, 0x50, 0x2f, 0x66,
  0x38, 0x75, 0x2f, 0x2f, 0x39, 0x76, 0x2f, 0x76, 0x39, 0x76, 0x39, 0x50, 0x2b, 0x77, 0x2f, 0x50,
  0x34, 0x48, 0x6d, 0x2f, 0x30, 0x45, 0x58, 0x50, 0x39, 0x46, 0x62, 0x50, 0x2b, 0x68, 0x53, 0x74,
  0x65, 0x41, 0x4b, 0x45, 0x55, 0x41, 0x41, 0x41, 0x41, 0x41, 0x41, 0x41, 0x49, 0x41, 0x41, 0x41,
  0x43, 0x67, 0x41, 0x43, 0x30, 0x41, 0x41, 0x41, 0x38, 0x41, 0x41, 0x41, 0x41, 0x41, 0x41, 0x41,
  0x41, 0x41, 0x41, 0x41, 0x41, 0x41, 0x41, 0x41, 0x41, 0x41, 0x41, 0x41, 0x41, 0x41, 0x41, 0x41,
  0x41, 0x41, 0x41, 0x41, 0x41, 0x41, 0x41, 0x41, 0x43, 0x67, 0x55, 0x67, 0x4d, 0x41, 0x41, 0x41,
  0x49, 0x42, 0x51, 0x71, 0x4d, 0x6e, 0x64, 0x66, 0x2f, 0x70, 0x66, 0x66, 0x75, 0x49, 0x64, 0x66,
  0x2f, 0x49, 0x64, 0x66, 0x2b, 0x45, 0x59, 0x2f, 0x38, 0x4e, 0x35, 0x50, 0x2b, 0x50, 0x2f, 0x50,
  0x38, 0x76, 0x2f, 0x66, 0x2f, 0x50, 0x2f, 0x50, 0x39, 0x76, 0x2f, 0x50, 0x38, 0x6d, 0x6b, 0x2f,
  0x38, 0x45, 0x58, 0x50, 0x2f, 0x49, 0x66, 0x66, 0x7a, 0x49, 0x66, 0x66, 0x79, 0x6f, 0x64, 0x66,
  0x2b, 0x6a, 0x57, 0x2f, 0x70, 0x67, 0x4f, 0x56, 0x41, 0x41, 0x41, 0x41, 0x44, 0x69, 0x55, 0x59,
  0x79, 0x49, 0x71, 0x2f, 0x2b, 0x45, 0x63, 0x74, 0x4a, 0x41, 0x49, 0x58, 0x48, 0x42, 0x51, 0x59,
  0x34, 0x41, 0x47, 0x53, 0x63, 0x41, 0x41, 0x41, 0x41, 0x41, 0x41, 0x41, 0x41, 0x41, 0x41, 0x41,
  0x41, 0x41, 0x41, 0x41, 0x41, 0x41, 0x41, 0x41, 0x43, 0x67, 0x55, 0x67, 0x4d, 0x41, 0x41, 0x41,
  0x41, 0x44, 0x41, 0x41, 0x67, 0x67, 0x53, 0x74, 0x39, 0x6b, 0x5a, 0x50, 0x35, 0x48, 0x64, 0x66,
  0x31, 0x48, 0x62, 0x66, 0x2f, 0x6a, 0x59, 0x76, 0x38, 0x4f, 0x2f, 0x50, 0x2b, 0x50, 0x2f, 0x50,
  0x2f, 0x4d, 0x32, 0x2f, 0x2b, 0x51, 0x2f, 0x50, 0x2b, 0x77, 0x2f, 0x50, 0x38, 0x46, 0x67, 0x2f,
  0x2b, 0x48, 0x62, 0x66, 0x2b, 0x6f, 0x66, 0x66, 0x2b, 0x6f, 0x66, 0x66, 0x38, 0x70, 0x66, 0x76,
  0x70, 0x46, 0x5a, 0x50, 0x39, 0x67, 0x4f, 0x58, 0x45, 0x41, 0x41, 0x41, 0x48, 0x46, 0x65, 0x76,
  0x4c, 0x78, 0x2f, 0x50, 0x38, 0x4d, 0x31, 0x50, 0x39, 0x6f, 0x73, 0x2f, 0x39, 0x4e, 0x35, 0x50,
  0x39, 0x44, 0x59, 0x74, 0x6b, 0x41, 0x41, 0x41, 0x41, 0x41, 0x41, 0x41, 0x41, 0x41, 0x41, 0x41,
  0x41, 0x41, 0x41, 0x41, 0x41, 0x41, 0x55, 0x41, 0x4d, 0x41, 0x41, 0x41, 0x41, 0x41, 0x47, 0x42,
  0x43, 0x41, 0x51, 0x5a, 0x6e, 0x6d, 0x61, 0x2f, 0x50, 0x4a, 0x64, 0x50, 0x33, 0x6d, 0x59, 0x2f,
  0x34, 0x46, 0x62, 0x50, 0x39, 0x6f, 0x62, 0x50, 0x2b, 0x47, 0x67, 0x2f, 0x39, 0x47, 0x69, 0x2f,
  0x39, 0x6c, 0x57, 0x2f, 0x39, 0x49, 0x73, 0x2f, 0x39, 0x70, 0x73, 0x2f, 0x2f, 0x43, 0x57, 0x76,
  0x39, 0x6c, 0x5a, 0x50, 0x38, 0x6e, 0x62, 0x66, 0x38, 0x47, 0x62, 0x66, 0x79, 0x44, 0x57, 0x2f,
  0x39, 0x67, 0x4f, 0x5a, 0x45, 0x41, 0x41, 0x41, 0x41, 0x41, 0x41, 0x41, 0x4e, 0x44, 0x61, 0x74,
  0x46, 0x76, 0x2f, 0x50, 0x31, 0x76, 0x2f, 0x50, 0x71, 0x77, 0x2f, 0x50, 0x66, 0x51, 0x2f, 0x50,
  0x75, 0x45, 0x63, 0x75, 0x30, 0x41, 0x41, 0x41, 0x41, 0x41, 0x41, 0x41, 0x41, 0x41, 0x41, 0x41,
  0x41, 0x41, 0x41, 0x41, 0x49, 0x41, 0x41, 0x41, 0x41, 0x67, 0x4b, 0x43, 0x4a, 0x42, 0x53, 0x74,
  0x54, 0x73, 0x6c, 0x66, 0x2f, 0x54, 0x72, 0x2f, 0x2f, 0x54, 0x74, 0x2f, 0x39, 0x79, 0x72, 0x2f,
  0x39, 0x79, 0x72, 0x2f, 0x2f, 0x54, 0x74, 0x2f, 0x39, 0x52, 0x6e, 0x2f, 0x2f, 0x77, 0x6c, 0x76,
  0x2b, 0x53, 0x70, 0x2f, 0x2f, 0x4d, 0x68, 0x66, 0x2f, 0x4d, 0x68, 0x66, 0x2b, 0x76, 0x6c, 0x76,
  0x2b, 0x6f, 0x66, 0x50, 0x39, 0x47, 0x64, 0x50, 0x39, 0x6e, 0x62, 0x50, 0x32, 0x49, 0x64, 0x50,
  0x37, 0x68, 0x51, 0x62, 0x67, 0x41, 0x49, 0x42, 0x30, 0x41, 0x41, 0x41, 0x42, 0x41, 0x49, 0x56,
  0x68, 0x6f, 0x71, 0x2f, 0x2b, 0x77, 0x2f, 0x50, 0x2b, 0x4f, 0x2f, 0x50, 0x38, 0x47, 0x6b, 0x2f,
  0x2b, 0x67, 0x4b, 0x57, 0x49, 0x41, 0x41, 0x41, 0x41, 0x41, 0x41, 0x41, 0x41, 0x41, 0x41, 0x41,
  0x4c, 0x67, 0x2f, 0x77, 0x45, 0x41, 0x4d, 0x42, 0x6c, 0x69, 0x53, 0x74, 0x32, 0x75, 0x6e, 0x76,
  0x2f, 0x53, 0x72, 0x2f, 0x70, 0x52, 0x70, 0x2f, 0x39, 0x53, 0x72, 0x2f, 0x39, 0x79, 0x72, 0x2f,
  0x39, 0x79, 0x72, 0x2f, 0x39, 0x52, 0x70, 0x2f, 0x39, 0x79, 0x72, 0x2f, 0x2b, 0x53, 0x72, 0x2f,
  0x39, 0x79, 0x72, 0x2f, 0x2b, 0x7a, 0x72, 0x2f, 0x2b, 0x7a, 0x72, 0x2f, 0x2b, 0x53, 0x72, 0x2f,
  0x2f, 0x54, 0x72, 0x2f, 0x2b, 0x53, 0x72, 0x2f, 0x2b, 0x79, 0x72, 0x2f, 0x2f, 0x7a, 0x74, 0x2f,
  0x32, 0x4f, 0x6e, 0x76, 0x39, 0x43, 0x53, 0x74, 0x77, 0x41, 0x47, 0x42, 0x30, 0x41, 0x41, 0x41,
  0x44, 0x42, 0x51, 0x59, 0x58, 0x6d, 0x69, 0x76, 0x61, 0x44, 0x59, 0x72, 0x6c, 0x67, 0x45, 0x55,
  0x49, 0x41, 0x41, 0x41, 0x41, 0x41, 0x41, 0x41, 0x41, 0x41, 0x41, 0x41, 0x43, 0x67, 0x55, 0x67,
  0x4d, 0x41, 0x41, 0x41, 0x43, 0x68, 0x51, 0x62, 0x78, 0x4d, 0x6c, 0x76, 0x2f, 0x30, 0x76, 0x2f,
  0x72, 0x56, 0x76, 0x2f, 0x2b, 0x7a, 0x74, 0x2f, 0x39, 0x52, 0x70, 0x2f, 0x39, 0x79, 0x72, 0x2f,
  0x39, 0x79, 0x72, 0x2f, 0x39, 0x79, 0x72, 0x2f, 0x39, 0x79, 0x72, 0x2f, 0x39, 0x79, 0x72, 0x2f,
  0x39, 0x79, 0x72, 0x2f, 0x39, 0x53, 0x72, 0x2f, 0x39, 0x53, 0x72, 0x2f, 0x39, 0x79, 0x72, 0x2f,
  0x39, 0x53, 0x72, 0x2f, 0x39, 0x53, 0x72, 0x2f, 0x39, 0x53, 0x72, 0x2f, 0x39, 0x52, 0x72, 0x2f,
  0x2f, 0x54, 0x74, 0x2f, 0x71, 0x4f, 0x6c, 0x76, 0x2b, 0x68, 0x4f, 0x63, 0x67, 0x47, 0x4d, 0x41,
  0x55, 0x41, 0x41, 0x41, 0x43, 0x41, 0x41, 0x42, 0x34, 0x41, 0x41, 0x41, 0x41, 0x41, 0x41, 0x41,
  0x44, 0x67, 0x65, 0x77, 0x49, 0x41, 0x41, 0x41, 0x41, 0x41, 0x41, 0x41, 0x41, 0x41, 0x41, 0x41,
  0x44, 0x41, 0x4d, 0x46, 0x33, 0x49, 0x64, 0x50, 0x2f, 0x35, 0x31, 0x2f, 0x73, 0x5a, 0x33, 0x2f,
  0x38, 0x78, 0x70, 0x66, 0x2b, 0x56, 0x78, 0x76, 0x2b, 0x30, 0x76, 0x2f, 0x39, 0x52, 0x72, 0x2f,
  0x39, 0x79, 0x72, 0x2f, 0x39, 0x79, 0x72, 0x2f, 0x39, 0x79, 0x72, 0x2f, 0x39, 0x79, 0x72, 0x2f,
  0x39, 0x79, 0x72, 0x2f, 0x39, 0x79, 0x72, 0x2f, 0x39, 0x79, 0x72, 0x2f, 0x39, 0x52, 0x70, 0x2f,
  0x2b, 0x53, 0x72, 0x2f, 0x2b, 0x7a, 0x74, 0x2f, 0x39, 0x52, 0x70, 0x2f, 0x39, 0x78, 0x70, 0x2f,
  0x39, 0x52, 0x72, 0x2f, 0x2f, 0x7a, 0x74, 0x2f, 0x70, 0x4b, 0x68, 0x66, 0x38, 0x41, 0x4d, 0x58,
  0x51, 0x41, 0x41, 0x41, 0x41, 0x41, 0x41, 0x41, 0x44, 0x76, 0x2b, 0x77, 0x4b, 0x67, 0x55, 0x67,
  0x4d, 0x41, 0x41, 0x41, 0x41, 0x41, 0x41, 0x41, 0x41, 0x41, 0x41, 0x41, 0x41, 0x41, 0x49, 0x41,
  0x64, 0x68, 0x53, 0x74, 0x65, 0x56, 0x78, 0x2f, 0x36, 0x36, 0x33, 0x76, 0x30, 0x69, 0x53, 0x76,
  0x2f, 0x71, 0x67, 0x2f, 0x2f, 0x6d, 0x61, 0x76, 0x2f, 0x78, 0x72, 0x66, 0x2b, 0x79, 0x74, 0x2f,
  0x39, 0x52, 0x72, 0x2f, 0x39, 0x79, 0x72, 0x2f, 0x39, 0x79, 0x72, 0x2f, 0x39, 0x79, 0x72, 0x2f,
  0x39, 0x79, 0x72, 0x2f, 0x39, 0x79, 0x72, 0x2f, 0x39, 0x52, 0x72, 0x2f, 0x2b, 0x31, 0x76, 0x2f,
  0x38, 0x57, 0x78, 0x2f, 0x2f, 0x58, 0x7a, 0x76, 0x2f, 0x62, 0x35, 0x2f, 0x2b, 0x56, 0x76, 0x2f,
  0x39, 0x52, 0x72, 0x2f, 0x39, 0x79, 0x72, 0x2f, 0x32, 0x53, 0x72, 0x2f, 0x33, 0x44, 0x53, 0x75,
  0x30, 0x41, 0x47, 0x42, 0x4c, 0x76, 0x65, 0x77, 0x49, 0x41, 0x41, 0x41, 0x45, 0x41, 0x41, 0x41,
  0x41, 0x41, 0x41, 0x41, 0x41, 0x41, 0x41, 0x41, 0x41, 0x41, 0x41, 0x41, 0x42, 0x67, 0x4d, 0x45,
  0x32, 0x48, 0x62, 0x50, 0x2f, 0x2b, 0x39, 0x2f, 0x31, 0x6f, 0x63, 0x2f, 0x2b, 0x67, 0x4f, 0x66,
  0x2b, 0x2b, 0x39, 0x2f, 0x2f, 0x72, 0x67, 0x2f, 0x38, 0x6c, 0x59, 0x2f, 0x2f, 0x55, 0x76, 0x2f,
  0x39, 0x52, 0x70, 0x2f, 0x39, 0x53, 0x72, 0x2f, 0x39, 0x79, 0x72, 0x2f, 0x39, 0x53, 0x72, 0x2f,
  0x39, 0x79, 0x72, 0x2f, 0x39, 0x52, 0x72, 0x2f, 0x2b, 0x30, 0x76, 0x2f, 0x39, 0x77, 0x70, 0x66,
  0x38, 0x47, 0x61, 0x2f, 0x2b, 0x45, 0x57, 0x76, 0x2b, 0x71, 0x65, 0x2f, 0x2b, 0x65, 0x39, 0x2f,
  0x2b, 0x56, 0x76, 0x2f, 0x39, 0x52, 0x70, 0x2f, 0x2f, 0x54, 0x72, 0x2f, 0x78, 0x4b, 0x68, 0x66,
  0x2f, 0x41, 0x4b, 0x47, 0x55, 0x41, 0x41, 0x41, 0x44, 0x67, 0x4f, 0x51, 0x51, 0x41, 0x41, 0x41,
  0x41, 0x41, 0x41, 0x41, 0x41, 0x41, 0x41, 0x41, 0x41, 0x41, 0x41, 0x41, 0x43, 0x41, 0x4f, 0x61,
  0x42, 0x75, 0x6e, 0x76, 0x37, 0x63, 0x37, 0x2f, 0x79, 0x6a, 0x59, 0x76, 0x2f, 0x67, 0x51, 0x66,
  0x38, 0x68, 0x51, 0x76, 0x2f, 0x41, 0x4f, 0x66, 0x38, 0x6c, 0x59, 0x2f, 0x39, 0x7a, 0x74, 0x2f,
  0x39, 0x78, 0x70, 0x2f, 0x2b, 0x53, 0x72, 0x2f, 0x2b, 0x53, 0x72, 0x2f, 0x2b, 0x53, 0x72, 0x2f,
  0x39, 0x53, 0x72, 0x2f, 0x2b, 0x53, 0x72, 0x2f, 0x2f, 0x55, 0x76, 0x76, 0x39, 0x67, 0x4f, 0x66,
  0x39, 0x33, 0x7a, 0x76, 0x2b, 0x59, 0x31, 0x76, 0x2f, 0x67, 0x47, 0x50, 0x2f, 0x77, 0x70, 0x50,
  0x2f, 0x2b, 0x39, 0x2f, 0x39, 0x52, 0x70, 0x2f, 0x2b, 0x79, 0x72, 0x2f, 0x76, 0x50, 0x6e, 0x76,
  0x37, 0x68, 0x51, 0x62, 0x4d, 0x41, 0x41, 0x41, 0x43, 0x67, 0x55, 0x67, 0x4d, 0x41, 0x41, 0x41,
  0x41, 0x41, 0x41, 0x41, 0x41, 0x41, 0x41, 0x41, 0x41, 0x41, 0x41, 0x41, 0x43, 0x43, 0x53, 0x74,
  0x67, 0x77, 0x70, 0x2f, 0x2f, 0x39, 0x35, 0x2f, 0x31, 0x6c, 0x69, 0x2f, 0x2b, 0x41, 0x65, 0x76,
  0x38, 0x67, 0x53, 0x76, 0x2f, 0x41, 0x55, 0x66, 0x38, 0x4a, 0x68, 0x50, 0x2f, 0x30, 0x76, 0x2f,
  0x2f, 0x77, 0x70, 0x76, 0x38, 0x4e, 0x6c, 0x76, 0x2f, 0x50, 0x6e, 0x76, 0x38, 0x4e, 0x6a, 0x76,
  0x2b, 0x53, 0x72, 0x2f, 0x2f, 0x55, 0x74, 0x2f, 0x39, 0x50, 0x6e, 0x66, 0x2b, 0x41, 0x4f, 0x66,
  0x38, 0x6d, 0x61, 0x2f, 0x38, 0x6d, 0x61, 0x2f, 0x2b, 0x41, 0x4d, 0x66, 0x39, 0x48, 0x61, 0x2f,
  0x2f, 0x2f, 0x2f, 0x2f, 0x39, 0x79, 0x72, 0x2f, 0x39, 0x79, 0x72, 0x2f, 0x31, 0x78, 0x70, 0x2f,
  0x2f, 0x6a, 0x55, 0x74, 0x30, 0x41, 0x41, 0x41, 0x55, 0x41, 0x41, 0x41, 0x41, 0x41, 0x41, 0x41,
  0x45, 0x41, 0x41, 0x41, 0x41, 0x41, 0x41, 0x41, 0x41, 0x41, 0x41, 0x41, 0x41, 0x45, 0x55, 0x2f,
  0x51, 0x51, 0x70, 0x2f, 0x38, 0x5a, 0x39, 0x2f, 0x38, 0x32, 0x78, 0x76, 0x2b, 0x67, 0x65, 0x76,
  0x2b, 0x67, 0x69, 0x76, 0x38, 0x45, 0x67, 0x2f, 0x2f, 0x54, 0x72, 0x76, 0x2f, 0x76, 0x6e, 0x76,
  0x2b, 0x76, 0x6c, 0x76, 0x2b, 0x75, 0x6c, 0x76, 0x2f, 0x50, 0x6c, 0x76, 0x38, 0x51, 0x6e, 0x2f,
  0x39, 0x78, 0x72, 0x2f, 0x2f, 0x54, 0x74, 0x2f, 0x39, 0x50, 0x6e, 0x66, 0x39, 0x41, 0x63, 0x76,
  0x2f, 0x67, 0x51, 0x66, 0x2f, 0x41, 0x4d, 0x66, 0x38, 0x67, 0x59, 0x76, 0x2f, 0x4a, 0x67, 0x2f,
  0x2f, 0x2f, 0x2f, 0x2f, 0x39, 0x53, 0x72, 0x2f, 0x39, 0x52, 0x70, 0x2f, 0x36, 0x79, 0x72, 0x2f,
  0x2b, 0x46, 0x57, 0x2f, 0x4d, 0x41, 0x43, 0x42, 0x67, 0x41, 0x41, 0x41, 0x41, 0x41, 0x41, 0x41,
  0x45, 0x41, 0x41, 0x41, 0x41, 0x41, 0x41, 0x41, 0x41, 0x41, 0x41, 0x41, 0x42, 0x6b, 0x55, 0x2f,
  0x72, 0x77, 0x33, 0x66, 0x2b, 0x51, 0x2f, 0x50, 0x2f, 0x61, 0x2f, 0x76, 0x2b, 0x59, 0x33, 0x76,
  0x2b, 0x7a, 0x74, 0x66, 0x38, 0x56, 0x76, 0x2f, 0x2f, 0x54, 0x74, 0x2f, 0x2f, 0x74, 0x6a, 0x66,
  0x2b, 0x42, 0x59, 0x76, 0x38, 0x42, 0x69, 0x2f, 0x39, 0x6a, 0x69, 0x2f, 0x38, 0x48, 0x64, 0x50,
  0x2f, 0x70, 0x66, 0x50, 0x2b, 0x79, 0x72, 0x2f, 0x38, 0x32, 0x78, 0x2f, 0x38, 0x44, 0x67, 0x2f,
  0x2b, 0x41, 0x67, 0x76, 0x2f, 0x41, 0x67, 0x76, 0x39, 0x67, 0x63, 0x76, 0x39, 0x34, 0x7a, 0x76,
  0x2f, 0x38, 0x35, 0x2f, 0x39, 0x51, 0x70, 0x2f, 0x39, 0x53, 0x72, 0x2f, 0x36, 0x79, 0x72, 0x2f,
  0x2b, 0x47, 0x57, 0x2f, 0x6b, 0x41, 0x41, 0x43, 0x41, 0x41, 0x41, 0x41, 0x41, 0x41, 0x41, 0x41,
  0x49, 0x41, 0x41, 0x41, 0x41, 0x41, 0x41, 0x41, 0x41, 0x41, 0x41, 0x41, 0x41, 0x44, 0x53, 0x2b,
  0x2f, 0x51, 0x33, 0x66, 0x2b, 0x51, 0x2f, 0x50, 0x35, 0x50, 0x2f, 0x50, 0x2f, 0x54, 0x39, 0x66,
  0x2f, 0x30, 0x74, 0x2f, 0x39, 0x78, 0x72, 0x2f, 0x39, 0x79, 0x72, 0x2f, 0x38, 0x78, 0x6e, 0x2f,
  0x2b, 0x69, 0x65, 0x76, 0x2f, 0x71, 0x2b, 0x2f, 0x39, 0x4e, 0x2f, 0x50, 0x38, 0x42, 0x69, 0x76,
  0x38, 0x4e, 0x68, 0x76, 0x2b, 0x79, 0x72, 0x2f, 0x2b, 0x54, 0x74, 0x2f, 0x2b, 0x32, 0x78, 0x76,
  0x39, 0x4d, 0x70, 0x50, 0x39, 0x4b, 0x6e, 0x50, 0x39, 0x57, 0x78, 0x76, 0x39, 0x39, 0x2f, 0x2f,
  0x2b, 0x79, 0x7a, 0x76, 0x39, 0x78, 0x70, 0x2f, 0x39, 0x52, 0x70, 0x2f, 0x36, 0x79, 0x72, 0x2f,
  0x38, 0x6b, 0x55, 0x2b, 0x34, 0x41, 0x41, 0x42, 0x49, 0x41, 0x41, 0x41, 0x41, 0x41, 0x41, 0x41,
  0x45, 0x41, 0x41, 0x41, 0x41, 0x41, 0x41, 0x41, 0x41, 0x41, 0x41, 0x41, 0x41, 0x68, 0x51, 0x73,
  0x72, 0x51, 0x70, 0x76, 0x34, 0x78, 0x33, 0x76, 0x32, 0x78, 0x33, 0x66, 0x2f, 0x78, 0x74, 0x76,
  0x39, 0x52, 0x70, 0x2f, 0x39, 0x79, 0x72, 0x2f, 0x39, 0x53, 0x72, 0x2f, 0x2b, 0x53, 0x72, 0x2f,
  0x2f, 0x74, 0x68, 0x66, 0x39, 0x6e, 0x67, 0x2f, 0x2b, 0x48, 0x6b, 0x2f, 0x38, 0x4b, 0x66, 0x66,
  0x2b, 0x53, 0x72, 0x2f, 0x39, 0x79, 0x72, 0x2f, 0x39, 0x52, 0x70, 0x2f, 0x2b, 0x54, 0x74, 0x2f,
  0x2f, 0x34, 0x7a, 0x2f, 0x2f, 0x35, 0x39, 0x76, 0x39, 0x58, 0x2f, 0x76, 0x2f, 0x77, 0x2f, 0x50,
  0x2f, 0x77, 0x39, 0x50, 0x38, 0x79, 0x72, 0x2f, 0x39, 0x79, 0x70, 0x2f, 0x31, 0x52, 0x70, 0x2f,
  0x2b, 0x44, 0x53, 0x74, 0x55, 0x41, 0x41, 0x41, 0x49, 0x41, 0x41, 0x41, 0x41, 0x41, 0x41, 0x41,
  0x41, 0x41, 0x41, 0x41, 0x41, 0x41, 0x41, 0x41, 0x41, 0x41, 0x41, 0x41, 0x41, 0x41, 0x4f, 0x58,
  0x71, 0x4c, 0x68, 0x66, 0x2f, 0x7a, 0x72, 0x2f, 0x78, 0x79, 0x70, 0x2f, 0x39, 0x79, 0x72, 0x2f,
  0x39, 0x79, 0x72, 0x2f, 0x39, 0x52, 0x70, 0x2f, 0x39, 0x79, 0x72, 0x2f, 0x39, 0x7a, 0x76, 0x2f,
  0x2b, 0x30, 0x78, 0x2f, 0x39, 0x53, 0x74, 0x2f, 0x38, 0x52, 0x70, 0x2f, 0x2b, 0x7a, 0x74, 0x2f,
  0x39, 0x78, 0x70, 0x2f, 0x39, 0x79, 0x70, 0x2f, 0x39, 0x79, 0x72, 0x2f, 0x39, 0x52, 0x72, 0x2f,
  0x39, 0x78, 0x6e, 0x2f, 0x2b, 0x50, 0x33, 0x66, 0x39, 0x4f, 0x2f, 0x50, 0x2b, 0x51, 0x2f, 0x50,
  0x38, 0x77, 0x39, 0x66, 0x38, 0x78, 0x72, 0x2f, 0x2b, 0x79, 0x72, 0x2f, 0x75, 0x4f, 0x6c, 0x76,
  0x36, 0x67, 0x4f, 0x61, 0x4d, 0x41, 0x41, 0x41, 0x44, 0x67, 0x4f, 0x51, 0x51, 0x41, 0x41, 0x41,
  0x41, 0x41, 0x41, 0x41, 0x41, 0x41, 0x41, 0x41, 0x41, 0x41, 0x41, 0x41, 0x41, 0x41, 0x47, 0x42,
  0x6f, 0x45, 0x57, 0x2f, 0x43, 0x53, 0x72, 0x2f, 0x35, 0x79, 0x72, 0x2f, 0x35, 0x53, 0x70, 0x2f,
  0x39, 0x79, 0x72, 0x2f, 0x2b, 0x56, 0x7a, 0x2f, 0x2b, 0x33, 0x39, 0x2f, 0x2b, 0x34, 0x2f, 0x2f,
  0x2b, 0x59, 0x2f, 0x2f, 0x2f, 0x59, 0x2f, 0x2f, 0x2f, 0x59, 0x2f, 0x2f, 0x2b, 0x58, 0x39, 0x2f,
  0x2b, 0x57, 0x33, 0x2f, 0x39, 0x7a, 0x76, 0x2f, 0x39, 0x78, 0x70, 0x2f, 0x39, 0x79, 0x72, 0x2f,
  0x39, 0x79, 0x72, 0x2f, 0x39, 0x53, 0x72, 0x2f, 0x38, 0x78, 0x31, 0x76, 0x2f, 0x78, 0x33, 0x66,
  0x38, 0x52, 0x74, 0x2f, 0x39, 0x52, 0x70, 0x2f, 0x2f, 0x54, 0x72, 0x2f, 0x79, 0x6f, 0x64, 0x50,
  0x39, 0x67, 0x49, 0x45, 0x38, 0x41, 0x41, 0x41, 0x43, 0x67, 0x55, 0x67, 0x4d, 0x41, 0x41, 0x41,
  0x41, 0x41, 0x41, 0x41, 0x41, 0x41, 0x41, 0x41, 0x41, 0x41, 0x41, 0x41, 0x41, 0x41, 0x41, 0x41,
  0x41, 0x67, 0x4f, 0x58, 0x55, 0x4a, 0x68, 0x66, 0x2b, 0x79, 0x72, 0x2f, 0x79, 0x7a, 0x74, 0x2f,
  0x2f, 0x58, 0x37, 0x2f, 0x2b, 0x34, 0x2f, 0x2f, 0x2b, 0x34, 0x2f, 0x2f, 0x2b, 0x34, 0x2f, 0x2f,
  0x2b, 0x34, 0x2f, 0x2f, 0x2b, 0x34, 0x2f, 0x2f, 0x2b, 0x34, 0x2f, 0x2f, 0x2b, 0x34, 0x2f, 0x2f,
  0x2b, 0x34, 0x2f, 0x2f, 0x2b, 0x34, 0x2f, 0x2f, 0x2b, 0x56, 0x33, 0x2f, 0x39, 0x79, 0x72, 0x2f,
  0x39, 0x79, 0x72, 0x2f, 0x39, 0x79, 0x72, 0x2f, 0x2b, 0x53, 0x70, 0x2f, 0x2b, 0x53, 0x70, 0x2f,
  0x39, 0x79, 0x70, 0x2f, 0x2b, 0x53, 0x72, 0x2f, 0x77, 0x77, 0x70, 0x2f, 0x35, 0x43, 0x51, 0x74,
  0x6b, 0x46, 0x41, 0x41, 0x62, 0x67, 0x42, 0x77, 0x45, 0x41, 0x41, 0x41, 0x45, 0x41, 0x41, 0x41,
  0x41, 0x41, 0x41, 0x41, 0x41, 0x41, 0x41, 0x41, 0x41, 0x41, 0x41, 0x41, 0x43, 0x67, 0x55, 0x67,
  0x4d, 0x41, 0x41, 0x41, 0x44, 0x41, 0x53, 0x63, 0x48, 0x6c, 0x59, 0x2f, 0x38, 0x6f, 0x66, 0x50,
  0x77, 0x57, 0x37, 0x2f, 0x2f, 0x59, 0x2f, 0x2f, 0x2b, 0x34, 0x2f, 0x2f, 0x2b, 0x34, 0x2f, 0x2f,
  0x2b, 0x34, 0x2f, 0x2f, 0x2b, 0x34, 0x2f, 0x2f, 0x2b, 0x34, 0x2f, 0x2f, 0x2b, 0x34, 0x2f, 0x2f,
  0x2b, 0x34, 0x2f, 0x2f, 0x2b, 0x34, 0x2f, 0x2f, 0x2b, 0x34, 0x2f, 0x2f, 0x2b, 0x57, 0x35, 0x2f,
  0x39, 0x79, 0x72, 0x2f, 0x39, 0x79, 0x72, 0x2f, 0x39, 0x53, 0x72, 0x2f, 0x39, 0x53, 0x72, 0x2f,
  0x39, 0x53, 0x72, 0x2f, 0x37, 0x7a, 0x72, 0x2f, 0x76, 0x47, 0x59, 0x2f, 0x39, 0x41, 0x47, 0x45,
  0x67, 0x41, 0x41, 0x41, 0x43, 0x67, 0x55, 0x67, 0x4d, 0x41, 0x41, 0x41, 0x41, 0x41, 0x41, 0x41,
  0x41, 0x41, 0x41, 0x41, 0x41, 0x41, 0x41, 0x41, 0x41, 0x41, 0x41, 0x41, 0x41, 0x41, 0x41, 0x41,
  0x41, 0x41, 0x41, 0x41, 0x78, 0x46, 0x57, 0x39, 0x39, 0x78, 0x72, 0x2f, 0x37, 0x4d, 0x68, 0x66,
  0x31, 0x4a, 0x68, 0x50, 0x2f, 0x35, 0x2f, 0x2f, 0x32, 0x34, 0x2f, 0x2f, 0x32, 0x58, 0x2f, 0x2f,
  0x2b, 0x34, 0x2f, 0x2f, 0x2b, 0x34, 0x2f, 0x2f, 0x2b, 0x34, 0x2f, 0x2f, 0x2b, 0x34, 0x2f, 0x2f,
  0x2b, 0x34, 0x2f, 0x2f, 0x2b, 0x34, 0x2f, 0x2f, 0x2b, 0x34, 0x2f, 0x2f, 0x2b, 0x34, 0x2f, 0x2f,
  0x2b, 0x56, 0x33, 0x2f, 0x39, 0x78, 0x70, 0x2f, 0x39, 0x53, 0x72, 0x2f, 0x2b, 0x53, 0x72, 0x2f,
  0x2f, 0x54, 0x72, 0x2f, 0x36, 0x6f, 0x64, 0x50, 0x38, 0x41, 0x4b, 0x59, 0x45, 0x41, 0x41, 0x41,
  0x43, 0x67, 0x55, 0x67, 0x4d, 0x41, 0x41, 0x41, 0x41, 0x41, 0x41, 0x41, 0x41, 0x41, 0x41, 0x41,
  0x41, 0x41, 0x41, 0x41, 0x41, 0x41, 0x41, 0x41, 0x41, 0x41, 0x41, 0x41, 0x44, 0x2f, 0x2f, 0x77,
  0x45, 0x41, 0x41, 0x41, 0x66, 0x44, 0x55, 0x75, 0x42, 0x78, 0x72, 0x2f, 0x2f, 0x30, 0x76, 0x2f,
  0x6b, 0x77, 0x70, 0x2f, 0x31, 0x51, 0x78, 0x76, 0x2f, 0x59, 0x2f, 0x2f, 0x2f, 0x36, 0x2f, 0x2f,
  0x33, 0x35, 0x2f, 0x2f, 0x76, 0x5a, 0x2f, 0x2f, 0x79, 0x34, 0x2f, 0x2f, 0x32, 0x34, 0x2f, 0x2f,
  0x36, 0x34, 0x2f, 0x2f, 0x36, 0x34, 0x2f, 0x2f, 0x36, 0x34, 0x2f, 0x2f, 0x36, 0x34, 0x2f, 0x2f,
  0x37, 0x59, 0x2f, 0x2f, 0x36, 0x55, 0x78, 0x2f, 0x39, 0x79, 0x72, 0x2f, 0x2f, 0x50, 0x6e, 0x76,
  0x33, 0x47, 0x59, 0x2f, 0x6b, 0x67, 0x4d, 0x58, 0x34, 0x41, 0x41, 0x41, 0x43, 0x67, 0x55, 0x67,
  0x4d, 0x41, 0x41, 0x41, 0x41, 0x41, 0x41, 0x41, 0x41, 0x41, 0x41, 0x41, 0x41, 0x41, 0x41, 0x41,
  0x41, 0x41, 0x41, 0x41, 0x41, 0x41, 0x41, 0x41, 0x41, 0x41, 0x41, 0x41, 0x43, 0x67, 0x55, 0x67,
  0x4d, 0x41, 0x41, 0x41, 0x43, 0x67, 0x4d, 0x45, 0x41, 0x45, 0x57, 0x2b, 0x6a, 0x73, 0x6a, 0x66,
  0x38, 0x70, 0x68, 0x66, 0x2f, 0x67, 0x51, 0x64, 0x49, 0x46, 0x61, 0x2b, 0x41, 0x4d, 0x70, 0x66,
  0x2b, 0x7a, 0x33, 0x76, 0x39, 0x32, 0x39, 0x2f, 0x2f, 0x59, 0x2f, 0x2f, 0x2f, 0x35, 0x2f, 0x2f,
  0x2f, 0x35, 0x2f, 0x2f, 0x2f, 0x35, 0x2f, 0x2f, 0x2f, 0x35, 0x2f, 0x2f, 0x2f, 0x35, 0x2f, 0x2f,
  0x39, 0x57, 0x39, 0x2f, 0x38, 0x53, 0x76, 0x2f, 0x2f, 0x73, 0x6a, 0x66, 0x7a, 0x69, 0x57, 0x76,
  0x2f, 0x67, 0x4d, 0x47, 0x34, 0x41, 0x41, 0x41, 0x44, 0x67, 0x4f, 0x51, 0x51, 0x41, 0x41, 0x41,
  0x41, 0x41, 0x41, 0x41, 0x41, 0x41, 0x41, 0x41, 0x41, 0x41, 0x41, 0x41, 0x41, 0x41, 0x41, 0x41,
  0x41, 0x41, 0x41, 0x41, 0x41, 0x41, 0x41, 0x41, 0x41, 0x41, 0x41, 0x41, 0x41, 0x41, 0x41, 0x41,
  0x41, 0x41, 0x41, 0x41, 0x45, 0x41, 0x41, 0x41, 0x41, 0x41, 0x45, 0x42, 0x67, 0x67, 0x4f, 0x57,
  0x41, 0x67, 0x4d, 0x55, 0x38, 0x66, 0x41, 0x41, 0x49, 0x41, 0x41, 0x41, 0x76, 0x41, 0x49, 0x45,
  0x6e, 0x41, 0x4f, 0x59, 0x31, 0x43, 0x53, 0x73, 0x46, 0x46, 0x61, 0x2b, 0x44, 0x48, 0x65, 0x2f,
  0x58, 0x6f, 0x65, 0x2f, 0x33, 0x6f, 0x67, 0x2f, 0x33, 0x6f, 0x67, 0x2f, 0x70, 0x47, 0x61, 0x2b,
  0x64, 0x43, 0x55, 0x76, 0x4f, 0x72, 0x6a, 0x66, 0x36, 0x53, 0x72, 0x2f, 0x70, 0x75, 0x6c, 0x76,
  0x33, 0x68, 0x4f, 0x59, 0x6d, 0x67, 0x55, 0x67, 0x50, 0x67, 0x4f, 0x51, 0x51, 0x41, 0x41, 0x41,
  0x41, 0x41, 0x41, 0x41, 0x41, 0x41, 0x41, 0x41, 0x41, 0x41, 0x41, 0x41, 0x41, 0x41, 0x41, 0x41,
  0x41, 0x41, 0x41, 0x41, 0x41, 0x41, 0x41, 0x41, 0x41, 0x41, 0x41, 0x41, 0x41, 0x41, 0x41, 0x41,
  0x41, 0x41, 0x41, 0x41, 0x41, 0x41, 0x41, 0x41, 0x49, 0x41, 0x41, 0x41, 0x41, 0x41, 0x41, 0x41,
  0x41, 0x41, 0x41, 0x41, 0x41, 0x41, 0x41, 0x41, 0x41, 0x41, 0x41, 0x41, 0x41, 0x41, 0x41, 0x41,
  0x41, 0x41, 0x41, 0x41, 0x41, 0x41, 0x41, 0x41, 0x41, 0x41, 0x41, 0x41, 0x59, 0x41, 0x41, 0x42,
  0x6b, 0x41, 0x41, 0x43, 0x51, 0x41, 0x41, 0x43, 0x4d, 0x41, 0x41, 0x43, 0x45, 0x41, 0x41, 0x41,
  0x75, 0x41, 0x49, 0x45, 0x2b, 0x70, 0x64, 0x50, 0x2f, 0x30, 0x74, 0x2f, 0x73, 0x74, 0x6c, 0x76,
  0x39, 0x67, 0x4d, 0x59, 0x55, 0x41, 0x41, 0x41, 0x44, 0x67, 0x4f, 0x51, 0x51, 0x41, 0x41, 0x41,
  0x41, 0x41, 0x41, 0x41, 0x41, 0x41, 0x41, 0x41, 0x41, 0x41, 0x41, 0x41, 0x41, 0x41, 0x41, 0x41,
  0x41, 0x41, 0x41, 0x41, 0x41, 0x41, 0x41, 0x41, 0x41, 0x41, 0x41, 0x41, 0x41, 0x41, 0x41, 0x41,
  0x41, 0x41, 0x41, 0x41, 0x41, 0x41, 0x41, 0x41, 0x41, 0x41, 0x41, 0x41, 0x4c, 0x67, 0x4f, 0x51,
  0x54, 0x67, 0x4f, 0x51, 0x51, 0x41, 0x41, 0x41, 0x45, 0x41, 0x41, 0x41, 0x47, 0x67, 0x55, 0x67,
  0x50, 0x67, 0x4f, 0x51, 0x54, 0x76, 0x65, 0x77, 0x49, 0x41, 0x41, 0x41, 0x41, 0x41, 0x41, 0x41,
  0x41, 0x41, 0x41, 0x41, 0x41, 0x41, 0x41, 0x41, 0x41, 0x41, 0x41, 0x41, 0x41, 0x41, 0x41, 0x41,
  0x41, 0x41, 0x41, 0x41, 0x43, 0x67, 0x51, 0x59, 0x62, 0x46, 0x59, 0x2f, 0x65, 0x69, 0x53, 0x73,
  0x65, 0x67, 0x4d, 0x42, 0x6b, 0x41, 0x41, 0x41, 0x45, 0x41, 0x41, 0x41, 0x45, 0x41, 0x41, 0x41,
  0x41, 0x41, 0x41, 0x41, 0x41, 0x41, 0x41, 0x41, 0x41, 0x41, 0x41, 0x41, 0x41, 0x41, 0x41, 0x41,
  0x41, 0x41, 0x41, 0x41, 0x41, 0x41, 0x41, 0x41, 0x41, 0x41, 0x41, 0x41, 0x41, 0x41, 0x41, 0x41,
  0x41, 0x41, 0x41, 0x41, 0x41, 0x41, 0x41, 0x41, 0x41, 0x41, 0x41, 0x41, 0x41, 0x41, 0x41, 0x41,
  0x41, 0x41, 0x41, 0x41, 0x41, 0x41, 0x41, 0x41, 0x41, 0x41, 0x41, 0x41, 0x41, 0x41, 0x41, 0x41,
  0x41, 0x41, 0x41, 0x41, 0x41, 0x41, 0x41, 0x41, 0x41, 0x41, 0x41, 0x41, 0x41, 0x41, 0x41, 0x41,
  0x41, 0x41, 0x41, 0x41, 0x41, 0x41, 0x41, 0x41, 0x41, 0x41, 0x41, 0x41, 0x41, 0x41, 0x41, 0x41,
  0x41, 0x41, 0x41, 0x41, 0x41, 0x41, 0x41, 0x41, 0x41, 0x41, 0x41, 0x41, 0x41, 0x41, 0x41, 0x41,
  0x41, 0x41, 0x41, 0x41, 0x41, 0x41, 0x41, 0x41, 0x41, 0x41, 0x41, 0x41, 0x41, 0x41, 0x41, 0x41,
  0x41, 0x41, 0x41, 0x41, 0x41, 0x41, 0x41, 0x41, 0x41, 0x41, 0x41, 0x41, 0x41, 0x41, 0x41, 0x41,
  0x41, 0x41, 0x41, 0x41, 0x41, 0x41, 0x41, 0x41, 0x41, 0x41, 0x41, 0x41, 0x41, 0x41, 0x41, 0x41,
  0x41, 0x41, 0x41, 0x41, 0x41, 0x41, 0x41, 0x41, 0x41, 0x41, 0x41, 0x41, 0x41, 0x41, 0x41, 0x41,
  0x41, 0x41, 0x41, 0x41, 0x41, 0x41, 0x41, 0x41, 0x41, 0x41, 0x41, 0x41, 0x41, 0x41, 0x41, 0x41,
  0x41, 0x41, 0x41, 0x41, 0x41, 0x41, 0x41, 0x41, 0x41, 0x41, 0x41, 0x41, 0x41, 0x41, 0x41, 0x41,
  0x41, 0x41, 0x41, 0x41, 0x41, 0x41, 0x41, 0x41, 0x41, 0x41, 0x41, 0x41, 0x41, 0x41, 0x41, 0x41,
  0x41, 0x41, 0x41, 0x41, 0x41, 0x41, 0x41, 0x41, 0x41, 0x41, 0x41, 0x41, 0x41, 0x41, 0x41, 0x41,
  0x41, 0x41, 0x41, 0x41, 0x41, 0x41, 0x41, 0x41, 0x41, 0x41, 0x41, 0x41, 0x41, 0x41, 0x41, 0x41,
  0x41, 0x41, 0x41, 0x41, 0x41, 0x41, 0x41, 0x41, 0x41, 0x41, 0x41, 0x41, 0x41, 0x41, 0x41, 0x41,
  0x41, 0x41, 0x41, 0x41, 0x41, 0x41, 0x41, 0x41, 0x41, 0x3d, 0x22, 0x7d, 0x5d, 0x7d, 0x2c, 0x7b,
  0x22, 0x69, 0x64, 0x22, 0x3a, 0x22, 0x66, 0x6c, 0x61, 0x70, 0x70, 0x79, 0x2d, 0x62, 0x69, 0x72,
  0x64, 0x22, 0x2c, 0x22, 0x76, 0x65, 0x72, 0x73, 0x69, 0x6f, 0x6e, 0x22, 0x3a, 0x22, 0x31, 0x2e,
  0x30, 0x2e, 0x34, 0x22, 0x2c, 0x22, 0x77, 0x69, 0x64, 0x67, 0x65, 0x74, 0x22, 0x3a, 0x7b, 0x22,
  0x73, 0x63, 0x68, 0x65, 0x6d, 0x61, 0x5f, 0x76, 0x65, 0x72, 0x73, 0x69, 0x6f, 0x6e, 0x22, 0x3a,
  0x31, 0x2c, 0x22, 0x65, 0x6e, 0x67, 0x69, 0x6e, 0x65, 0x22, 0x3a, 0x22, 0x70, 0x34, 0x2d, 0x62,
  0x6f, 0x75, 0x6e, 0x64, 0x65, 0x64, 0x2d, 0x72, 0x75, 0x6e, 0x74, 0x69, 0x6d, 0x65, 0x2d, 0x76,
  0x33, 0x22, 0x2c, 0x22, 0x76, 0x61, 0x72, 0x73, 0x22, 0x3a, 0x7b, 0x22, 0x73, 0x63, 0x6f, 0x72,
  0x65, 0x22, 0x3a, 0x7b, 0x22, 0x74, 0x79, 0x70, 0x65, 0x22, 0x3a, 0x22, 0x69, 0x6e, 0x74, 0x22,
  0x2c, 0x22, 0x69, 0x6e, 0x69, 0x74, 0x22, 0x3a, 0x30, 0x7d, 0x7d, 0x2c, 0x22, 0x73, 0x74, 0x61,
  0x74, 0x65, 0x73, 0x22, 0x3a, 0x5b, 0x22, 0x72, 0x65, 0x61, 0x64, 0x79, 0x22, 0x2c, 0x22, 0x70,
  0x6c, 0x61, 0x79, 0x69, 0x6e, 0x67, 0x22, 0x2c, 0x22, 0x72, 0x65, 0x73, 0x75, 0x6c, 0x74, 0x22,
  0x5d, 0x2c, 0x22, 0x69, 0x6e, 0x69, 0x74, 0x69, 0x61, 0x6c, 0x5f, 0x73, 0x74, 0x61, 0x74, 0x65,
  0x22, 0x3a, 0x22, 0x72, 0x65, 0x61, 0x64, 0x79, 0x22, 0x2c, 0x22, 0x74, 0x72, 0x61, 0x6e, 0x73,
  0x69, 0x74, 0x69, 0x6f, 0x6e, 0x73, 0x22, 0x3a, 0x5b, 0x7b, 0x22, 0x66, 0x72, 0x6f, 0x6d, 0x22,
  0x3a, 0x22, 0x2a, 0x22, 0x2c, 0x22, 0x6f, 0x6e, 0x22, 0x3a, 0x22, 0x66, 0x6c, 0x61, 0x70, 0x70,
  0x79, 0x2e, 0x66, 0x6c, 0x61, 0x70, 0x22, 0x2c, 0x22, 0x74, 0x6f, 0x22, 0x3a, 0x22, 0x70, 0x6c,
  0x61, 0x79, 0x69, 0x6e, 0x67, 0x22, 0x7d, 0x5d, 0x2c, 0x22, 0x74, 0x69, 0x63, 0x6b, 0x22, 0x3a,
  0x5b, 0x5d, 0x2c, 0x22, 0x67, 0x61, 0x6d, 0x65, 0x22, 0x3a, 0x7b, 0x22, 0x74, 0x79, 0x70, 0x65,
  0x22, 0x3a, 0x22, 0x66, 0x6c, 0x61, 0x70, 0x70, 0x79, 0x22, 0x2c, 0x22, 0x74, 0x69, 0x63, 0x6b,
  0x5f, 0x6d, 0x73, 0x22, 0x3a, 0x31, 0x30, 0x30, 0x2c, 0x22, 0x70, 0x6c, 0x61, 0x79, 0x69, 0x6e,
  0x67, 0x5f, 0x73, 0x74, 0x61, 0x74, 0x65, 0x22, 0x3a, 0x22, 0x70, 0x6c, 0x61, 0x79, 0x69, 0x6e,
  0x67, 0x22, 0x2c, 0x22, 0x72, 0x65, 0x73, 0x75, 0x6c, 0x74, 0x5f, 0x73, 0x74, 0x61, 0x74, 0x65,
  0x22, 0x3a, 0x22, 0x72, 0x65, 0x73, 0x75, 0x6c, 0x74, 0x22, 0x2c, 0x22, 0x73, 0x63, 0x6f, 0x72,
  0x65, 0x5f, 0x76, 0x61, 0x72, 0x22, 0x3a, 0x22, 0x73, 0x63, 0x6f, 0x72, 0x65, 0x22, 0x2c, 0x22,
  0x61, 0x63, 0x74, 0x69, 0x6f, 0x6e, 0x73, 0x22, 0x3a, 0x7b, 0x22, 0x66, 0x6c, 0x61, 0x70, 0x22,
  0x3a, 0x22, 0x66, 0x6c, 0x61, 0x70, 0x70, 0x79, 0x2e, 0x66, 0x6c, 0x61, 0x70, 0x22, 0x7d, 0x7d,
  0x2c, 0x22, 0x64, 0x61, 0x73, 0x68, 0x62, 0x6f, 0x61, 0x72, 0x64, 0x22, 0x3a, 0x7b, 0x22, 0x74,
  0x69, 0x74, 0x6c, 0x65, 0x22, 0x3a, 0x22, 0xe5, 0x83, 0x8f, 0xe7, 0xb4, 0xa0, 0xe9, 0xa3, 0x9e,
  0xe9, 0xb8, 0x9f, 0x22, 0x2c, 0x22, 0x68, 0x65, 0x61, 0x64, 0x6c, 0x69, 0x6e, 0x65, 0x22, 0x3a,
  0x7b, 0x22, 0x73, 0x77, 0x69, 0x74, 0x63, 0x68, 0x5f, 0x73, 0x74, 0x61, 0x74, 0x65, 0x22, 0x3a,
  0x7b, 0x22, 0x72, 0x65, 0x61, 0x64, 0x79, 0x22, 0x3a, 0x22, 0x53, 0x57, 0x31, 0x20, 0xe6, 0x8b,
  0x8d, 0xe7, 0xbf, 0x85, 0xe5, 0xbc, 0x80, 0xe5, 0xa7, 0x8b, 0x22, 0x2c, 0x22, 0x70, 0x6c, 0x61,
  0x79, 0x69, 0x6e, 0x67, 0x22, 0x3a, 0x22, 0xe7, 0xa9, 0xbf, 0xe8, 0xbf, 0x87, 0xe7, 0xae, 0xa1,
  0xe9, 0x81, 0x93, 0x22, 0x2c, 0x22, 0x72, 0x65, 0x73, 0x75, 0x6c, 0x74, 0x22, 0x3a, 0x22, 0xe6,
  0x92, 0x9e, 0xe5, 0x88, 0xb0, 0xe4, 0xba, 0x86, 0xef, 0xbc, 0x81, 0x22, 0x7d, 0x7d, 0x2c, 0x22,
  0x6d, 0x65, 0x74, 0x72, 0x69, 0x63, 0x4c, 0x61, 0x62, 0x65, 0x6c, 0x22, 0x3a, 0x22, 0xe5, 0xbe,
  0x97, 0xe5, 0x88, 0x86, 0x22, 0x2c, 0x22, 0x6d, 0x65, 0x74, 0x72, 0x69, 0x63, 0x56, 0x61, 0x6c,
  0x75, 0x65, 0x22, 0x3a, 0x7b, 0x22, 0x76, 0x61, 0x72, 0x22, 0x3a, 0x22, 0x73, 0x63, 0x6f, 0x72,
  0x65, 0x22, 0x7d, 0x2c, 0x22, 0x66, 0x6f, 0x6f, 0x74, 0x65, 0x72, 0x22, 0x3a, 0x7b, 0x22, 0x73,
  0x77, 0x69, 0x74, 0x63, 0x68, 0x5f, 0x73, 0x74, 0x61, 0x74, 0x65, 0x22, 0x3a, 0x7b, 0x22, 0x72,
  0x65, 0x61, 0x64, 0x79, 0x22, 0x3a, 0x22, 0x53, 0x57, 0x31, 0x20, 0xe6, 0x8b, 0x8d, 0xe7, 0xbf,
  0x85, 0x20, 0xc2, 0xb7, 0x20, 0xe5, 0x85, 0xa8, 0xe5, 0xb1, 0x80, 0xe9, 0x94, 0xae, 0xe9, 0x80,
  0x80, 0xe5, 0x87, 0xba, 0x22, 0x2c, 0x22, 0x70, 0x6c, 0x61, 0x79, 0x69, 0x6e, 0x67, 0x22, 0x3a,
  0x22, 0x53, 0x57, 0x31, 0x20, 0xe6, 0x8b, 0x8d, 0xe7, 0xbf, 0x85, 0x20, 0xc2, 0xb7, 0x20, 0xe5,
  0x85, 0xa8, 0xe5, 0xb1, 0x80, 0xe9, 0x94, 0xae, 0xe9, 0x80, 0x80, 0xe5, 0x87, 0xba, 0x22, 0x2c,
  0x22, 0x72, 0x65, 0x73, 0x75, 0x6c, 0x74, 0x22, 0x3a, 0x22, 0x53, 0x57, 0x31, 0x20, 0xe9, 0x87,
  0x8d, 0xe5, 0xbc, 0x80, 0x20, 0xc2, 0xb7, 0x20, 0xe5, 0x85, 0xa8, 0xe5, 0xb1, 0x80, 0xe9, 0x94,
  0xae, 0xe9, 0x80, 0x80, 0xe5, 0x87, 0xba, 0x22, 0x7d, 0x7d, 0x2c, 0x22, 0x76, 0x69, 0x73, 0x75,
  0x61, 0x6c, 0x53, 0x74, 0x79, 0x6c, 0x65, 0x22, 0x3a, 0x22, 0x70, 0x69, 0x78, 0x65, 0x6c, 0x22,
  0x2c, 0x22, 0x76, 0x69, 0x73, 0x75, 0x61, 0x6c, 0x50, 0x61, 0x6c, 0x65, 0x74, 0x74, 0x65, 0x22,
  0x3a, 0x7b, 0x22, 0x73, 0x77, 0x69, 0x74, 0x63, 0x68, 0x5f, 0x73, 0x74, 0x61, 0x74, 0x65, 0x22,
  0x3a, 0x7b, 0x22, 0x72, 0x65, 0x61, 0x64, 0x79, 0x22, 0x3a, 0x22, 0x61, 0x72, 0x63, 0x61, 0x64,
  0x65, 0x22, 0x2c, 0x22, 0x70, 0x6c, 0x61, 0x79, 0x69, 0x6e, 0x67, 0x22, 0x3a, 0x22, 0x6d, 0x69,
  0x6e, 0x74, 0x22, 0x2c, 0x22, 0x72, 0x65, 0x73, 0x75, 0x6c, 0x74, 0x22, 0x3a, 0x22, 0x73, 0x75,
  0x6e, 0x73, 0x65, 0x74, 0x22, 0x7d, 0x7d, 0x2c, 0x22, 0x76, 0x69, 0x73, 0x75, 0x61, 0x6c, 0x4c,
  0x61, 0x79, 0x6f, 0x75, 0x74, 0x22, 0x3a, 0x22, 0x61, 0x72, 0x63, 0x61, 0x64, 0x65, 0x22, 0x2c,
  0x22, 0x76, 0x69, 0x73, 0x75, 0x61, 0x6c, 0x53, 0x70, 0x72, 0x69, 0x74, 0x65, 0x22, 0x3a, 0x7b,
  0x22, 0x73, 0x77, 0x69, 0x74, 0x63, 0x68, 0x5f, 0x73, 0x74, 0x61, 0x74, 0x65, 0x22, 0x3a, 0x7b,
  0x22, 0x72, 0x65, 0x61, 0x64, 0x79, 0x22, 0x3a, 0x22, 0x66, 0x6c, 0x61, 0x70, 0x70, 0x79, 0x22,
  0x2c, 0x22, 0x70, 0x6c, 0x61, 0x79, 0x69, 0x6e, 0x67, 0x22, 0x3a, 0x22, 0x66, 0x6c, 0x61, 0x70,
  0x70, 0x79, 0x22, 0x2c, 0x22, 0x72, 0x65, 0x73, 0x75, 0x6c, 0x74, 0x22, 0x3a, 0x22, 0x74, 0x72,
  0x6f, 0x70, 0x68, 0x79, 0x22, 0x7d, 0x7d, 0x7d, 0x7d, 0x2c, 0x22, 0x62, 0x75, 0x74, 0x74, 0x6f,
  0x6e, 0x73, 0x22, 0x3a, 0x5b, 0x7b, 0x22, 0x61, 0x63, 0x74, 0x69, 0x6f, 0x6e, 0x22, 0x3a, 0x22,
  0x66, 0x6c, 0x61, 0x70, 0x70, 0x79, 0x2e, 0x66, 0x6c, 0x61, 0x70, 0x22, 0x2c, 0x22, 0x63, 0x6f,
  0x6e, 0x74, 0x72, 0x6f, 0x6c, 0x22, 0x3a, 0x22, 0x53, 0x57, 0x31, 0x22, 0x2c, 0x22, 0x65, 0x76,
  0x65, 0x6e, 0x74, 0x22, 0x3a, 0x22, 0x62, 0x75, 0x74, 0x74, 0x6f, 0x6e, 0x2e, 0x73, 0x77, 0x31,
  0x2e, 0x73, 0x68, 0x6f, 0x72, 0x74, 0x5f, 0x70, 0x72, 0x65, 0x73, 0x73, 0x22, 0x2c, 0x22, 0x6c,
  0x61, 0x62, 0x65, 0x6c, 0x22, 0x3a, 0x22, 0xe6, 0x8b, 0x8d, 0xe7, 0xbf, 0x85, 0x22, 0x7d, 0x5d,
  0x2c, 0x22, 0x73, 0x70, 0x72, 0x69, 0x74, 0x65, 0x73, 0x43, 0x68, 0x65, 0x63, 0x6b, 0x73, 0x75,
  0x6d, 0x22, 0x3a, 0x22, 0x30, 0x30, 0x30, 0x30, 0x30, 0x30, 0x30, 0x30, 0x22, 0x2c, 0x22, 0x73,
  0x70, 0x72, 0x69, 0x74, 0x65, 0x46, 0x69, 0x6c, 0x65, 0x73, 0x22, 0x3a, 0x5b, 0x5d, 0x7d, 0x2c,
  0x7b, 0x22, 0x69, 0x64, 0x22, 0x3a, 0x22, 0x62, 0x6c, 0x6f, 0x63, 0x6b, 0x2d, 0x63, 0x6f, 0x6d,
  0x62, 0x6f, 0x22, 0x2c, 0x22, 0x76, 0x65, 0x72, 0x73, 0x69, 0x6f, 0x6e, 0x22, 0x3a, 0x22, 0x32,
  0x2e, 0x31, 0x2e, 0x34, 0x22, 0x2c, 0x22, 0x77, 0x69, 0x64, 0x67, 0x65, 0x74, 0x22, 0x3a, 0x7b,
  0x22, 0x73, 0x63, 0x68, 0x65, 0x6d, 0x61, 0x5f, 0x76, 0x65, 0x72, 0x73, 0x69, 0x6f, 0x6e, 0x22,
  0x3a, 0x31, 0x2c, 0x22, 0x65, 0x6e, 0x67, 0x69, 0x6e, 0x65, 0x22, 0x3a, 0x22, 0x70, 0x34, 0x2d,
  0x62, 0x6f, 0x75, 0x6e, 0x64, 0x65, 0x64, 0x2d, 0x72, 0x75, 0x6e, 0x74, 0x69, 0x6d, 0x65, 0x2d,
  0x76, 0x33, 0x22, 0x2c, 0x22, 0x76, 0x61, 0x72, 0x73, 0x22, 0x3a, 0x7b, 0x22, 0x73, 0x63, 0x6f,
  0x72, 0x65, 0x22, 0x3a, 0x7b, 0x22, 0x74, 0x79, 0x70, 0x65, 0x22, 0x3a, 0x22, 0x69, 0x6e, 0x74,
  0x22, 0x2c, 0x22, 0x69, 0x6e, 0x69, 0x74, 0x22, 0x3a, 0x30, 0x7d, 0x7d, 0x2c, 0x22, 0x73, 0x74,
  0x61, 0x74, 0x65, 0x73, 0x22, 0x3a, 0x5b, 0x22, 0x72, 0x65, 0x61, 0x64, 0x79, 0x22, 0x2c, 0x22,
  0x70, 0x6c, 0x61, 0x79, 0x69, 0x6e, 0x67, 0x22, 0x2c, 0x22, 0x72, 0x65, 0x73, 0x75, 0x6c, 0x74,
  0x22, 0x5d, 0x2c, 0x22, 0x69, 0x6e, 0x69, 0x74, 0x69, 0x61, 0x6c, 0x5f, 0x73, 0x74, 0x61, 0x74,
  0x65, 0x22, 0x3a, 0x22, 0x72, 0x65, 0x61, 0x64, 0x79, 0x22, 0x2c, 0x22, 0x74, 0x72, 0x61, 0x6e,
  0x73, 0x69, 0x74, 0x69, 0x6f, 0x6e, 0x73, 0x22, 0x3a, 0x5b, 0x7b, 0x22, 0x66, 0x72, 0x6f, 0x6d,
  0x22, 0x3a, 0x22, 0x72, 0x65, 0x61, 0x64, 0x79, 0x22, 0x2c, 0x22, 0x6f, 0x6e, 0x22, 0x3a, 0x22,
  0x62, 0x6c, 0x6f, 0x63, 0x6b, 0x73, 0x2e, 0x73, 0x74, 0x61, 0x72, 0x74, 0x22, 0x2c, 0x22, 0x74,
  0x6f, 0x22, 0x3a, 0x22, 0x70, 0x6c, 0x61, 0x79, 0x69, 0x6e, 0x67, 0x22, 0x2c, 0x22, 0x73, 0x65,
  0x74, 0x22, 0x3a, 0x7b, 0x22, 0x73, 0x63, 0x6f, 0x72, 0x65, 0x22, 0x3a, 0x30, 0x7d, 0x7d, 0x2c,
  0x7b, 0x22, 0x66, 0x72, 0x6f, 0x6d, 0x22, 0x3a, 0x22, 0x72, 0x65, 0x73, 0x75, 0x6c, 0x74, 0x22,
  0x2c, 0x22, 0x6f, 0x6e, 0x22, 0x3a, 0x22, 0x62, 0x6c, 0x6f, 0x63, 0x6b, 0x73, 0x2e, 0x73, 0x74,
  0x61, 0x72, 0x74, 0x22, 0x2c, 0x22, 0x74, 0x6f, 0x22, 0x3a, 0x22, 0x70, 0x6c, 0x61, 0x79, 0x69,
  0x6e, 0x67, 0x22, 0x2c, 0x22, 0x73, 0x65, 0x74, 0x22, 0x3a, 0x7b, 0x22, 0x73, 0x63, 0x6f, 0x72,
  0x65, 0x22, 0x3a, 0x30, 0x7d, 0x7d, 0x2c, 0x7b, 0x22, 0x66, 0x72, 0x6f, 0x6d, 0x22, 0x3a, 0x22,
  0x70, 0x6c, 0x61, 0x79, 0x69, 0x6e, 0x67, 0x22, 0x2c, 0x22, 0x6f, 0x6e, 0x22, 0x3a, 0x22, 0x62,
  0x6c, 0x6f, 0x63, 0x6b, 0x73, 0x2e, 0x6c, 0x65, 0x66, 0x74, 0x22, 0x7d, 0x2c, 0x7b, 0x22, 0x66,
  0x72, 0x6f, 0x6d, 0x22, 0x3a, 0x22, 0x70, 0x6c, 0x61, 0x79, 0x69, 0x6e, 0x67, 0x22, 0x2c, 0x22,
  0x6f, 0x6e, 0x22, 0x3a, 0x22, 0x62, 0x6c, 0x6f, 0x63, 0x6b, 0x73, 0x2e, 0x72, 0x69, 0x67, 0x68,
  0x74, 0x22, 0x7d, 0x2c, 0x7b, 0x22, 0x66, 0x72, 0x6f, 0x6d, 0x22, 0x3a, 0x22, 0x70, 0x6c, 0x61,
  0x79, 0x69, 0x6e, 0x67, 0x22, 0x2c, 0x22, 0x6f, 0x6e, 0x22, 0x3a, 0x22, 0x62, 0x6c, 0x6f, 0x63,
  0x6b, 0x73, 0x2e, 0x72, 0x6f, 0x74, 0x61, 0x74, 0x65, 0x22, 0x7d, 0x2c, 0x7b, 0x22, 0x66, 0x72,
  0x6f, 0x6d, 0x22, 0x3a, 0x22, 0x70, 0x6c, 0x61, 0x79, 0x69, 0x6e, 0x67, 0x22, 0x2c, 0x22, 0x6f,
  0x6e, 0x22, 0x3a, 0x22, 0x62, 0x6c, 0x6f, 0x63, 0x6b, 0x73, 0x2e, 0x64, 0x72, 0x6f, 0x70, 0x22,
  0x7d, 0x5d, 0x2c, 0x22, 0x74, 0x69, 0x63, 0x6b, 0x22, 0x3a, 0x5b, 0x5d, 0x2c, 0x22, 0x67, 0x61,
  0x6d, 0x65, 0x22, 0x3a, 0x7b, 0x22, 0x74, 0x79, 0x70, 0x65, 0x22, 0x3a, 0x22, 0x62, 0x6c, 0x6f,
  0x63, 0x6b, 0x73, 0x22, 0x2c, 0x22, 0x74, 0x69, 0x63, 0x6b, 0x5f, 0x6d, 0x73, 0x22, 0x3a, 0x34,
  0x38, 0x30, 0x2c, 0x22, 0x70, 0x6c, 0x61, 0x79, 0x69, 0x6e, 0x67, 0x5f, 0x73, 0x74, 0x61, 0x74,
  0x65, 0x22, 0x3a, 0x22, 0x70, 0x6c, 0x61, 0x79, 0x69, 0x6e, 0x67, 0x22, 0x2c, 0x22, 0x72, 0x65,
  0x73, 0x75, 0x6c, 0x74, 0x5f, 0x73, 0x74, 0x61, 0x74, 0x65, 0x22, 0x3a, 0x22, 0x72, 0x65, 0x73,
  0x75, 0x6c, 0x74, 0x22, 0x2c, 0x22, 0x73, 0x63, 0x6f, 0x72, 0x65, 0x5f, 0x76, 0x61, 0x72, 0x22,
  0x3a, 0x22, 0x73, 0x63, 0x6f, 0x72, 0x65, 0x22, 0x2c, 0x22, 0x61, 0x63, 0x74, 0x69, 0x6f, 0x6e,
  0x73, 0x22, 0x3a, 0x7b, 0x22, 0x73, 0x74, 0x61, 0x72, 0x74, 0x22, 0x3a, 0x22, 0x62, 0x6c, 0x6f,
  0x63, 0x6b, 0x73, 0x2e, 0x73, 0x74, 0x61, 0x72, 0x74, 0x22, 0x2c, 0x22, 0x6c, 0x65, 0x66, 0x74,
  0x22, 0x3a, 0x22, 0x62, 0x6c, 0x6f, 0x63, 0x6b, 0x73, 0x2e, 0x6c, 0x65, 0x66, 0x74, 0x22, 0x2c,
  0x22, 0x72, 0x69, 0x67, 0x68, 0x74, 0x22, 0x3a, 0x22, 0x62, 0x6c, 0x6f, 0x63, 0x6b, 0x73, 0x2e,
  0x72, 0x69, 0x67, 0x68, 0x74, 0x22, 0x2c, 0x22, 0x72, 0x6f, 0x74, 0x61, 0x74, 0x65, 0x22, 0x3a,
  0x22, 0x62, 0x6c, 0x6f, 0x63, 0x6b, 0x73, 0x2e, 0x72, 0x6f, 0x74, 0x61, 0x74, 0x65, 0x22, 0x2c,
  0x22, 0x64, 0x72, 0x6f, 0x70, 0x22, 0x3a, 0x22, 0x62, 0x6c, 0x6f, 0x63, 0x6b, 0x73, 0x2e, 0x64,
  0x72, 0x6f, 0x70, 0x22, 0x7d, 0x7d, 0x2c, 0x22, 0x64, 0x61, 0x73, 0x68, 0x62, 0x6f, 0x61, 0x72,
  0x64, 0x22, 0x3a, 0x7b, 0x22, 0x74, 0x69, 0x74, 0x6c, 0x65, 0x22, 0x3a, 0x22, 0xe5, 0x83, 0x8f,
  0xe7, 0xb4, 0xa0, 0xe6, 0x96, 0xb9, 0xe5, 0x9d, 0x97, 0x22, 0x2c, 0x22, 0x65, 0x79, 0x65, 0x62,
  0x72, 0x6f, 0x77, 0x22, 0x3a, 0x7b, 0x22, 0x73, 0x77, 0x69, 0x74, 0x63, 0x68, 0x5f, 0x73, 0x74,
  0x61, 0x74, 0x65, 0x22, 0x3a, 0x7b, 0x22, 0x72, 0x65, 0x61, 0x64, 0x79, 0x22, 0x3a, 0x22, 0xe5,
  0x87, 0x86, 0xe5, 0xa4, 0x87, 0xe5, 0xbc, 0x80, 0xe5, 0xa7, 0x8b, 0x22, 0x2c, 0x22, 0x70, 0x6c,
  0x61, 0x79, 0x69, 0x6e, 0x67, 0x22, 0x3a, 0x22, 0xe8, 0x87, 0xaa, 0xe5, 0x8a, 0xa8, 0xe4, 0xb8,
  0x8b, 0xe8, 0x90, 0xbd, 0x22, 0x2c, 0x22, 0x72, 0x65, 0x73, 0x75, 0x6c, 0x74, 0x22, 0x3a, 0x22,
  0xe6, 0x9c, 0xac, 0xe8, 0xbd, 0xae, 0xe7, 0xbb, 0x93, 0xe6, 0x9d, 0x9f, 0x22, 0x7d, 0x7d, 0x2c,
  0x22, 0x68, 0x65, 0x61, 0x64, 0x6c, 0x69, 0x6e, 0x65, 0x22, 0x3a, 0x7b, 0x22, 0x73, 0x77, 0x69,
  0x74, 0x63, 0x68, 0x5f, 0x73, 0x74, 0x61, 0x74, 0x65, 0x22, 0x3a, 0x7b, 0x22, 0x72, 0x65, 0x61,
  0x64, 0x79, 0x22, 0x3a, 0x22, 0xe6, 0x8c, 0x89, 0x20, 0x53, 0x57, 0x31, 0x20, 0xe5, 0xbc, 0x80,
  0xe5, 0xa7, 0x8b, 0x22, 0x2c, 0x22, 0x70, 0x6c, 0x61, 0x79, 0x69, 0x6e, 0x67, 0x22, 0x3a, 0x22,
  0xe6, 0x96, 0xb9, 0xe5, 0x9d, 0x97, 0xe4, 0xb8, 0x8b, 0xe8, 0x90, 0xbd, 0xe4, 0xb8, 0xad, 0x22,
  0x2c, 0x22, 0x72, 0x65, 0x73, 0x75, 0x6c, 0x74, 0x22, 0x3a, 0x22, 0xe5, 0xa0, 0x86, 0xe6, 0xbb,
  0xa1, 0xe7, 0xbb, 0x93, 0xe6, 0x9d, 0x9f, 0x22, 0x7d, 0x7d, 0x2c, 0x22, 0x6d, 0x65, 0x74, 0x72,
  0x69, 0x63, 0x4c, 0x61, 0x62, 0x65, 0x6c, 0x22, 0x3a, 0x22, 0xe5, 0x88, 0x86, 0xe6, 0x95, 0xb0,
  0x22, 0x2c, 0x22, 0x6d, 0x65, 0x74, 0x72, 0x69, 0x63, 0x56, 0x61, 0x6c, 0x75, 0x65, 0x22, 0x3a,
  0x7b, 0x22, 0x76, 0x61, 0x72, 0x22, 0x3a, 0x22, 0x73, 0x63, 0x6f, 0x72, 0x65, 0x22, 0x7d, 0x2c,
  0x22, 0x6e, 0x6f, 0x74, 0x65, 0x22, 0x3a, 0x7b, 0x22, 0x73, 0x77, 0x69, 0x74, 0x63, 0x68, 0x5f,
  0x73, 0x74, 0x61, 0x74, 0x65, 0x22, 0x3a, 0x7b, 0x22, 0x72, 0x65, 0x61, 0x64, 0x79, 0x22, 0x3a,
  0x22, 0x52, 0x45, 0x41, 0x44, 0x59, 0x22, 0x2c, 0x22, 0x70, 0x6c, 0x61, 0x79, 0x69, 0x6e, 0x67,
  0x22, 0x3a, 0x22, 0x50, 0x4c, 0x41, 0x59, 0x22, 0x2c, 0x22, 0x72, 0x65, 0x73, 0x75, 0x6c, 0x74,
  0x22, 0x3a, 0x22, 0x47, 0x41, 0x4d, 0x45, 0x20, 0x4f, 0x56, 0x45, 0x52, 0x22, 0x7d, 0x7d, 0x2c,
  0x22, 0x66, 0x6f, 0x6f, 0x74, 0x65, 0x72, 0x22, 0x3a, 0x7b, 0x22, 0x73, 0x77, 0x69, 0x74, 0x63,
  0x68, 0x5f, 0x73, 0x74, 0x61, 0x74, 0x65, 0x22, 0x3a, 0x7b, 0x22, 0x72, 0x65, 0x61, 0x64, 0x79,
  0x22, 0x3a, 0x22, 0x53, 0x57, 0x31, 0xe5, 0xbc, 0x80, 0xe5, 0xa7, 0x8b, 0x20, 0xc2, 0xb7, 0x20,
  0xe6, 0x91, 0x87, 0xe6, 0x9d, 0x86, 0xe5, 0x9b, 0x9b, 0xe5, 0x90, 0x91, 0xe6, 0x93, 0x8d, 0xe4,
  0xbd, 0x9c, 0x20, 0xc2, 0xb7, 0x20, 0xe5, 0x85, 0xa8, 0xe5, 0xb1, 0x80, 0xe9, 0x94, 0xae, 0xe9,
  0x80, 0x80, 0xe5, 0x87, 0xba, 0x22, 0x2c, 0x22, 0x70, 0x6c, 0x61, 0x79, 0x69, 0x6e, 0x67, 0x22,
  0x3a, 0x22, 0xe6, 0x91, 0x87, 0xe6, 0x9d, 0x86, 0xe5, 0x9b, 0x9b, 0xe5, 0x90, 0x91, 0xe6, 0x93,
  0x8d, 0xe4, 0xbd, 0x9c, 0x20, 0xc2, 0xb7, 0x20, 0xe5, 0x85, 0xa8, 0xe5, 0xb1, 0x80, 0xe9, 0x94,
  0xae, 0xe9, 0x80, 0x80, 0xe5, 0x87, 0xba, 0x22, 0x2c, 0x22, 0x72, 0x65, 0x73, 0x75, 0x6c, 0x74,
  0x22, 0x3a, 0x22, 0x53, 0x57, 0x31, 0xe9, 0x87, 0x8d, 0xe5, 0xbc, 0x80, 0x20, 0xc2, 0xb7, 0x20,
  0xe5, 0x85, 0xa8, 0xe5, 0xb1, 0x80, 0xe9, 0x94, 0xae, 0xe9, 0x80, 0x80, 0xe5, 0x87, 0xba, 0x22,
  0x7d, 0x7d, 0x2c, 0x22, 0x76, 0x69, 0x73, 0x75, 0x61, 0x6c, 0x53, 0x74, 0x79, 0x6c, 0x65, 0x22,
  0x3a, 0x22, 0x70, 0x69, 0x78, 0x65, 0x6c, 0x22, 0x2c, 0x22, 0x76, 0x69, 0x73, 0x75, 0x61, 0x6c,
  0x50, 0x61, 0x6c, 0x65, 0x74, 0x74, 0x65, 0x22, 0x3a, 0x22, 0x61, 0x72, 0x63, 0x61, 0x64, 0x65,
  0x22, 0x2c, 0x22, 0x76, 0x69, 0x73, 0x75, 0x61, 0x6c, 0x4c, 0x61, 0x79, 0x6f, 0x75, 0x74, 0x22,
  0x3a, 0x22, 0x61, 0x72, 0x63, 0x61, 0x64, 0x65, 0x22, 0x2c, 0x22, 0x76, 0x69, 0x73, 0x75, 0x61,
  0x6c, 0x53, 0x70, 0x72, 0x69, 0x74, 0x65, 0x22, 0x3a, 0x7b, 0x22, 0x73, 0x77, 0x69, 0x74, 0x63,
  0x68, 0x5f, 0x73, 0x74, 0x61, 0x74, 0x65, 0x22, 0x3a, 0x7b, 0x22, 0x72, 0x65, 0x61, 0x64, 0x79,
  0x22, 0x3a, 0x22, 0x62, 0x6c, 0x6f, 0x63, 0x6b, 0x73, 0x22, 0x2c, 0x22, 0x70, 0x6c, 0x61, 0x79,
  0x69, 0x6e, 0x67, 0x22, 0x3a, 0x22, 0x62, 0x6c, 0x6f, 0x63, 0x6b, 0x73, 0x22, 0x2c, 0x22, 0x72,
  0x65, 0x73, 0x75, 0x6c, 0x74, 0x22, 0x3a, 0x22, 0x74, 0x72, 0x6f, 0x70, 0x68, 0x79, 0x22, 0x7d,
  0x7d, 0x7d, 0x7d, 0x2c, 0x22, 0x62, 0x75, 0x74, 0x74, 0x6f, 0x6e, 0x73, 0x22, 0x3a, 0x5b, 0x7b,
  0x22, 0x61, 0x63, 0x74, 0x69, 0x6f, 0x6e, 0x22, 0x3a, 0x22, 0x62, 0x6c, 0x6f, 0x63, 0x6b, 0x73,
  0x2e, 0x73, 0x74, 0x61, 0x72, 0x74, 0x22, 0x2c, 0x22, 0x63, 0x6f, 0x6e, 0x74, 0x72, 0x6f, 0x6c,
  0x22, 0x3a, 0x22, 0x53, 0x57, 0x31, 0x22, 0x2c, 0x22, 0x65, 0x76, 0x65, 0x6e, 0x74, 0x22, 0x3a,
  0x22, 0x62, 0x75, 0x74, 0x74, 0x6f, 0x6e, 0x2e, 0x73, 0x77, 0x31, 0x2e, 0x73, 0x68, 0x6f, 0x72,
  0x74, 0x5f, 0x70, 0x72, 0x65, 0x73, 0x73, 0x22, 0x2c, 0x22, 0x6c, 0x61, 0x62, 0x65, 0x6c, 0x22,
  0x3a, 0x22, 0xe5, 0xbc, 0x80, 0xe5, 0xa7, 0x8b, 0x2f, 0xe9, 0x87, 0x8d, 0xe5, 0xbc, 0x80, 0x22,
  0x7d, 0x2c, 0x7b, 0x22, 0x61, 0x63, 0x74, 0x69, 0x6f, 0x6e, 0x22, 0x3a, 0x22, 0x62, 0x6c, 0x6f,
  0x63, 0x6b, 0x73, 0x2e, 0x6c, 0x65, 0x66, 0x74, 0x22, 0x2c, 0x22, 0x63, 0x6f, 0x6e, 0x74, 0x72,
  0x6f, 0x6c, 0x22, 0x3a, 0x22, 0xe5, 0x89, 0x8d, 0xe6, 0x96, 0xb9, 0xe6, 0x91, 0x87, 0xe6, 0x9d,
  0x86, 0x22, 0x2c, 0x22, 0x65, 0x76, 0x65, 0x6e, 0x74, 0x22, 0x3a, 0x22, 0x6b, 0x6e, 0x6f, 0x62,
  0x2e, 0x72, 0x6f, 0x74, 0x61, 0x74, 0x65, 0x5f, 0x63, 0x63, 0x77, 0x22, 0x2c, 0x22, 0x6c, 0x61,
  0x62, 0x65, 0x6c, 0x22, 0x3a, 0x22, 0xe5, 0x90, 0x91, 0xe5, 0xb7, 0xa6, 0xe7, 0xa7, 0xbb, 0xe5,
  0x8a, 0xa8, 0x22, 0x7d, 0x2c, 0x7b, 0x22, 0x61, 0x63, 0x74, 0x69, 0x6f, 0x6e, 0x22, 0x3a, 0x22,
  0x62, 0x6c, 0x6f, 0x63, 0x6b, 0x73, 0x2e, 0x72, 0x69, 0x67, 0x68, 0x74, 0x22, 0x2c, 0x22, 0x63,
  0x6f, 0x6e, 0x74, 0x72, 0x6f, 0x6c, 0x22, 0x3a, 0x22, 0xe5, 0x89, 0x8d, 0xe6, 0x96, 0xb9, 0xe6,
  0x91, 0x87, 0xe6, 0x9d, 0x86, 0x22, 0x2c, 0x22, 0x65, 0x76, 0x65, 0x6e, 0x74, 0x22, 0x3a, 0x22,
  0x6b, 0x6e, 0x6f, 0x62, 0x2e, 0x72, 0x6f, 0x74, 0x61, 0x74, 0x65, 0x5f, 0x63, 0x77, 0x22, 0x2c,
  0x22, 0x6c, 0x61, 0x62, 0x65, 0x6c, 0x22, 0x3a, 0x22, 0xe5, 0x90, 0x91, 0xe5, 0x8f, 0xb3, 0xe7,
  0xa7, 0xbb, 0xe5, 0x8a, 0xa8, 0x22, 0x7d, 0x2c, 0x7b, 0x22, 0x61, 0x63, 0x74, 0x69, 0x6f, 0x6e,
  0x22, 0x3a, 0x22, 0x62, 0x6c, 0x6f, 0x63, 0x6b, 0x73, 0x2e, 0x72, 0x6f, 0x74, 0x61, 0x74, 0x65,
  0x22, 0x2c, 0x22, 0x63, 0x6f, 0x6e, 0x74, 0x72, 0x6f, 0x6c, 0x22, 0x3a, 0x22, 0xe5, 0x89, 0x8d,
  0xe6, 0x96, 0xb9, 0xe6, 0x91, 0x87, 0xe6, 0x9d, 0x86, 0x22, 0x2c, 0x22, 0x65, 0x76, 0x65, 0x6e,
  0x74, 0x22, 0x3a, 0x22, 0x6a, 0x6f, 0x79, 0x73, 0x74, 0x69, 0x63, 0x6b, 0x2e, 0x75, 0x70, 0x22,
  0x2c, 0x22, 0x6c, 0x61, 0x62, 0x65, 0x6c, 0x22, 0x3a, 0x22, 0xe6, 0x97, 0x8b, 0xe8, 0xbd, 0xac,
  0x22, 0x7d, 0x2c, 0x7b, 0x22, 0x61, 0x63, 0x74, 0x69, 0x6f, 0x6e, 0x22, 0x3a, 0x22, 0x62, 0x6c,
  0x6f, 0x63, 0x6b, 0x73, 0x2e, 0x64, 0x72, 0x6f, 0x70, 0x22, 0x2c, 0x22, 0x63, 0x6f, 0x6e, 0x74,
  0x72, 0x6f, 0x6c, 0x22, 0x3a, 0x22, 0xe5, 0x89, 0x8d, 0xe6, 0x96, 0xb9, 0xe6, 0x91, 0x87, 0xe6,
  0x9d, 0x86, 0x22, 0x2c, 0x22, 0x65, 0x76, 0x65, 0x6e, 0x74, 0x22, 0x3a, 0x22, 0x6a, 0x6f, 0x79,
  0x73, 0x74, 0x69, 0x63, 0x6b, 0x2e, 0x64, 0x6f, 0x77, 0x6e, 0x22, 0x2c, 0x22, 0x6c, 0x61, 0x62,
  0x65, 0x6c, 0x22, 0x3a, 0x22, 0xe5, 0xbf, 0xab, 0xe9, 0x80, 0x9f, 0xe8, 0x90, 0xbd, 0xe4, 0xb8,
  0x8b, 0x22, 0x7d, 0x5d, 0x2c, 0x22, 0x73, 0x70, 0x72, 0x69, 0x74, 0x65, 0x73, 0x43, 0x68, 0x65,
  0x63, 0x6b, 0x73, 0x75, 0x6d, 0x22, 0x3a, 0x22, 0x30, 0x30, 0x30, 0x30, 0x30, 0x30, 0x30, 0x30,
  0x22, 0x2c, 0x22, 0x73, 0x70, 0x72, 0x69, 0x74, 0x65, 0x46, 0x69, 0x6c, 0x65, 0x73, 0x22, 0x3a,
  0x5b, 0x5d, 0x7d, 0x2c, 0x7b, 0x22, 0x69, 0x64, 0x22, 0x3a, 0x22, 0x73, 0x6e, 0x61, 0x6b, 0x65,
  0x2d, 0x74, 0x75, 0x72, 0x6e, 0x22, 0x2c, 0x22, 0x76, 0x65, 0x72, 0x73, 0x69, 0x6f, 0x6e, 0x22,
  0x3a, 0x22, 0x32, 0x2e, 0x31, 0x2e, 0x34, 0x22, 0x2c, 0x22, 0x77, 0x69, 0x64, 0x67, 0x65, 0x74,
  0x22, 0x3a, 0x7b, 0x22, 0x73, 0x63, 0x68, 0x65, 0x6d, 0x61, 0x5f, 0x76, 0x65, 0x72, 0x73, 0x69,
  0x6f, 0x6e, 0x22, 0x3a, 0x31, 0x2c, 0x22, 0x65, 0x6e, 0x67, 0x69, 0x6e, 0x65, 0x22, 0x3a, 0x22,
  0x70, 0x34, 0x2d, 0x62, 0x6f, 0x75, 0x6e, 0x64, 0x65, 0x64, 0x2d, 0x72, 0x75, 0x6e, 0x74, 0x69,
  0x6d, 0x65, 0x2d, 0x76, 0x33, 0x22, 0x2c, 0x22, 0x76, 0x61, 0x72, 0x73, 0x22, 0x3a, 0x7b, 0x22,
  0x73, 0x63, 0x6f, 0x72, 0x65, 0x22, 0x3a, 0x7b, 0x22, 0x74, 0x79, 0x70, 0x65, 0x22, 0x3a, 0x22,
  0x69, 0x6e, 0x74, 0x22, 0x2c, 0x22, 0x69, 0x6e, 0x69, 0x74, 0x22, 0x3a, 0x30, 0x7d, 0x7d, 0x2c,
  0x22, 0x73, 0x74, 0x61, 0x74, 0x65, 0x73, 0x22, 0x3a, 0x5b, 0x22, 0x72, 0x65, 0x61, 0x64, 0x79,
  0x22, 0x2c, 0x22, 0x70, 0x6c, 0x61, 0x79, 0x69, 0x6e, 0x67, 0x22, 0x2c, 0x22, 0x72, 0x65, 0x73,
  0x75, 0x6c, 0x74, 0x22, 0x5d, 0x2c, 0x22, 0x69, 0x6e, 0x69, 0x74, 0x69, 0x61, 0x6c, 0x5f, 0x73,
  0x74, 0x61, 0x74, 0x65, 0x22, 0x3a, 0x22, 0x72, 0x65, 0x61, 0x64, 0x79, 0x22, 0x2c, 0x22, 0x74,
  0x72, 0x61, 0x6e, 0x73, 0x69, 0x74, 0x69, 0x6f, 0x6e, 0x73, 0x22, 0x3a, 0x5b, 0x7b, 0x22, 0x66,
  0x72, 0x6f, 0x6d, 0x22, 0x3a, 0x22, 0x72, 0x65, 0x61, 0x64, 0x79, 0x22, 0x2c, 0x22, 0x6f, 0x6e,
  0x22, 0x3a, 0x22, 0x73, 0x6e, 0x61, 0x6b, 0x65, 0x2e, 0x73, 0x74, 0x61, 0x72, 0x74, 0x22, 0x2c,
  0x22, 0x74, 0x6f, 0x22, 0x3a, 0x22, 0x70, 0x6c, 0x61, 0x79, 0x69, 0x6e, 0x67, 0x22, 0x2c, 0x22,
  0x73, 0x65, 0x74, 0x22, 0x3a, 0x7b, 0x22, 0x73, 0x63, 0x6f, 0x72, 0x65, 0x22, 0x3a, 0x30, 0x7d,
  0x7d, 0x2c, 0x7b, 0x22, 0x66, 0x72, 0x6f, 0x6d, 0x22, 0x3a, 0x22, 0x72, 0x65, 0x73, 0x75, 0x6c,
  0x74, 0x22, 0x2c, 0x22, 0x6f, 0x6e, 0x22, 0x3a, 0x22, 0x73, 0x6e, 0x61, 0x6b, 0x65, 0x2e, 0x73,
  0x74, 0x61, 0x72, 0x74, 0x22, 0x2c, 0x22, 0x74, 0x6f, 0x22, 0x3a, 0x22, 0x70, 0x6c, 0x61, 0x79,
  0x69, 0x6e, 0x67, 0x22, 0x2c, 0x22, 0x73, 0x65, 0x74, 0x22, 0x3a, 0x7b, 0x22, 0x73, 0x63, 0x6f,
  0x72, 0x65, 0x22, 0x3a, 0x30, 0x7d, 0x7d, 0x2c, 0x7b, 0x22, 0x66, 0x72, 0x6f, 0x6d, 0x22, 0x3a,
  0x22, 0x70, 0x6c, 0x61, 0x79, 0x69, 0x6e, 0x67, 0x22, 0x2c, 0x22, 0x6f, 0x6e, 0x22, 0x3a, 0x22,
  0x73, 0x6e, 0x61, 0x6b, 0x65, 0x2e, 0x74, 0x75, 0x72, 0x6e, 0x5f, 0x6c, 0x65, 0x66, 0x74, 0x22,
  0x7d, 0x2c, 0x7b, 0x22, 0x66, 0x72, 0x6f, 0x6d, 0x22, 0x3a, 0x22, 0x70, 0x6c, 0x61, 0x79, 0x69,
  0x6e, 0x67, 0x22, 0x2c, 0x22, 0x6f, 0x6e, 0x22, 0x3a, 0x22, 0x73, 0x6e, 0x61, 0x6b, 0x65, 0x2e,
  0x74, 0x75, 0x72, 0x6e, 0x5f, 0x72, 0x69, 0x67, 0x68, 0x74, 0x22, 0x7d, 0x5d, 0x2c, 0x22, 0x74,
  0x69, 0x63, 0x6b, 0x22, 0x3a, 0x5b, 0x5d, 0x2c, 0x22, 0x67, 0x61, 0x6d, 0x65, 0x22, 0x3a, 0x7b,
  0x22, 0x74, 0x79, 0x70, 0x65, 0x22, 0x3a, 0x22, 0x73, 0x6e, 0x61, 0x6b, 0x65, 0x22, 0x2c, 0x22,
  0x74, 0x69, 0x63, 0x6b, 0x5f, 0x6d, 0x73, 0x22, 0x3a, 0x32, 0x32, 0x30, 0x2c, 0x22, 0x70, 0x6c,
  0x61, 0x79, 0x69, 0x6e, 0x67, 0x5f, 0x73, 0x74, 0x61, 0x74, 0x65, 0x22, 0x3a, 0x22, 0x70, 0x6c,
  0x61, 0x79, 0x69, 0x6e, 0x67, 0x22, 0x2c, 0x22, 0x72, 0x65, 0x73, 0x75, 0x6c, 0x74, 0x5f, 0x73,
  0x74, 0x61, 0x74, 0x65, 0x22, 0x3a, 0x22, 0x72, 0x65, 0x73, 0x75, 0x6c, 0x74, 0x22, 0x2c, 0x22,
  0x73, 0x63, 0x6f, 0x72, 0x65, 0x5f, 0x76, 0x61, 0x72, 0x22, 0x3a, 0x22, 0x73, 0x63, 0x6f, 0x72,
  0x65, 0x22, 0x2c, 0x22, 0x61, 0x63, 0x74, 0x69, 0x6f, 0x6e, 0x73, 0x22, 0x3a, 0x7b, 0x22, 0x73,
  0x74, 0x61, 0x72, 0x74, 0x22, 0x3a, 0x22, 0x73, 0x6e, 0x61, 0x6b, 0x65, 0x2e, 0x73, 0x74, 0x61,
  0x72, 0x74, 0x22, 0x2c, 0x22, 0x6c, 0x65, 0x66, 0x74, 0x22, 0x3a, 0x22, 0x73, 0x6e, 0x61, 0x6b,
  0x65, 0x2e, 0x74, 0x75, 0x72, 0x6e, 0x5f, 0x6c, 0x65, 0x66, 0x74, 0x22, 0x2c, 0x22, 0x72, 0x69,
  0x67, 0x68, 0x74, 0x22, 0x3a, 0x22, 0x73, 0x6e, 0x61, 0x6b, 0x65, 0x2e, 0x74, 0x75, 0x72, 0x6e,
  0x5f, 0x72, 0x69, 0x67, 0x68, 0x74, 0x22, 0x7d, 0x7d, 0x2c, 0x22, 0x64, 0x61, 0x73, 0x68, 0x62,
  0x6f, 0x61, 0x72, 0x64, 0x22, 0x3a, 0x7b, 0x22, 0x74, 0x69, 0x74, 0x6c, 0x65, 0x22, 0x3a, 0x22,
  0xe5, 0x83, 0x8f, 0xe7, 0xb4, 0xa0, 0xe8, 0xb4, 0xaa, 0xe5, 0x90, 0x83, 0xe8, 0x9b, 0x87, 0x22,
  0x2c, 0x22, 0x65, 0x79, 0x65, 0x62, 0x72, 0x6f, 0x77, 0x22, 0x3a, 0x7b, 0x22, 0x73, 0x77, 0x69,
  0x74, 0x63, 0x68, 0x5f, 0x73, 0x74, 0x61, 0x74, 0x65, 0x22, 0x3a, 0x7b, 0x22, 0x72, 0x65, 0x61,
  0x64, 0x79, 0x22, 0x3a, 0x22, 0xe5, 0x87, 0x86, 0xe5, 0xa4, 0x87, 0xe5, 0xbc, 0x80, 0xe5, 0xa7,
  0x8b, 0x22, 0x2c, 0x22, 0x70, 0x6c, 0x61, 0x79, 0x69, 0x6e, 0x67, 0x22, 0x3a, 0x22, 0xe6, 0x8c,
  0x81, 0xe7, 0xbb, 0xad, 0xe5, 0x89, 0x8d, 0xe8, 0xbf, 0x9b, 0x22, 0x2c, 0x22, 0x72, 0x65, 0x73,
  0x75, 0x6c, 0x74, 0x22, 0x3a, 0x22, 0xe6, 0x9c, 0xac, 0xe8, 0xbd, 0xae, 0xe7, 0xbb, 0x93, 0xe6,
  0x9d, 0x9f, 0x22, 0x7d, 0x7d, 0x2c, 0x22, 0x68, 0x65, 0x61, 0x64, 0x6c, 0x69, 0x6e, 0x65, 0x22,
  0x3a, 0x7b, 0x22, 0x73, 0x77, 0x69, 0x74, 0x63, 0x68, 0x5f, 0x73, 0x74, 0x61, 0x74, 0x65, 0x22,
  0x3a, 0x7b, 0x22, 0x72, 0x65, 0x61, 0x64, 0x79, 0x22, 0x3a, 0x22, 0xe6, 0x8c, 0x89, 0x20, 0x53,
  0x57, 0x31, 0x20, 0xe5, 0xbc, 0x80, 0xe5, 0xa7, 0x8b, 0x22, 0x2c, 0x22, 0x70, 0x6c, 0x61, 0x79,
  0x69, 0x6e, 0x67, 0x22, 0x3a, 0x22, 0xe5, 0xaf, 0xbb, 0xe6, 0x89, 0xbe, 0xe9, 0xa3, 0x9f, 0xe7,
  0x89, 0xa9, 0x22, 0x2c, 0x22, 0x72, 0x65, 0x73, 0x75, 0x6c, 0x74, 0x22, 0x3a, 0x22, 0xe7, 0xa2,
  0xb0, 0xe6, 0x92, 0x9e, 0xe7, 0xbb, 0x93, 0xe6, 0x9d, 0x9f, 0x22, 0x7d, 0x7d, 0x2c, 0x22, 0x6d,
  0x65, 0x74, 0x72, 0x69, 0x63, 0x4c, 0x61, 0x62, 0x65, 0x6c, 0x22, 0x3a, 0x22, 0xe9, 0xa3, 0x9f,
  0xe7, 0x89, 0xa9, 0x22, 0x2c, 0x22, 0x6d, 0x65, 0x74, 0x72, 0x69, 0x63, 0x56, 0x61, 0x6c, 0x75,
  0x65, 0x22, 0x3a, 0x7b, 0x22, 0x76, 0x61, 0x72, 0x22, 0x3a, 0x22, 0x73, 0x63, 0x6f, 0x72, 0x65,
  0x22, 0x7d, 0x2c, 0x22, 0x6e, 0x6f, 0x74, 0x65, 0x22, 0x3a, 0x7b, 0x22, 0x73, 0x77, 0x69, 0x74,
  0x63, 0x68, 0x5f, 0x73, 0x74, 0x61, 0x74, 0x65, 0x22, 0x3a, 0x7b, 0x22, 0x72, 0x65, 0x61, 0x64,
  0x79, 0x22, 0x3a, 0x22, 0x52, 0x45, 0x41, 0x44, 0x59, 0x22, 0x2c, 0x22, 0x70, 0x6c, 0x61, 0x79,
  0x69, 0x6e, 0x67, 0x22, 0x3a, 0x22, 0x50, 0x4c, 0x41, 0x59, 0x22, 0x2c, 0x22, 0x72, 0x65, 0x73,
  0x75, 0x6c, 0x74, 0x22, 0x3a, 0x22, 0x47, 0x41, 0x4d, 0x45, 0x20, 0x4f, 0x56, 0x45, 0x52, 0x22,
  0x7d, 0x7d, 0x2c, 0x22, 0x66, 0x6f, 0x6f, 0x74, 0x65, 0x72, 0x22, 0x3a, 0x7b, 0x22, 0x73, 0x77,
  0x69, 0x74, 0x63, 0x68, 0x5f, 0x73, 0x74, 0x61, 0x74, 0x65, 0x22, 0x3a, 0x7b, 0x22, 0x72, 0x65,
  0x61, 0x64, 0x79, 0x22, 0x3a, 0x22, 0x53, 0x57, 0x31, 0xe5, 0xbc, 0x80, 0xe5, 0xa7, 0x8b, 0x20,
  0xc2, 0xb7, 0x20, 0xe6, 0x91, 0x87, 0xe6, 0x9d, 0x86, 0xe5, 0xb7, 0xa6, 0xe5, 0x8f, 0xb3, 0xe8,
  0xbd, 0xac, 0xe5, 0x90, 0x91, 0x20, 0xc2, 0xb7, 0x20, 0xe5, 0x85, 0xa8, 0xe5, 0xb1, 0x80, 0xe9,
  0x94, 0xae, 0xe9, 0x80, 0x80, 0xe5, 0x87, 0xba, 0x22, 0x2c, 0x22, 0x70, 0x6c, 0x61, 0x79, 0x69,
  0x6e, 0x67, 0x22, 0x3a, 0x22, 0xe6, 0x91, 0x87, 0xe6, 0x9d, 0x86, 0xe5, 0xb7, 0xa6, 0xe5, 0x8f,
  0xb3, 0xe8, 0xbd, 0xac, 0xe5, 0x90, 0x91, 0x20, 0xc2, 0xb7, 0x20, 0xe5, 0x85, 0xa8, 0xe5, 0xb1,
  0x80, 0xe9, 0x94, 0xae, 0xe9, 0x80, 0x80, 0xe5, 0x87, 0xba, 0x22, 0x2c, 0x22, 0x72, 0x65, 0x73,
  0x75, 0x6c, 0x74, 0x22, 0x3a, 0x22, 0x53, 0x57, 0x31, 0xe9, 0x87, 0x8d, 0xe5, 0xbc, 0x80, 0x20,
  0xc2, 0xb7, 0x20, 0xe5, 0x85, 0xa8, 0xe5, 0xb1, 0x80, 0xe9, 0x94, 0xae, 0xe9, 0x80, 0x80, 0xe5,
  0x87, 0xba, 0x22, 0x7d, 0x7d, 0x2c, 0x22, 0x76, 0x69, 0x73, 0x75, 0x61, 0x6c, 0x53, 0x74, 0x79,
  0x6c, 0x65, 0x22, 0x3a, 0x22, 0x70, 0x69, 0x78, 0x65, 0x6c, 0x22, 0x2c, 0x22, 0x76, 0x69, 0x73,
  0x75, 0x61, 0x6c, 0x50, 0x61, 0x6c, 0x65, 0x74, 0x74, 0x65, 0x22, 0x3a, 0x22, 0x6d, 0x69, 0x6e,
  0x74, 0x22, 0x2c, 0x22, 0x76, 0x69, 0x73, 0x75, 0x61, 0x6c, 0x4c, 0x61, 0x79, 0x6f, 0x75, 0x74,
  0x22, 0x3a, 0x22, 0x61, 0x72, 0x63, 0x61, 0x64, 0x65, 0x22, 0x2c, 0x22, 0x76, 0x69, 0x73, 0x75,
  0x61, 0x6c, 0x53, 0x70, 0x72, 0x69, 0x74, 0x65, 0x22, 0x3a, 0x7b, 0x22, 0x73, 0x77, 0x69, 0x74,
  0x63, 0x68, 0x5f, 0x73, 0x74, 0x61, 0x74, 0x65, 0x22, 0x3a, 0x7b, 0x22, 0x72, 0x65, 0x61, 0x64,
  0x79, 0x22, 0x3a, 0x22, 0x73, 0x6e, 0x61, 0x6b, 0x65, 0x22, 0x2c, 0x22, 0x70, 0x6c, 0x61, 0x79,
  0x69, 0x6e, 0x67, 0x22, 0x3a, 0x22, 0x73, 0x6e, 0x61, 0x6b, 0x65, 0x22, 0x2c, 0x22, 0x72, 0x65,
  0x73, 0x75, 0x6c, 0x74, 0x22, 0x3a, 0x22, 0x74, 0x72, 0x6f, 0x70, 0x68, 0x79, 0x22, 0x7d, 0x7d,
  0x7d, 0x7d, 0x2c, 0x22, 0x62, 0x75, 0x74, 0x74, 0x6f, 0x6e, 0x73, 0x22, 0x3a, 0x5b, 0x7b, 0x22,
  0x61, 0x63, 0x74, 0x69, 0x6f, 0x6e, 0x22, 0x3a, 0x22, 0x73, 0x6e, 0x61, 0x6b, 0x65, 0x2e, 0x73,
  0x74, 0x61, 0x72, 0x74, 0x22, 0x2c, 0x22, 0x63, 0x6f, 0x6e, 0x74, 0x72, 0x6f, 0x6c, 0x22, 0x3a,
  0x22, 0x53, 0x57, 0x31, 0x22, 0x2c, 0x22, 0x65, 0x76, 0x65, 0x6e, 0x74, 0x22, 0x3a, 0x22, 0x62,
  0x75, 0x74, 0x74, 0x6f, 0x6e, 0x2e, 0x73, 0x77, 0x31, 0x2e, 0x73, 0x68, 0x6f, 0x72, 0x74, 0x5f,
  0x70, 0x72, 0x65, 0x73, 0x73, 0x22, 0x2c, 0x22, 0x6c, 0x61, 0x62, 0x65, 0x6c, 0x22, 0x3a, 0x22,
  0xe5, 0xbc, 0x80, 0xe5, 0xa7, 0x8b, 0x2f, 0xe9, 0x87, 0x8d, 0xe5, 0xbc, 0x80, 0x22, 0x7d, 0x2c,
  0x7b, 0x22, 0x61, 0x63, 0x74, 0x69, 0x6f, 0x6e, 0x22, 0x3a, 0x22, 0x73, 0x6e, 0x61, 0x6b, 0x65,
  0x2e, 0x74, 0x75, 0x72, 0x6e, 0x5f, 0x6c, 0x65, 0x66, 0x74, 0x22, 0x2c, 0x22, 0x63, 0x6f, 0x6e,
  0x74, 0x72, 0x6f, 0x6c, 0x22, 0x3a, 0x22, 0xe5, 0x89, 0x8d, 0xe6, 0x96, 0xb9, 0xe6, 0x91, 0x87,
  0xe6, 0x9d, 0x86, 0x22, 0x2c, 0x22, 0x65, 0x76, 0x65, 0x6e, 0x74, 0x22, 0x3a, 0x22, 0x6b, 0x6e,
  0x6f, 0x62, 0x2e, 0x72, 0x6f, 0x74, 0x61, 0x74, 0x65, 0x5f, 0x63, 0x63, 0x77, 0x22, 0x2c, 0x22,
  0x6c, 0x61, 0x62, 0x65, 0x6c, 0x22, 0x3a, 0x22, 0xe5, 0x90, 0x91, 0xe5, 0xb7, 0xa6, 0xe8, 0xbd,
  0xac, 0x22, 0x7d, 0x2c, 0x7b, 0x22, 0x61, 0x63, 0x74, 0x69, 0x6f, 0x6e, 0x22, 0x3a, 0x22, 0x73,
  0x6e, 0x61, 0x6b, 0x65, 0x2e, 0x74, 0x75, 0x72, 0x6e, 0x5f, 0x72, 0x69, 0x67, 0x68, 0x74, 0x22,
  0x2c, 0x22, 0x63, 0x6f, 0x6e, 0x74, 0x72, 0x6f, 0x6c, 0x22, 0x3a, 0x22, 0xe5, 0x89, 0x8d, 0xe6,
  0x96, 0xb9, 0xe6, 0x91, 0x87, 0xe6, 0x9d, 0x86, 0x22, 0x2c, 0x22, 0x65, 0x76, 0x65, 0x6e, 0x74,
  0x22, 0x3a, 0x22, 0x6b, 0x6e, 0x6f, 0x62, 0x2e, 0x72, 0x6f, 0x74, 0x61, 0x74, 0x65, 0x5f, 0x63,
  0x77, 0x22, 0x2c, 0x22, 0x6c, 0x61, 0x62, 0x65, 0x6c, 0x22, 0x3a, 0x22, 0xe5, 0x90, 0x91, 0xe5,
  0x8f, 0xb3, 0xe8, 0xbd, 0xac, 0x22, 0x7d, 0x5d, 0x2c, 0x22, 0x73, 0x70, 0x72, 0x69, 0x74, 0x65,
  0x73, 0x43, 0x68, 0x65, 0x63, 0x6b, 0x73, 0x75, 0x6d, 0x22, 0x3a, 0x22, 0x30, 0x30, 0x30, 0x30,
  0x30, 0x30, 0x30, 0x30, 0x22, 0x2c, 0x22, 0x73, 0x70, 0x72, 0x69, 0x74, 0x65, 0x46, 0x69, 0x6c,
  0x65, 0x73, 0x22, 0x3a, 0x5b, 0x5d, 0x7d, 0x2c, 0x7b, 0x22, 0x69, 0x64, 0x22, 0x3a, 0x22, 0x74,
  0x6f, 0x6d, 0x61, 0x74, 0x6f, 0x2d, 0x63, 0x6c, 0x6f, 0x63, 0x6b, 0x22, 0x2c, 0x22, 0x76, 0x65,
  0x72, 0x73, 0x69, 0x6f, 0x6e, 0x22, 0x3a, 0x22, 0x31, 0x2e, 0x32, 0x2e, 0x34, 0x22, 0x2c, 0x22,
  0x77, 0x69, 0x64, 0x67, 0x65, 0x74, 0x22, 0x3a, 0x7b, 0x22, 0x73, 0x63, 0x68, 0x65, 0x6d, 0x61,
  0x5f, 0x76, 0x65, 0x72, 0x73, 0x69, 0x6f, 0x6e, 0x22, 0x3a, 0x31, 0x2c, 0x22, 0x65, 0x6e, 0x67,
  0x69, 0x6e, 0x65, 0x22, 0x3a, 0x22, 0x70, 0x34, 0x2d, 0x62, 0x6f, 0x75, 0x6e, 0x64, 0x65, 0x64,
  0x2d, 0x72, 0x75, 0x6e, 0x74, 0x69, 0x6d, 0x65, 0x2d, 0x76, 0x33, 0x22, 0x2c, 0x22, 0x76, 0x61,
  0x72, 0x73, 0x22, 0x3a, 0x7b, 0x22, 0x72, 0x65, 0x6d, 0x61, 0x69, 0x6e, 0x69, 0x6e, 0x67, 0x5f,
  0x73, 0x22, 0x3a, 0x7b, 0x22, 0x74, 0x79, 0x70, 0x65, 0x22, 0x3a, 0x22, 0x69, 0x6e, 0x74, 0x22,
  0x2c, 0x22, 0x69, 0x6e, 0x69, 0x74, 0x22, 0x3a, 0x31, 0x35, 0x30, 0x30, 0x7d, 0x2c, 0x22, 0x70,
  0x68, 0x61, 0x73, 0x65, 0x5f, 0x74, 0x6f, 0x74, 0x61, 0x6c, 0x5f, 0x73, 0x22, 0x3a, 0x7b, 0x22,
  0x74, 0x79, 0x70, 0x65, 0x22, 0x3a, 0x22, 0x69, 0x6e, 0x74, 0x22, 0x2c, 0x22, 0x69, 0x6e, 0x69,
  0x74, 0x22, 0x3a, 0x31, 0x35, 0x30, 0x30, 0x7d, 0x2c, 0x22, 0x63, 0x6f, 0x6d, 0x70, 0x6c, 0x65,
  0x74, 0x65, 0x64, 0x5f, 0x73, 0x65, 0x73, 0x73, 0x69, 0x6f, 0x6e, 0x73, 0x22, 0x3a, 0x7b, 0x22,
  0x74, 0x79, 0x70, 0x65, 0x22, 0x3a, 0x22, 0x69, 0x6e, 0x74, 0x22, 0x2c, 0x22, 0x69, 0x6e, 0x69,
  0x74, 0x22, 0x3a, 0x30, 0x7d, 0x7d, 0x2c, 0x22, 0x73, 0x74, 0x61, 0x74, 0x65, 0x73, 0x22, 0x3a,
  0x5b, 0x22, 0x66, 0x6f, 0x63, 0x75, 0x73, 0x22, 0x2c, 0x22, 0x66, 0x6f, 0x63, 0x75, 0x73, 0x5f,
  0x70, 0x61, 0x75, 0x73, 0x65, 0x64, 0x22, 0x2c, 0x22, 0x72, 0x65, 0x73, 0x74, 0x22, 0x2c, 0x22,
  0x72, 0x65, 0x73, 0x74, 0x5f, 0x70, 0x61, 0x75, 0x73, 0x65, 0x64, 0x22, 0x5d, 0x2c, 0x22, 0x69,
  0x6e, 0x69, 0x74, 0x69, 0x61, 0x6c, 0x5f, 0x73, 0x74, 0x61, 0x74, 0x65, 0x22, 0x3a, 0x22, 0x66,
  0x6f, 0x63, 0x75, 0x73, 0x22, 0x2c, 0x22, 0x74, 0x72, 0x61, 0x6e, 0x73, 0x69, 0x74, 0x69, 0x6f,
  0x6e, 0x73, 0x22, 0x3a, 0x5b, 0x7b, 0x22, 0x66, 0x72, 0x6f, 0x6d, 0x22, 0x3a, 0x22, 0x66, 0x6f,
  0x63, 0x75, 0x73, 0x22, 0x2c, 0x22, 0x6f, 0x6e, 0x22, 0x3a, 0x22, 0x74, 0x6f, 0x6d, 0x61, 0x74,
  0x6f, 0x2e, 0x73, 0x74, 0x61, 0x72, 0x74, 0x5f, 0x70, 0x61, 0x75, 0x73, 0x65, 0x22, 0x2c, 0x22,
  0x74, 0x6f, 0x22, 0x3a, 0x22, 0x66, 0x6f, 0x63, 0x75, 0x73, 0x5f, 0x70, 0x61, 0x75, 0x73, 0x65,
  0x64, 0x22, 0x7d, 0x2c, 0x7b, 0x22, 0x66, 0x72, 0x6f, 0x6d, 0x22, 0x3a, 0x22, 0x66, 0x6f, 0x63,
  0x75, 0x73, 0x5f, 0x70, 0x61, 0x75, 0x73, 0x65, 0x64, 0x22, 0x2c, 0x22, 0x6f, 0x6e, 0x22, 0x3a,
  0x22, 0x74, 0x6f, 0x6d, 0x61, 0x74, 0x6f, 0x2e, 0x73, 0x74, 0x61, 0x72, 0x74, 0x5f, 0x70, 0x61,
  0x75, 0x73, 0x65, 0x22, 0x2c, 0x22, 0x74, 0x6f, 0x22, 0x3a, 0x22, 0x66, 0x6f, 0x63, 0x75, 0x73,
  0x22, 0x7d, 0x2c, 0x7b, 0x22, 0x66, 0x72, 0x6f, 0x6d, 0x22, 0x3a, 0x22, 0x72, 0x65, 0x73, 0x74,
  0x22, 0x2c, 0x22, 0x6f, 0x6e, 0x22, 0x3a, 0x22, 0x74, 0x6f, 0x6d, 0x61, 0x74, 0x6f, 0x2e, 0x73,
  0x74, 0x61, 0x72, 0x74, 0x5f, 0x70, 0x61, 0x75, 0x73, 0x65, 0x22, 0x2c, 0x22, 0x74, 0x6f, 0x22,
  0x3a, 0x22, 0x72, 0x65, 0x73, 0x74, 0x5f, 0x70, 0x61, 0x75, 0x73, 0x65, 0x64, 0x22, 0x7d, 0x2c,
  0x7b, 0x22, 0x66, 0x72, 0x6f, 0x6d, 0x22, 0x3a, 0x22, 0x72, 0x65, 0x73, 0x74, 0x5f, 0x70, 0x61,
  0x75, 0x73, 0x65, 0x64, 0x22, 0x2c, 0x22, 0x6f, 0x6e, 0x22, 0x3a, 0x22, 0x74, 0x6f, 0x6d, 0x61,
  0x74, 0x6f, 0x2e, 0x73, 0x74, 0x61, 0x72, 0x74, 0x5f, 0x70, 0x61, 0x75, 0x73, 0x65, 0x22, 0x2c,
  0x22, 0x74, 0x6f, 0x22, 0x3a, 0x22, 0x72, 0x65, 0x73, 0x74, 0x22, 0x7d, 0x2c, 0x7b, 0x22, 0x66,
  0x72, 0x6f, 0x6d, 0x22, 0x3a, 0x22, 0x66, 0x6f, 0x63, 0x75, 0x73, 0x22, 0x2c, 0x22, 0x6f, 0x6e,
  0x22, 0x3a, 0x22, 0x74, 0x6f, 0x6d, 0x61, 0x74, 0x6f, 0x2e, 0x73, 0x6b, 0x69, 0x70, 0x5f, 0x70,
  0x68, 0x61, 0x73, 0x65, 0x22, 0x2c, 0x22, 0x74, 0x6f, 0x22, 0x3a, 0x22, 0x72, 0x65, 0x73, 0x74,
  0x22, 0x2c, 0x22, 0x73, 0x65, 0x74, 0x22, 0x3a, 0x7b, 0x22, 0x72, 0x65, 0x6d, 0x61, 0x69, 0x6e,
  0x69, 0x6e, 0x67, 0x5f, 0x73, 0x22, 0x3a, 0x33, 0x30, 0x30, 0x2c, 0x22, 0x70, 0x68, 0x61, 0x73,
  0x65, 0x5f, 0x74, 0x6f, 0x74, 0x61, 0x6c, 0x5f, 0x73, 0x22, 0x3a, 0x33, 0x30, 0x30, 0x7d, 0x2c,
  0x22, 0x69, 0x6e, 0x63, 0x22, 0x3a, 0x7b, 0x22, 0x63, 0x6f, 0x6d, 0x70, 0x6c, 0x65, 0x74, 0x65,
  0x64, 0x5f, 0x73, 0x65, 0x73, 0x73, 0x69, 0x6f, 0x6e, 0x73, 0x22, 0x3a, 0x31, 0x7d, 0x7d, 0x2c,
  0x7b, 0x22, 0x66, 0x72, 0x6f, 0x6d, 0x22, 0x3a, 0x22, 0x66, 0x6f, 0x63, 0x75, 0x73, 0x5f, 0x70,
  0x61, 0x75, 0x73, 0x65, 0x64, 0x22, 0x2c, 0x22, 0x6f, 0x6e, 0x22, 0x3a, 0x22, 0x74, 0x6f, 0x6d,
  0x61, 0x74, 0x6f, 0x2e, 0x73, 0x6b, 0x69, 0x70, 0x5f, 0x70, 0x68, 0x61, 0x73, 0x65, 0x22, 0x2c,
  0x22, 0x74, 0x6f, 0x22, 0x3a, 0x22, 0x72, 0x65, 0x73, 0x74, 0x22, 0x2c, 0x22, 0x73, 0x65, 0x74,
  0x22, 0x3a, 0x7b, 0x22, 0x72, 0x65, 0x6d, 0x61, 0x69, 0x6e, 0x69, 0x6e, 0x67, 0x5f, 0x73, 0x22,
  0x3a, 0x33, 0x30, 0x30, 0x2c, 0x22, 0x70, 0x68, 0x61, 0x73, 0x65, 0x5f, 0x74, 0x6f, 0x74, 0x61,
  0x6c, 0x5f, 0x73, 0x22, 0x3a, 0x33, 0x30, 0x30, 0x7d, 0x2c, 0x22, 0x69, 0x6e, 0x63, 0x22, 0x3a,
  0x7b, 0x22, 0x63, 0x6f, 0x6d, 0x70, 0x6c, 0x65, 0x74, 0x65, 0x64, 0x5f, 0x73, 0x65, 0x73, 0x73,
  0x69, 0x6f, 0x6e, 0x73, 0x22, 0x3a, 0x31, 0x7d, 0x7d, 0x2c, 0x7b, 0x22, 0x66, 0x72, 0x6f, 0x6d,
  0x22, 0x3a, 0x22, 0x72, 0x65, 0x73, 0x74, 0x22, 0x2c, 0x22, 0x6f, 0x6e, 0x22, 0x3a, 0x22, 0x74,
  0x6f, 0x6d, 0x61, 0x74, 0x6f, 0x2e, 0x73, 0x6b, 0x69, 0x70, 0x5f, 0x70, 0x68, 0x61, 0x73, 0x65,
  0x22, 0x2c, 0x22, 0x74, 0x6f, 0x22, 0x3a, 0x22, 0x66, 0x6f, 0x63, 0x75, 0x73, 0x22, 0x2c, 0x22,
  0x73, 0x65, 0x74, 0x22, 0x3a, 0x7b, 0x22, 0x72, 0x65, 0x6d, 0x61, 0x69, 0x6e, 0x69, 0x6e, 0x67,
  0x5f, 0x73, 0x22, 0x3a, 0x31, 0x35, 0x30, 0x30, 0x2c, 0x22, 0x70, 0x68, 0x61, 0x73, 0x65, 0x5f,
  0x74, 0x6f, 0x74, 0x61, 0x6c, 0x5f, 0x73, 0x22, 0x3a, 0x31, 0x35, 0x30, 0x30, 0x7d, 0x7d, 0x2c,
  0x7b, 0x22, 0x66, 0x72, 0x6f, 0x6d, 0x22, 0x3a, 0x22, 0x72, 0x65, 0x73, 0x74, 0x5f, 0x70, 0x61,
  0x75, 0x73, 0x65, 0x64, 0x22, 0x2c, 0x22, 0x6f, 0x6e, 0x22, 0x3a, 0x22, 0x74, 0x6f, 0x6d, 0x61,
  0x74, 0x6f, 0x2e, 0x73, 0x6b, 0x69, 0x70, 0x5f, 0x70, 0x68, 0x61, 0x73, 0x65, 0x22, 0x2c, 0x22,
  0x74, 0x6f, 0x22, 0x3a, 0x22, 0x66, 0x6f, 0x63, 0x75, 0x73, 0x22, 0x2c, 0x22, 0x73, 0x65, 0x74,
  0x22, 0x3a, 0x7b, 0x22, 0x72, 0x65, 0x6d, 0x61, 0x69, 0x6e, 0x69, 0x6e, 0x67, 0x5f, 0x73, 0x22,
  0x3a, 0x31, 0x35, 0x30, 0x30, 0x2c, 0x22, 0x70, 0x68, 0x61, 0x73, 0x65, 0x5f, 0x74, 0x6f, 0x74,
  0x61, 0x6c, 0x5f, 0x73, 0x22, 0x3a, 0x31, 0x35, 0x30, 0x30, 0x7d, 0x7d, 0x2c, 0x7b, 0x22, 0x66,
  0x72, 0x6f, 0x6d, 0x22, 0x3a, 0x22, 0x66, 0x6f, 0x63, 0x75, 0x73, 0x22, 0x2c, 0x22, 0x6f, 0x6e,
  0x22, 0x3a, 0x22, 0x74, 0x6f, 0x6d, 0x61, 0x74, 0x6f, 0x2e, 0x72, 0x65, 0x73, 0x65, 0x74, 0x5f,
  0x70, 0x68, 0x61, 0x73, 0x65, 0x22, 0x2c, 0x22, 0x74, 0x6f, 0x22, 0x3a, 0x22, 0x66, 0x6f, 0x63,
  0x75, 0x73, 0x22, 0x2c, 0x22, 0x73, 0x65, 0x74, 0x22, 0x3a, 0x7b, 0x22, 0x72, 0x65, 0x6d, 0x61,
  0x69, 0x6e, 0x69, 0x6e, 0x67, 0x5f, 0x73, 0x22, 0x3a, 0x31, 0x35, 0x30, 0x30, 0x2c, 0x22, 0x70,
  0x68, 0x61, 0x73, 0x65, 0x5f, 0x74, 0x6f, 0x74, 0x61, 0x6c, 0x5f, 0x73, 0x22, 0x3a, 0x31, 0x35,
  0x30, 0x30, 0x7d, 0x7d, 0x2c, 0x7b, 0x22, 0x66, 0x72, 0x6f, 0x6d, 0x22, 0x3a, 0x22, 0x66, 0x6f,
  0x63, 0x75, 0x73, 0x5f, 0x70, 0x61, 0x75, 0x73, 0x65, 0x64, 0x22, 0x2c, 0x22, 0x6f, 0x6e, 0x22,
  0x3a, 0x22, 0x74, 0x6f, 0x6d, 0x61, 0x74, 0x6f, 0x2e, 0x72, 0x65, 0x73, 0x65, 0x74, 0x5f, 0x70,
  0x68, 0x61, 0x73, 0x65, 0x22, 0x2c, 0x22, 0x74, 0x6f, 0x22, 0x3a, 0x22, 0x66, 0x6f, 0x63, 0x75,
  0x73, 0x22, 0x2c, 0x22, 0x73, 0x65, 0x74, 0x22, 0x3a, 0x7b, 0x22, 0x72, 0x65, 0x6d, 0x61, 0x69,
  0x6e, 0x69, 0x6e, 0x67, 0x5f, 0x73, 0x22, 0x3a, 0x31, 0x35, 0x30, 0x30, 0x2c, 0x22, 0x70, 0x68,
  0x61, 0x73, 0x65, 0x5f, 0x74, 0x6f, 0x74, 0x61, 0x6c, 0x5f, 0x73, 0x22, 0x3a, 0x31, 0x35, 0x30,
  0x30, 0x7d, 0x7d, 0x2c, 0x7b, 0x22, 0x66, 0x72, 0x6f, 0x6d, 0x22, 0x3a, 0x22, 0x72, 0x65, 0x73,
  0x74, 0x22, 0x2c, 0x22, 0x6f, 0x6e, 0x22, 0x3a, 0x22, 0x74, 0x6f, 0x6d, 0x61, 0x74, 0x6f, 0x2e,
  0x72, 0x65, 0x73, 0x65, 0x74, 0x5f, 0x70, 0x68, 0x61, 0x73, 0x65, 0x22, 0x2c, 0x22, 0x74, 0x6f,
  0x22, 0x3a, 0x22, 0x72, 0x65, 0x73, 0x74, 0x22, 0x2c, 0x22, 0x73, 0x65, 0x74, 0x22, 0x3a, 0x7b,
  0x22, 0x72, 0x65, 0x6d, 0x61, 0x69, 0x6e, 0x69, 0x6e, 0x67, 0x5f, 0x73, 0x22, 0x3a, 0x33, 0x30,
  0x30, 0x2c, 0x22, 0x70, 0x68, 0x61, 0x73, 0x65, 0x5f, 0x74, 0x6f, 0x74, 0x61, 0x6c, 0x5f, 0x73,
  0x22, 0x3a, 0x33, 0x30, 0x30, 0x7d, 0x7d, 0x2c, 0x7b, 0x22, 0x66, 0x72, 0x6f, 0x6d, 0x22, 0x3a,
  0x22, 0x72, 0x65, 0x73, 0x74, 0x5f, 0x70, 0x61, 0x75, 0x73, 0x65, 0x64, 0x22, 0x2c, 0x22, 0x6f,
  0x6e, 0x22, 0x3a, 0x22, 0x74, 0x6f, 0x6d, 0x61, 0x74, 0x6f, 0x2e, 0x72, 0x65, 0x73, 0x65, 0x74,
  0x5f, 0x70, 0x68, 0x61, 0x73, 0x65, 0x22, 0x2c, 0x22, 0x74, 0x6f, 0x22, 0x3a, 0x22, 0x72, 0x65,
  0x73, 0x74, 0x22, 0x2c, 0x22, 0x73, 0x65, 0x74, 0x22, 0x3a, 0x7b, 0x22, 0x72, 0x65, 0x6d, 0x61,
  0x69, 0x6e, 0x69, 0x6e, 0x67, 0x5f, 0x73, 0x22, 0x3a, 0x33, 0x30, 0x30, 0x2c, 0x22, 0x70, 0x68,
  0x61, 0x73, 0x65, 0x5f, 0x74, 0x6f, 0x74, 0x61, 0x6c, 0x5f, 0x73, 0x22, 0x3a, 0x33, 0x30, 0x30,
  0x7d, 0x7d, 0x5d, 0x2c, 0x22, 0x74, 0x69, 0x63, 0x6b, 0x22, 0x3a, 0x5b, 0x7b, 0x22, 0x65, 0x76,
  0x65, 0x72, 0x79, 0x5f, 0x6d, 0x73, 0x22, 0x3a, 0x31, 0x30, 0x30, 0x30, 0x2c, 0x22, 0x77, 0x68,
  0x69, 0x6c, 0x65, 0x5f, 0x73, 0x74, 0x61, 0x74, 0x65, 0x22, 0x3a, 0x22, 0x66, 0x6f, 0x63, 0x75,
  0x73, 0x22, 0x2c, 0x22, 0x69, 0x6e, 0x63, 0x22, 0x3a, 0x7b, 0x22, 0x72, 0x65, 0x6d, 0x61, 0x69,
  0x6e, 0x69, 0x6e, 0x67, 0x5f, 0x73, 0x22, 0x3a, 0x2d, 0x31, 0x7d, 0x2c, 0x22, 0x77, 0x68, 0x65,
  0x6e, 0x22, 0x3a, 0x7b, 0x22, 0x76, 0x61, 0x72, 0x22, 0x3a, 0x22, 0x72, 0x65, 0x6d, 0x61, 0x69,
  0x6e, 0x69, 0x6e, 0x67, 0x5f, 0x73, 0x22, 0x2c, 0x22, 0x6c, 0x74, 0x65, 0x22, 0x3a, 0x30, 0x7d,
  0x2c, 0x22, 0x74, 0x68, 0x65, 0x6e, 0x22, 0x3a, 0x7b, 0x22, 0x74, 0x6f, 0x22, 0x3a, 0x22, 0x72,
  0x65, 0x73, 0x74, 0x22, 0x2c, 0x22, 0x73, 0x65, 0x74, 0x22, 0x3a, 0x7b, 0x22, 0x72, 0x65, 0x6d,
  0x61, 0x69, 0x6e, 0x69, 0x6e, 0x67, 0x5f, 0x73, 0x22, 0x3a, 0x33, 0x30, 0x30, 0x2c, 0x22, 0x70,
  0x68, 0x61, 0x73, 0x65, 0x5f, 0x74, 0x6f, 0x74, 0x61, 0x6c, 0x5f, 0x73, 0x22, 0x3a, 0x33, 0x30,
  0x30, 0x7d, 0x2c, 0x22, 0x69, 0x6e, 0x63, 0x22, 0x3a, 0x7b, 0x22, 0x63, 0x6f, 0x6d, 0x70, 0x6c,
  0x65, 0x74, 0x65, 0x64, 0x5f, 0x73, 0x65, 0x73, 0x73, 0x69, 0x6f, 0x6e, 0x73, 0x22, 0x3a, 0x31,
  0x7d, 0x7d, 0x7d, 0x2c, 0x7b, 0x22, 0x65, 0x76, 0x65, 0x72, 0x79, 0x5f, 0x6d, 0x73, 0x22, 0x3a,
  0x31, 0x30, 0x30, 0x30, 0x2c, 0x22, 0x77, 0x68, 0x69, 0x6c, 0x65, 0x5f, 0x73, 0x74, 0x61, 0x74,
  0x65, 0x22, 0x3a, 0x22, 0x72, 0x65, 0x73, 0x74, 0x22, 0x2c, 0x22, 0x69, 0x6e, 0x63, 0x22, 0x3a,
  0x7b, 0x22, 0x72, 0x65, 0x6d, 0x61, 0x69, 0x6e, 0x69, 0x6e, 0x67, 0x5f, 0x73, 0x22, 0x3a, 0x2d,
  0x31, 0x7d, 0x2c, 0x22, 0x77, 0x68, 0x65, 0x6e, 0x22, 0x3a, 0x7b, 0x22, 0x76, 0x61, 0x72, 0x22,
  0x3a, 0x22, 0x72, 0x65, 0x6d, 0x61, 0x69, 0x6e, 0x69, 0x6e, 0x67, 0x5f, 0x73, 0x22, 0x2c, 0x22,
  0x6c, 0x74, 0x65, 0x22, 0x3a, 0x30, 0x7d, 0x2c, 0x22, 0x74, 0x68, 0x65, 0x6e, 0x22, 0x3a, 0x7b,
  0x22, 0x74, 0x6f, 0x22, 0x3a, 0x22, 0x66, 0x6f, 0x63, 0x75, 0x73, 0x22, 0x2c, 0x22, 0x73, 0x65,
  0x74, 0x22, 0x3a, 0x7b, 0x22, 0x72, 0x65, 0x6d, 0x61, 0x69, 0x6e, 0x69, 0x6e, 0x67, 0x5f, 0x73,
  0x22, 0x3a, 0x31, 0x35, 0x30, 0x30, 0x2c, 0x22, 0x70, 0x68, 0x61, 0x73, 0x65, 0x5f, 0x74, 0x6f,
  0x74, 0x61, 0x6c, 0x5f, 0x73, 0x22, 0x3a, 0x31, 0x35, 0x30, 0x30, 0x7d, 0x7d, 0x7d, 0x5d, 0x2c,
  0x22, 0x64, 0x61, 0x73, 0x68, 0x62, 0x6f, 0x61, 0x72, 0x64, 0x22, 0x3a, 0x7b, 0x22, 0x74, 0x69,
  0x74, 0x6c, 0x65, 0x22, 0x3a, 0x22, 0xe7, 0x95, 0xaa, 0xe8, 0x8c, 0x84, 0xe9, 0x92, 0x9f, 0x22,
  0x2c, 0x22, 0x65, 0x79, 0x65, 0x62, 0x72, 0x6f, 0x77, 0x22, 0x3a, 0x7b, 0x22, 0x73, 0x77, 0x69,
  0x74, 0x63, 0x68, 0x5f, 0x73, 0x74, 0x61, 0x74, 0x65, 0x22, 0x3a, 0x7b, 0x22, 0x66, 0x6f, 0x63,
  0x75, 0x73, 0x22, 0x3a, 0x22, 0xe4, 0xb8, 0x93, 0xe6, 0xb3, 0xa8, 0xe9, 0x98, 0xb6, 0xe6, 0xae,
  0xb5, 0x22, 0x2c, 0x22, 0x66, 0x6f, 0x63, 0x75, 0x73, 0x5f, 0x70, 0x61, 0x75, 0x73, 0x65, 0x64,
  0x22, 0x3a, 0x22, 0xe4, 0xb8, 0x93, 0xe6, 0xb3, 0xa8, 0xe5, 0xb7, 0xb2, 0xe6, 0x9a, 0x82, 0xe5,
  0x81, 0x9c, 0x22, 0x2c, 0x22, 0x72, 0x65, 0x73, 0x74, 0x22, 0x3a, 0x22, 0xe4, 0xbc, 0x91, 0xe6,
  0x81, 0xaf, 0xe9, 0x98, 0xb6, 0xe6, 0xae, 0xb5, 0x22, 0x2c, 0x22, 0x72, 0x65, 0x73, 0x74, 0x5f,
  0x70, 0x61, 0x75, 0x73, 0x65, 0x64, 0x22, 0x3a, 0x22, 0xe4, 0xbc, 0x91, 0xe6, 0x81, 0xaf, 0xe5,
  0xb7, 0xb2, 0xe6, 0x9a, 0x82, 0xe5, 0x81, 0x9c, 0x22, 0x7d, 0x7d, 0x2c, 0x22, 0x68, 0x65, 0x61,
  0x64, 0x6c, 0x69, 0x6e, 0x65, 0x22, 0x3a, 0x7b, 0x22, 0x73, 0x77, 0x69, 0x74, 0x63, 0x68, 0x5f,
  0x73, 0x74, 0x61, 0x74, 0x65, 0x22, 0x3a, 0x7b, 0x22, 0x66, 0x6f, 0x63, 0x75, 0x73, 0x22, 0x3a,
  0x22, 0xe4, 0xb8, 0x93, 0xe6, 0xb3, 0xa8, 0xe4, 0xb8, 0xad, 0x22, 0x2c, 0x22, 0x66, 0x6f, 0x63,
  0x75, 0x73, 0x5f, 0x70, 0x61, 0x75, 0x73, 0x65, 0x64, 0x22, 0x3a, 0x22, 0xe6, 0x9a, 0x82, 0xe5,
  0x81, 0x9c, 0xe4, 0xb8, 0xad, 0x22, 0x2c, 0x22, 0x72, 0x65, 0x73, 0x74, 0x22, 0x3a, 0x22, 0xe6,
  0x94, 0xbe, 0xe6, 0x9d, 0xbe, 0xe4, 0xb8, 0x80, 0xe4, 0xb8, 0x8b, 0x22, 0x2c, 0x22, 0x72, 0x65,
  0x73, 0x74, 0x5f, 0x70, 0x61, 0x75, 0x73, 0x65, 0x64, 0x22, 0x3a, 0x22, 0xe6, 0x9a, 0x82, 0xe5,
  0x81, 0x9c, 0xe4, 0xb8, 0xad, 0x22, 0x7d, 0x7d, 0x2c, 0x22, 0x6d, 0x65, 0x74, 0x72, 0x69, 0x63,
  0x4c, 0x61, 0x62, 0x65, 0x6c, 0x22, 0x3a, 0x22, 0xe5, 0x89, 0xa9, 0xe4, 0xbd, 0x99, 0xe6, 0x97,
  0xb6, 0xe9, 0x97, 0xb4, 0x22, 0x2c, 0x22, 0x6d, 0x65, 0x74, 0x72, 0x69, 0x63, 0x56, 0x61, 0x6c,
  0x75, 0x65, 0x22, 0x3a, 0x7b, 0x22, 0x66, 0x6d, 0x74, 0x5f, 0x6d, 0x6d, 0x73, 0x73, 0x22, 0x3a,
  0x22, 0x72, 0x65, 0x6d, 0x61, 0x69, 0x6e, 0x69, 0x6e, 0x67, 0x5f, 0x73, 0x22, 0x7d, 0x2c, 0x22,
  0x6d, 0x65, 0x74, 0x72, 0x69, 0x63, 0x55, 0x6e, 0x69, 0x74, 0x22, 0x3a, 0x22, 0x22, 0x2c, 0x22,
  0x62, 0x61, 0x64, 0x67, 0x65, 0x22, 0x3a, 0x7b, 0x22, 0x76, 0x61, 0x72, 0x22, 0x3a, 0x22, 0x63,
  0x6f, 0x6d, 0x70, 0x6c, 0x65, 0x74, 0x65, 0x64, 0x5f, 0x73, 0x65, 0x73, 0x73, 0x69, 0x6f, 0x6e,
  0x73, 0x22, 0x7d, 0x2c, 0x22, 0x6e, 0x6f, 0x74, 0x65, 0x22, 0x3a, 0x7b, 0x22, 0x73, 0x77, 0x69,
  0x74, 0x63, 0x68, 0x5f, 0x73, 0x74, 0x61, 0x74, 0x65, 0x22, 0x3a, 0x7b, 0x22, 0x66, 0x6f, 0x63,
  0x75, 0x73, 0x22, 0x3a, 0x22, 0xe5, 0x8f, 0xb3, 0xe4, 0xb8, 0x8a, 0xe6, 0x98, 0xbe, 0xe7, 0xa4,
  0xba, 0xe5, 0xae, 0x8c, 0xe6, 0x88, 0x90, 0xe8, 0xbd, 0xae, 0xe6, 0xac, 0xa1, 0x22, 0x2c, 0x22,
  0x66, 0x6f, 0x63, 0x75, 0x73, 0x5f, 0x70, 0x61, 0x75, 0x73, 0x65, 0x64, 0x22, 0x3a, 0x22, 0xe8,
  0xae, 0xa1, 0xe6, 0x97, 0xb6, 0xe5, 0xb7, 0xb2, 0xe6, 0x9a, 0x82, 0xe5, 0x81, 0x9c, 0x22, 0x2c,
  0x22, 0x72, 0x65, 0x73, 0x74, 0x22, 0x3a, 0x22, 0xe5, 0xae, 0x8c, 0xe6, 0x88, 0x90, 0xe4, 0xbc,
  0x91, 0xe6, 0x81, 0xaf, 0xe5, 0x90, 0x8e, 0xe7, 0xbb, 0xa7, 0xe7, 0xbb, 0xad, 0xe4, 0xb8, 0x93,
  0xe6, 0xb3, 0xa8, 0x22, 0x2c, 0x22, 0x72, 0x65, 0x73, 0x74, 0x5f, 0x70, 0x61, 0x75, 0x73, 0x65,
  0x64, 0x22, 0x3a, 0x22, 0xe4, 0xbc, 0x91, 0xe6, 0x81, 0xaf, 0xe8, 0xae, 0xa1, 0xe6, 0x97, 0xb6,
  0xe5, 0xb7, 0xb2, 0xe6, 0x9a, 0x82, 0xe5, 0x81, 0x9c, 0x22, 0x7d, 0x7d, 0x2c, 0x22, 0x66, 0x6f,
  0x6f, 0x74, 0x65, 0x72, 0x22, 0x3a, 0x7b, 0x22, 0x73, 0x77, 0x69, 0x74, 0x63, 0x68, 0x5f, 0x73,
  0x74, 0x61, 0x74, 0x65, 0x22, 0x3a, 0x7b, 0x22, 0x66, 0x6f, 0x63, 0x75, 0x73, 0x22, 0x3a, 0x22,
  0x53, 0x57, 0x31, 0xe6, 0x9a, 0x82, 0xe5, 0x81, 0x9c, 0x20, 0xc2, 0xb7, 0x20, 0x53, 0x57, 0x32,
  0xe8, 0xb7, 0xb3, 0xe8, 0xbf, 0x87, 0x20, 0xc2, 0xb7, 0x20, 0xe6, 0x91, 0x87, 0xe6, 0x9d, 0x86,
  0xe4, 0xb8, 0x8b, 0xe9, 0x87, 0x8d, 0xe7, 0xbd, 0xae, 0x20, 0xc2, 0xb7, 0x20, 0xe5, 0x85, 0xa8,
  0xe5, 0xb1, 0x80, 0xe9, 0x94, 0xae, 0xe9, 0x80, 0x80, 0xe5, 0x87, 0xba, 0x22, 0x2c, 0x22, 0x66,
  0x6f, 0x63, 0x75, 0x73, 0x5f, 0x70, 0x61, 0x75, 0x73, 0x65, 0x64, 0x22, 0x3a, 0x22, 0x53, 0x57,
  0x31, 0xe7, 0xbb, 0xa7, 0xe7, 0xbb, 0xad, 0x20, 0xc2, 0xb7, 0x20, 0x53, 0x57, 0x32, 0xe8, 0xb7,
  0xb3, 0xe8, 0xbf, 0x87, 0x20, 0xc2, 0xb7, 0x20, 0xe6, 0x91, 0x87, 0xe6, 0x9d, 0x86, 0xe4, 0xb8,
  0x8b, 0xe9, 0x87, 0x8d, 0xe7, 0xbd, 0xae, 0x20, 0xc2, 0xb7, 0x20, 0xe5, 0x85, 0xa8, 0xe5, 0xb1,
  0x80, 0xe9, 0x94, 0xae, 0xe9, 0x80, 0x80, 0xe5, 0x87, 0xba, 0x22, 0x2c, 0x22, 0x72, 0x65, 0x73,
  0x74, 0x22, 0x3a, 0x22, 0x53, 0x57, 0x31, 0xe6, 0x9a, 0x82, 0xe5, 0x81, 0x9c, 0x20, 0xc2, 0xb7,
  0x20, 0x53, 0x57, 0x32, 0xe8, 0xb7, 0xb3, 0xe8, 0xbf, 0x87, 0x20, 0xc2, 0xb7, 0x20, 0xe6, 0x91,
  0x87, 0xe6, 0x9d, 0x86, 0xe4, 0xb8, 0x8b, 0xe9, 0x87, 0x8d, 0xe7, 0xbd, 0xae, 0x20, 0xc2, 0xb7,
  0x20, 0xe5, 0x85, 0xa8, 0xe5, 0xb1, 0x80, 0xe9, 0x94, 0xae, 0xe9, 0x80, 0x80, 0xe5, 0x87, 0xba,
  0x22, 0x2c, 0x22, 0x72, 0x65, 0x73, 0x74, 0x5f, 0x70, 0x61, 0x75, 0x73, 0x65, 0x64, 0x22, 0x3a,
  0x22, 0x53, 0x57, 0x31, 0xe7, 0xbb, 0xa7, 0xe7, 0xbb, 0xad, 0x20, 0xc2, 0xb7, 0x20, 0x53, 0x57,
  0x32, 0xe8, 0xb7, 0xb3, 0xe8, 0xbf, 0x87, 0x20, 0xc2, 0xb7, 0x20, 0xe6, 0x91, 0x87, 0xe6, 0x9d,
  0x86, 0xe4, 0xb8, 0x8b, 0xe9, 0x87, 0x8d, 0xe7, 0xbd, 0xae, 0x20, 0xc2, 0xb7, 0x20, 0xe5, 0x85,
  0xa8, 0xe5, 0xb1, 0x80, 0xe9, 0x94, 0xae, 0xe9, 0x80, 0x80, 0xe5, 0x87, 0xba, 0x22, 0x7d, 0x7d,
  0x2c, 0x22, 0x70, 0x72, 0x6f, 0x67, 0x72, 0x65, 0x73, 0x73, 0x22, 0x3a, 0x7b, 0x22, 0x70, 0x63,
  0x74, 0x5f, 0x6f, 0x66, 0x22, 0x3a, 0x22, 0x72, 0x65, 0x6d, 0x61, 0x69, 0x6e, 0x69, 0x6e, 0x67,
  0x5f, 0x73, 0x22, 0x2c, 0x22, 0x6f, 0x66, 0x5f, 0x6d, 0x61, 0x78, 0x22, 0x3a, 0x22, 0x70, 0x68,
  0x61, 0x73, 0x65, 0x5f, 0x74, 0x6f, 0x74, 0x61, 0x6c, 0x5f, 0x73, 0x22, 0x2c, 0x22, 0x6c, 0x61,
  0x62, 0x65, 0x6c, 0x22, 0x3a, 0x22, 0xe6, 0x9c, 0xac, 0xe8, 0xbd, 0xae, 0xe5, 0x89, 0xa9, 0xe4,
  0xbd, 0x99, 0x22, 0x7d, 0x2c, 0x22, 0x76, 0x69, 0x73, 0x75, 0x61, 0x6c, 0x53, 0x74, 0x79, 0x6c,
  0x65, 0x22, 0x3a, 0x22, 0x70, 0x69, 0x78, 0x65, 0x6c, 0x22, 0x2c, 0x22, 0x76, 0x69, 0x73, 0x75,
  0x61, 0x6c, 0x50, 0x61, 0x6c, 0x65, 0x74, 0x74, 0x65, 0x22, 0x3a, 0x7b, 0x22, 0x73, 0x77, 0x69,
  0x74, 0x63, 0x68, 0x5f, 0x73, 0x74, 0x61, 0x74, 0x65, 0x22, 0x3a, 0x7b, 0x22, 0x66, 0x6f, 0x63,
  0x75, 0x73, 0x22, 0x3a, 0x22, 0x73, 0x75, 0x6e, 0x73, 0x65, 0x74, 0x22, 0x2c, 0x22, 0x66, 0x6f,
  0x63, 0x75, 0x73, 0x5f, 0x70, 0x61, 0x75, 0x73, 0x65, 0x64, 0x22, 0x3a, 0x22, 0x61, 0x72, 0x63,
  0x61, 0x64, 0x65, 0x22, 0x2c, 0x22, 0x72, 0x65, 0x73, 0x74, 0x22, 0x3a, 0x22, 0x6d, 0x69, 0x6e,
  0x74, 0x22, 0x2c, 0x22, 0x72, 0x65, 0x73, 0x74, 0x5f, 0x70, 0x61, 0x75, 0x73, 0x65, 0x64, 0x22,
  0x3a, 0x22, 0x61, 0x72, 0x63, 0x61, 0x64, 0x65, 0x22, 0x7d, 0x7d, 0x2c, 0x22, 0x76, 0x69, 0x73,
  0x75, 0x61, 0x6c, 0x4c, 0x61, 0x79, 0x6f, 0x75, 0x74, 0x22, 0x3a, 0x22, 0x74, 0x6f, 0x6f, 0x6c,
  0x22, 0x2c, 0x22, 0x76, 0x69, 0x73, 0x75, 0x61, 0x6c, 0x53, 0x70, 0x72, 0x69, 0x74, 0x65, 0x22,
  0x3a, 0x7b, 0x22, 0x73, 0x77, 0x69, 0x74, 0x63, 0x68, 0x5f, 0x73, 0x74, 0x61, 0x74, 0x65, 0x22,
  0x3a, 0x7b, 0x22, 0x66, 0x6f, 0x63, 0x75, 0x73, 0x22, 0x3a, 0x22, 0x74, 0x69, 0x6d, 0x65, 0x72,
  0x22, 0x2c, 0x22, 0x66, 0x6f, 0x63, 0x75, 0x73, 0x5f, 0x70, 0x61, 0x75, 0x73, 0x65, 0x64, 0x22,
  0x3a, 0x22, 0x73, 0x74, 0x61, 0x72, 0x22, 0x2c, 0x22, 0x72, 0x65, 0x73, 0x74, 0x22, 0x3a, 0x22,
  0x63, 0x6f, 0x66, 0x66, 0x65, 0x65, 0x22, 0x2c, 0x22, 0x72, 0x65, 0x73, 0x74, 0x5f, 0x70, 0x61,
  0x75, 0x73, 0x65, 0x64, 0x22, 0x3a, 0x22, 0x73, 0x74, 0x61, 0x72, 0x22, 0x7d, 0x7d, 0x7d, 0x7d,
  0x2c, 0x22, 0x62, 0x75, 0x74, 0x74, 0x6f, 0x6e, 0x73, 0x22, 0x3a, 0x5b, 0x7b, 0x22, 0x63, 0x6f,
  0x6e, 0x74, 0x72, 0x6f, 0x6c, 0x22, 0x3a, 0x22, 0x53, 0x57, 0x31, 0x22, 0x2c, 0x22, 0x65, 0x76,
  0x65, 0x6e, 0x74, 0x22, 0x3a, 0x22, 0x62, 0x75, 0x74, 0x74, 0x6f, 0x6e, 0x2e, 0x73, 0x77, 0x31,
  0x2e, 0x73, 0x68, 0x6f, 0x72, 0x74, 0x5f, 0x70, 0x72, 0x65, 0x73, 0x73, 0x22, 0x2c, 0x22, 0x61,
  0x63, 0x74, 0x69, 0x6f, 0x6e, 0x22, 0x3a, 0x22, 0x74, 0x6f, 0x6d, 0x61, 0x74, 0x6f, 0x2e, 0x73,
  0x74, 0x61, 0x72, 0x74, 0x5f, 0x70, 0x61, 0x75, 0x73, 0x65, 0x22, 0x2c, 0x22, 0x6c, 0x61, 0x62,
  0x65, 0x6c, 0x22, 0x3a, 0x22, 0xe6, 0x9a, 0x82, 0xe5, 0x81, 0x9c, 0x20, 0x2f, 0x20, 0xe7, 0xbb,
  0xa7, 0xe7, 0xbb, 0xad, 0x22, 0x7d, 0x2c, 0x7b, 0x22, 0x63, 0x6f, 0x6e, 0x74, 0x72, 0x6f, 0x6c,
  0x22, 0x3a, 0x22, 0x53, 0x57, 0x32, 0x22, 0x2c, 0x22, 0x65, 0x76, 0x65, 0x6e, 0x74, 0x22, 0x3a,
  0x22, 0x62, 0x75, 0x74, 0x74, 0x6f, 0x6e, 0x2e, 0x73, 0x77, 0x32, 0x2e, 0x73, 0x68, 0x6f, 0x72,
  0x74, 0x5f, 0x70, 0x72, 0x65, 0x73, 0x73, 0x22, 0x2c, 0x22, 0x61, 0x63, 0x74, 0x69, 0x6f, 0x6e,
  0x22, 0x3a, 0x22, 0x74, 0x6f, 0x6d, 0x61, 0x74, 0x6f, 0x2e, 0x73, 0x6b, 0x69, 0x70, 0x5f, 0x70,
  0x68, 0x61, 0x73, 0x65, 0x22, 0x2c, 0x22, 0x6c, 0x61, 0x62, 0x65, 0x6c, 0x22, 0x3a, 0x22, 0xe8,
  0xb7, 0xb3, 0xe8, 0xbf, 0x87, 0xe9, 0x98, 0xb6, 0xe6, 0xae, 0xb5, 0x22, 0x7d, 0x2c, 0x7b, 0x22,
  0x63, 0x6f, 0x6e, 0x74, 0x72, 0x6f, 0x6c, 0x22, 0x3a, 0x22, 0xe5, 0x89, 0x8d, 0xe6, 0x96, 0xb9,
  0xe6, 0x91, 0x87, 0xe6, 0x9d, 0x86, 0x22, 0x2c, 0x22, 0x65, 0x76, 0x65, 0x6e, 0x74, 0x22, 0x3a,
  0x22, 0x6a, 0x6f, 0x79, 0x73, 0x74, 0x69, 0x63, 0x6b, 0x2e, 0x64, 0x6f, 0x77, 0x6e, 0x22, 0x2c,
  0x22, 0x61, 0x63, 0x74, 0x69, 0x6f, 0x6e, 0x22, 0x3a, 0x22, 0x74, 0x6f, 0x6d, 0x61, 0x74, 0x6f,
  0x2e, 0x72, 0x65, 0x73, 0x65, 0x74, 0x5f, 0x70, 0x68, 0x61, 0x73, 0x65, 0x22, 0x2c, 0x22, 0x6c,
  0x61, 0x62, 0x65, 0x6c, 0x22, 0x3a, 0x22, 0xe9, 0x87, 0x8d, 0xe7, 0xbd, 0xae, 0xe6, 0x9c, 0xac,
  0xe8, 0xbd, 0xae, 0x22, 0x7d, 0x5d, 0x2c, 0x22, 0x73, 0x70, 0x72, 0x69, 0x74, 0x65, 0x73, 0x43,
  0x68, 0x65, 0x63, 0x6b, 0x73, 0x75, 0x6d, 0x22, 0x3a, 0x22, 0x30, 0x30, 0x30, 0x30, 0x30, 0x30,
  0x30, 0x30, 0x22, 0x2c, 0x22, 0x73, 0x70, 0x72, 0x69, 0x74, 0x65, 0x46, 0x69, 0x6c, 0x65, 0x73,
  0x22, 0x3a, 0x5b, 0x5d, 0x7d, 0x2c, 0x7b, 0x22, 0x69, 0x64, 0x22, 0x3a, 0x22, 0x64, 0x72, 0x69,
  0x6e, 0x6b, 0x2d, 0x72, 0x65, 0x6d, 0x69, 0x6e, 0x64, 0x65, 0x72, 0x22, 0x2c, 0x22, 0x76, 0x65,
  0x72, 0x73, 0x69, 0x6f, 0x6e, 0x22, 0x3a, 0x22, 0x31, 0x2e, 0x31, 0x2e, 0x34, 0x22, 0x2c, 0x22,
  0x77, 0x69, 0x64, 0x67, 0x65, 0x74, 0x22, 0x3a, 0x7b, 0x22, 0x73, 0x63, 0x68, 0x65, 0x6d, 0x61,
  0x5f, 0x76, 0x65, 0x72, 0x73, 0x69, 0x6f, 0x6e, 0x22, 0x3a, 0x31, 0x2c, 0x22, 0x65, 0x6e, 0x67,
  0x69, 0x6e, 0x65, 0x22, 0x3a, 0x22, 0x70, 0x34, 0x2d, 0x62, 0x6f, 0x75, 0x6e, 0x64, 0x65, 0x64,
  0x2d, 0x72, 0x75, 0x6e, 0x74, 0x69, 0x6d, 0x65, 0x2d, 0x76, 0x33, 0x22, 0x2c, 0x22, 0x76, 0x61,
  0x72, 0x73, 0x22, 0x3a, 0x7b, 0x22, 0x72, 0x65, 0x6d, 0x61, 0x69, 0x6e, 0x69, 0x6e, 0x67, 0x5f,
  0x6d, 0x69, 0x6e, 0x22, 0x3a, 0x7b, 0x22, 0x74, 0x79, 0x70, 0x65, 0x22, 0x3a, 0x22, 0x69, 0x6e,
  0x74, 0x22, 0x2c, 0x22, 0x69, 0x6e, 0x69, 0x74, 0x22, 0x3a, 0x36, 0x30, 0x7d, 0x2c, 0x22, 0x69,
  0x6e, 0x74, 0x65, 0x72, 0x76, 0x61, 0x6c, 0x5f, 0x6d, 0x69, 0x6e, 0x22, 0x3a, 0x7b, 0x22, 0x74,
  0x79, 0x70, 0x65, 0x22, 0x3a, 0x22, 0x69, 0x6e, 0x74, 0x22, 0x2c, 0x22, 0x69, 0x6e, 0x69, 0x74,
  0x22, 0x3a, 0x36, 0x30, 0x7d, 0x2c, 0x22, 0x64, 0x72, 0x69, 0x6e, 0x6b, 0x5f, 0x63, 0x6f, 0x75,
  0x6e, 0x74, 0x5f, 0x74, 0x6f, 0x64, 0x61, 0x79, 0x22, 0x3a, 0x7b, 0x22, 0x74, 0x79, 0x70, 0x65,
  0x22, 0x3a, 0x22, 0x69, 0x6e, 0x74, 0x22, 0x2c, 0x22, 0x69, 0x6e, 0x69, 0x74, 0x22, 0x3a, 0x30,
  0x7d, 0x7d, 0x2c, 0x22, 0x73, 0x74, 0x61, 0x74, 0x65, 0x73, 0x22, 0x3a, 0x5b, 0x22, 0x63, 0x6f,
  0x75, 0x6e, 0x74, 0x69, 0x6e, 0x67, 0x22, 0x2c, 0x22, 0x70, 0x61, 0x75, 0x73, 0x65, 0x64, 0x22,
  0x2c, 0x22, 0x64, 0x75, 0x65, 0x22, 0x5d, 0x2c, 0x22, 0x69, 0x6e, 0x69, 0x74, 0x69, 0x61, 0x6c,
  0x5f, 0x73, 0x74, 0x61, 0x74, 0x65, 0x22, 0x3a, 0x22, 0x63, 0x6f, 0x75, 0x6e, 0x74, 0x69, 0x6e,
  0x67, 0x22, 0x2c, 0x22, 0x70, 0x61, 0x67, 0x65, 0x73, 0x22, 0x3a, 0x5b, 0x7b, 0x22, 0x69, 0x64,
  0x22, 0x3a, 0x22, 0x6e, 0x65, 0x78, 0x74, 0x22, 0x7d, 0x2c, 0x7b, 0x22, 0x69, 0x64, 0x22, 0x3a,
  0x22, 0x74, 0x6f, 0x64, 0x61, 0x79, 0x22, 0x7d, 0x5d, 0x2c, 0x22, 0x69, 0x6e, 0x69, 0x74, 0x69,
  0x61, 0x6c, 0x5f, 0x70, 0x61, 0x67, 0x65, 0x22, 0x3a, 0x22, 0x6e, 0x65, 0x78, 0x74, 0x22, 0x2c,
  0x22, 0x74, 0x72, 0x61, 0x6e, 0x73, 0x69, 0x74, 0x69, 0x6f, 0x6e, 0x73, 0x22, 0x3a, 0x5b, 0x7b,
  0x22, 0x66, 0x72, 0x6f, 0x6d, 0x22, 0x3a, 0x22, 0x2a, 0x22, 0x2c, 0x22, 0x6f, 0x6e, 0x22, 0x3a,
  0x22, 0x72, 0x65, 0x6d, 0x69, 0x6e, 0x64, 0x65, 0x72, 0x2e, 0x61, 0x63, 0x6b, 0x6e, 0x6f, 0x77,
  0x6c, 0x65, 0x64, 0x67, 0x65, 0x22, 0x2c, 0x22, 0x74, 0x6f, 0x22, 0x3a, 0x22, 0x63, 0x6f, 0x75,
  0x6e, 0x74, 0x69, 0x6e, 0x67, 0x22, 0x2c, 0x22, 0x73, 0x65, 0x74, 0x22, 0x3a, 0x7b, 0x22, 0x72,
  0x65, 0x6d, 0x61, 0x69, 0x6e, 0x69, 0x6e, 0x67, 0x5f, 0x6d, 0x69, 0x6e, 0x22, 0x3a, 0x36, 0x30,
  0x7d, 0x2c, 0x22, 0x69, 0x6e, 0x63, 0x22, 0x3a, 0x7b, 0x22, 0x64, 0x72, 0x69, 0x6e, 0x6b, 0x5f,
  0x63, 0x6f, 0x75, 0x6e, 0x74, 0x5f, 0x74, 0x6f, 0x64, 0x61, 0x79, 0x22, 0x3a, 0x31, 0x7d, 0x7d,
  0x2c, 0x7b, 0x22, 0x66, 0x72, 0x6f, 0x6d, 0x22, 0x3a, 0x22, 0x63, 0x6f, 0x75, 0x6e, 0x74, 0x69,
  0x6e, 0x67, 0x22, 0x2c, 0x22, 0x6f, 0x6e, 0x22, 0x3a, 0x22, 0x72, 0x65, 0x6d, 0x69, 0x6e, 0x64,
  0x65, 0x72, 0x2e, 0x70, 0x61, 0x75, 0x73, 0x65, 0x5f, 0x72, 0x65, 0x73, 0x75, 0x6d, 0x65, 0x22,
  0x2c, 0x22, 0x74, 0x6f, 0x22, 0x3a, 0x22, 0x70, 0x61, 0x75, 0x73, 0x65, 0x64, 0x22, 0x7d, 0x2c,
  0x7b, 0x22, 0x66, 0x72, 0x6f, 0x6d, 0x22, 0x3a, 0x22, 0x64, 0x75, 0x65, 0x22, 0x2c, 0x22, 0x6f,
  0x6e, 0x22, 0x3a, 0x22, 0x72, 0x65, 0x6d, 0x69, 0x6e, 0x64, 0x65, 0x72, 0x2e, 0x70, 0x61, 0x75,
  0x73, 0x65, 0x5f, 0x72, 0x65, 0x73, 0x75, 0x6d, 0x65, 0x22, 0x2c, 0x22, 0x74, 0x6f, 0x22, 0x3a,
  0x22, 0x70, 0x61, 0x75, 0x73, 0x65, 0x64, 0x22, 0x7d, 0x2c, 0x7b, 0x22, 0x66, 0x72, 0x6f, 0x6d,
  0x22, 0x3a, 0x22, 0x70, 0x61, 0x75, 0x73, 0x65, 0x64, 0x22, 0x2c, 0x22, 0x6f, 0x6e, 0x22, 0x3a,
  0x22, 0x72, 0x65, 0x6d, 0x69, 0x6e, 0x64, 0x65, 0x72, 0x2e, 0x70, 0x61, 0x75, 0x73, 0x65, 0x5f,
  0x72, 0x65, 0x73, 0x75, 0x6d, 0x65, 0x22, 0x2c, 0x22, 0x74, 0x6f, 0x22, 0x3a, 0x22, 0x63, 0x6f,
  0x75, 0x6e, 0x74, 0x69, 0x6e, 0x67, 0x22, 0x7d, 0x2c, 0x7b, 0x22, 0x66, 0x72, 0x6f, 0x6d, 0x22,
  0x3a, 0x22, 0x2a, 0x22, 0x2c, 0x22, 0x6f, 0x6e, 0x22, 0x3a, 0x22, 0x72, 0x65, 0x6d, 0x69, 0x6e,
  0x64, 0x65, 0x72, 0x2e, 0x73, 0x77, 0x69, 0x74, 0x63, 0x68, 0x5f, 0x76, 0x69, 0x65, 0x77, 0x22,
  0x2c, 0x22, 0x70, 0x61, 0x67, 0x65, 0x22, 0x3a, 0x22, 0x6e, 0x65, 0x78, 0x74, 0x22, 0x7d, 0x5d,
  0x2c, 0x22, 0x74, 0x69, 0x63, 0x6b, 0x22, 0x3a, 0x5b, 0x7b, 0x22, 0x65, 0x76, 0x65, 0x72, 0x79,
  0x5f, 0x6d, 0x73, 0x22, 0x3a, 0x36, 0x30, 0x30, 0x30, 0x30, 0x2c, 0x22, 0x77, 0x68, 0x69, 0x6c,
  0x65, 0x5f, 0x73, 0x74, 0x61, 0x74, 0x65, 0x22, 0x3a, 0x22, 0x63, 0x6f, 0x75, 0x6e, 0x74, 0x69,
  0x6e, 0x67, 0x22, 0x2c, 0x22, 0x69, 0x6e, 0x63, 0x22, 0x3a, 0x7b, 0x22, 0x72, 0x65, 0x6d, 0x61,
  0x69, 0x6e, 0x69, 0x6e, 0x67, 0x5f, 0x6d, 0x69, 0x6e, 0x22, 0x3a, 0x2d, 0x31, 0x7d, 0x2c, 0x22,
  0x77, 0x68, 0x65, 0x6e, 0x22, 0x3a, 0x7b, 0x22, 0x76, 0x61, 0x72, 0x22, 0x3a, 0x22, 0x72, 0x65,
  0x6d, 0x61, 0x69, 0x6e, 0x69, 0x6e, 0x67, 0x5f, 0x6d, 0x69, 0x6e, 0x22, 0x2c, 0x22, 0x6c, 0x74,
  0x65, 0x22, 0x3a, 0x30, 0x7d, 0x2c, 0x22, 0x74, 0x68, 0x65, 0x6e, 0x22, 0x3a, 0x7b, 0x22, 0x74,
  0x6f, 0x22, 0x3a, 0x22, 0x64, 0x75, 0x65, 0x22, 0x2c, 0x22, 0x73, 0x65, 0x74, 0x22, 0x3a, 0x7b,
  0x22, 0x72, 0x65, 0x6d, 0x61, 0x69, 0x6e, 0x69, 0x6e, 0x67, 0x5f, 0x6d, 0x69, 0x6e, 0x22, 0x3a,
  0x30, 0x7d, 0x7d, 0x7d, 0x5d, 0x2c, 0x22, 0x64, 0x61, 0x73, 0x68, 0x62, 0x6f, 0x61, 0x72, 0x64,
  0x22, 0x3a, 0x7b, 0x22, 0x74, 0x69, 0x74, 0x6c, 0x65, 0x22, 0x3a, 0x22, 0xe5, 0x96, 0x9d, 0xe6,
  0xb0, 0xb4, 0xe6, 0x8f, 0x90, 0xe9, 0x86, 0x92, 0x22, 0x2c, 0x22, 0x65, 0x79, 0x65, 0x62, 0x72,
  0x6f, 0x77, 0x22, 0x3a, 0x7b, 0x22, 0x73, 0x77, 0x69, 0x74, 0x63, 0x68, 0x5f, 0x70, 0x61, 0x67,
  0x65, 0x22, 0x3a, 0x7b, 0x22, 0x6e, 0x65, 0x78, 0x74, 0x22, 0x3a, 0x22, 0xe8, 0xb7, 0x9d, 0xe7,
  0xa6, 0xbb, 0xe4, 0xb8, 0x8b, 0xe6, 0xac, 0xa1, 0xe5, 0x96, 0x9d, 0xe6, 0xb0, 0xb4, 0x22, 0x2c,
  0x22, 0x74, 0x6f, 0x64, 0x61, 0x79, 0x22, 0x3a, 0x22, 0xe4, 0xbb, 0x8a, 0xe6, 0x97, 0xa5, 0xe8,
  0xae, 0xb0, 0xe5, 0xbd, 0x95, 0x22, 0x7d, 0x7d, 0x2c, 0x22, 0x68, 0x65, 0x61, 0x64, 0x6c, 0x69,
  0x6e, 0x65, 0x22, 0x3a, 0x7b, 0x22, 0x73, 0x77, 0x69, 0x74, 0x63, 0x68, 0x5f, 0x73, 0x74, 0x61,
  0x74, 0x65, 0x22, 0x3a, 0x7b, 0x22, 0x63, 0x6f, 0x75, 0x6e, 0x74, 0x69, 0x6e, 0x67, 0x22, 0x3a,
  0x22, 0xe8, 0xa1, 0xa5, 0xe6, 0xb0, 0xb4, 0xe5, 0x80, 0x92, 0xe8, 0xae, 0xa1, 0xe6, 0x97, 0xb6,
  0x22, 0x2c, 0x22, 0x70, 0x61, 0x75, 0x73, 0x65, 0x64, 0x22, 0x3a, 0x22, 0xe6, 0x8f, 0x90, 0xe9,
  0x86, 0x92, 0xe5, 0xb7, 0xb2, 0xe6, 0x9a, 0x82, 0xe5, 0x81, 0x9c, 0x22, 0x2c, 0x22, 0x64, 0x75,
  0x65, 0x22, 0x3a, 0x22, 0xe8, 0xaf, 0xa5, 0xe5, 0x96, 0x9d, 0xe6, 0xb0, 0xb4, 0xe5, 0x95, 0xa6,
  0x22, 0x7d, 0x7d, 0x2c, 0x22, 0x6d, 0x65, 0x74, 0x72, 0x69, 0x63, 0x4c, 0x61, 0x62, 0x65, 0x6c,
  0x22, 0x3a, 0x7b, 0x22, 0x73, 0x77, 0x69, 0x74, 0x63, 0x68, 0x5f, 0x70, 0x61, 0x67, 0x65, 0x22,
  0x3a, 0x7b, 0x22, 0x6e, 0x65, 0x78, 0x74, 0x22, 0x3a, 0x22, 0xe5, 0x89, 0xa9, 0xe4, 0xbd, 0x99,
  0x22, 0x2c, 0x22, 0x74, 0x6f, 0x64, 0x61, 0x79, 0x22, 0x3a, 0x22, 0xe5, 0xb7, 0xb2, 0xe8, 0xae,
  0xb0, 0xe5, 0xbd, 0x95, 0x22, 0x7d, 0x7d, 0x2c, 0x22, 0x6d, 0x65, 0x74, 0x72, 0x69, 0x63, 0x56,
  0x61, 0x6c, 0x75, 0x65, 0x22, 0x3a, 0x7b, 0x22, 0x73, 0x77, 0x69, 0x74, 0x63, 0x68, 0x5f, 0x70,
  0x61, 0x67, 0x65, 0x22, 0x3a, 0x7b, 0x22, 0x6e, 0x65, 0x78, 0x74, 0x22, 0x3a, 0x7b, 0x22, 0x76,
  0x61, 0x72, 0x22, 0x3a, 0x22, 0x72, 0x65, 0x6d, 0x61, 0x69, 0x6e, 0x69, 0x6e, 0x67, 0x5f, 0x6d,
  0x69, 0x6e, 0x22, 0x7d, 0x2c, 0x22, 0x74, 0x6f, 0x64, 0x61, 0x79, 0x22, 0x3a, 0x7b, 0x22, 0x76,
  0x61, 0x72, 0x22, 0x3a, 0x22, 0x64, 0x72, 0x69, 0x6e, 0x6b, 0x5f, 0x63, 0x6f, 0x75, 0x6e, 0x74,
  0x5f, 0x74, 0x6f, 0x64, 0x61, 0x79, 0x22, 0x7d, 0x7d, 0x7d, 0x2c, 0x22, 0x6d, 0x65, 0x74, 0x72,
  0x69, 0x63, 0x55, 0x6e, 0x69, 0x74, 0x22, 0x3a, 0x7b, 0x22, 0x73, 0x77, 0x69, 0x74, 0x63, 0x68,
  0x5f, 0x70, 0x61, 0x67, 0x65, 0x22, 0x3a, 0x7b, 0x22, 0x6e, 0x65, 0x78, 0x74, 0x22, 0x3a, 0x22,
  0xe5, 0x88, 0x86, 0xe9, 0x92, 0x9f, 0x22, 0x2c, 0x22, 0x74, 0x6f, 0x64, 0x61, 0x79, 0x22, 0x3a,
  0x22, 0xe6, 0xac, 0xa1, 0x22, 0x7d, 0x7d, 0x2c, 0x22, 0x62, 0x61, 0x64, 0x67, 0x65, 0x22, 0x3a,
  0x7b, 0x22, 0x76, 0x61, 0x72, 0x22, 0x3a, 0x22, 0x64, 0x72, 0x69, 0x6e, 0x6b, 0x5f, 0x63, 0x6f,
  0x75, 0x6e, 0x74, 0x5f, 0x74, 0x6f, 0x64, 0x61, 0x79, 0x22, 0x7d, 0x2c, 0x22, 0x6e, 0x6f, 0x74,
  0x65, 0x22, 0x3a, 0x7b, 0x22, 0x73, 0x77, 0x69, 0x74, 0x63, 0x68, 0x5f, 0x70, 0x61, 0x67, 0x65,
  0x22, 0x3a, 0x7b, 0x22, 0x6e, 0x65, 0x78, 0x74, 0x22, 0x3a, 0x22, 0xe6, 0xaf, 0x8f, 0x20, 0x36,
  0x30, 0x20, 0xe5, 0x88, 0x86, 0xe9, 0x92, 0x9f, 0xe6, 0x8f, 0x90, 0xe9, 0x86, 0x92, 0xe4, 0xb8,
  0x80, 0xe6, 0xac, 0xa1, 0x22, 0x2c, 0x22, 0x74, 0x6f, 0x64, 0x61, 0x79, 0x22, 0x3a, 0x22, 0x53,
  0x57, 0x31, 0x20, 0xe8, 0xae, 0xb0, 0xe5, 0xbd, 0x95, 0xe4, 0xb8, 0x80, 0xe6, 0xac, 0xa1, 0xe5,
  0x96, 0x9d, 0xe6, 0xb0, 0xb4, 0x22, 0x7d, 0x7d, 0x2c, 0x22, 0x66, 0x6f, 0x6f, 0x74, 0x65, 0x72,
  0x22, 0x3a, 0x7b, 0x22, 0x73, 0x77, 0x69, 0x74, 0x63, 0x68, 0x5f, 0x73, 0x74, 0x61, 0x74, 0x65,
  0x22, 0x3a, 0x7b, 0x22, 0x63, 0x6f, 0x75, 0x6e, 0x74, 0x69, 0x6e, 0x67, 0x22, 0x3a, 0x22, 0x53,
  0x57, 0x31, 0xe6, 0x88, 0x91, 0xe5, 0x96, 0x9d, 0xe4, 0xba, 0x86, 0x20, 0xc2, 0xb7, 0x20, 0x53,
  0x57, 0x32, 0xe6, 0x9a, 0x82, 0xe5, 0x81, 0x9c, 0x20, 0xc2, 0xb7, 0x20, 0xe6, 0x91, 0x87, 0xe6,
  0x9d, 0x86, 0xe5, 0x8f, 0xb3, 0xe5, 0x88, 0x87, 0xe6, 0x8d, 0xa2, 0x20, 0xc2, 0xb7, 0x20, 0xe5,
  0x85, 0xa8, 0xe5, 0xb1, 0x80, 0xe9, 0x94, 0xae, 0xe9, 0x80, 0x80, 0xe5, 0x87, 0xba, 0x22, 0x2c,
  0x22, 0x70, 0x61, 0x75, 0x73, 0x65, 0x64, 0x22, 0x3a, 0x22, 0x53, 0x57, 0x31, 0xe6, 0x88, 0x91,
  0xe5, 0x96, 0x9d, 0xe4, 0xba, 0x86, 0x20, 0xc2, 0xb7, 0x20, 0x53, 0x57, 0x32, 0xe6, 0x81, 0xa2,
  0xe5, 0xa4, 0x8d, 0x20, 0xc2, 0xb7, 0x20, 0xe6, 0x91, 0x87, 0xe6, 0x9d, 0x86, 0xe5, 0x8f, 0xb3,
  0xe5, 0x88, 0x87, 0xe6, 0x8d, 0xa2, 0x20, 0xc2, 0xb7, 0x20, 0xe5, 0x85, 0xa8, 0xe5, 0xb1, 0x80,
  0xe9, 0x94, 0xae, 0xe9, 0x80, 0x80, 0xe5, 0x87, 0xba, 0x22, 0x2c, 0x22, 0x64, 0x75, 0x65, 0x22,
  0x3a, 0x22, 0x53, 0x57, 0x31, 0xe6, 0x88, 0x91, 0xe5, 0x96, 0x9d, 0xe4, 0xba, 0x86, 0x20, 0xc2,
  0xb7, 0x20, 0x53, 0x57, 0x32, 0xe6, 0x9a, 0x82, 0xe5, 0x81, 0x9c, 0x20, 0xc2, 0xb7, 0x20, 0xe6,
  0x91, 0x87, 0xe6, 0x9d, 0x86, 0xe5, 0x8f, 0xb3, 0xe5, 0x88, 0x87, 0xe6, 0x8d, 0xa2, 0x20, 0xc2,
  0xb7, 0x20, 0xe5, 0x85, 0xa8, 0xe5, 0xb1, 0x80, 0xe9, 0x94, 0xae, 0xe9, 0x80, 0x80, 0xe5, 0x87,
  0xba, 0x22, 0x7d, 0x7d, 0x2c, 0x22, 0x70, 0x72, 0x6f, 0x67, 0x72, 0x65, 0x73, 0x73, 0x22, 0x3a,
  0x7b, 0x22, 0x70, 0x63, 0x74, 0x5f, 0x6f, 0x66, 0x22, 0x3a, 0x22, 0x72, 0x65, 0x6d, 0x61, 0x69,
  0x6e, 0x69, 0x6e, 0x67, 0x5f, 0x6d, 0x69, 0x6e, 0x22, 0x2c, 0x22, 0x6f, 0x66, 0x5f, 0x6d, 0x61,
  0x78, 0x22, 0x3a, 0x22, 0x69, 0x6e, 0x74, 0x65, 0x72, 0x76, 0x61, 0x6c, 0x5f, 0x6d, 0x69, 0x6e,
  0x22, 0x2c, 0x22, 0x6c, 0x61, 0x62, 0x65, 0x6c, 0x22, 0x3a, 0x22, 0xe8, 0xb7, 0x9d, 0xe6, 0x8f,
  0x90, 0xe9, 0x86, 0x92, 0x22, 0x7d, 0x2c, 0x22, 0x76, 0x69, 0x73, 0x75, 0x61, 0x6c, 0x53, 0x74,
  0x79, 0x6c, 0x65, 0x22, 0x3a, 0x22, 0x70, 0x69, 0x78, 0x65, 0x6c, 0x22, 0x2c, 0x22, 0x76, 0x69,
  0x73, 0x75, 0x61, 0x6c, 0x50, 0x61, 0x6c, 0x65, 0x74, 0x74, 0x65, 0x22, 0x3a, 0x7b, 0x22, 0x73,
  0x77, 0x69, 0x74, 0x63, 0x68, 0x5f, 0x73, 0x74, 0x61, 0x74, 0x65, 0x22, 0x3a, 0x7b, 0x22, 0x63,
  0x6f, 0x75, 0x6e, 0x74, 0x69, 0x6e, 0x67, 0x22, 0x3a, 0x22, 0x6d, 0x69, 0x6e, 0x74, 0x22, 0x2c,
  0x22, 0x70, 0x61, 0x75, 0x73, 0x65, 0x64, 0x22, 0x3a, 0x22, 0x61, 0x72, 0x63, 0x61, 0x64, 0x65,
  0x22, 0x2c, 0x22, 0x64, 0x75, 0x65, 0x22, 0x3a, 0x22, 0x73, 0x75, 0x6e, 0x73, 0x65, 0x74, 0x22,
  0x7d, 0x7d, 0x2c, 0x22, 0x76, 0x69, 0x73, 0x75, 0x61, 0x6c, 0x4c, 0x61, 0x79, 0x6f, 0x75, 0x74,
  0x22, 0x3a, 0x22, 0x74, 0x6f, 0x6f, 0x6c, 0x22, 0x2c, 0x22, 0x76, 0x69, 0x73, 0x75, 0x61, 0x6c,
  0x53, 0x70, 0x72, 0x69, 0x74, 0x65, 0x22, 0x3a, 0x7b, 0x22, 0x73, 0x77, 0x69, 0x74, 0x63, 0x68,
  0x5f, 0x73, 0x74, 0x61, 0x74, 0x65, 0x22, 0x3a, 0x7b, 0x22, 0x63, 0x6f, 0x75, 0x6e, 0x74, 0x69,
  0x6e, 0x67, 0x22, 0x3a, 0x22, 0x64, 0x72, 0x6f, 0x70, 0x6c, 0x65, 0x74, 0x22, 0x2c, 0x22, 0x70,
  0x61, 0x75, 0x73, 0x65, 0x64, 0x22, 0x3a, 0x22, 0x74, 0x69, 0x6d, 0x65, 0x72, 0x22, 0x2c, 0x22,
  0x64, 0x75, 0x65, 0x22, 0x3a, 0x22, 0x64, 0x72, 0x6f, 0x70, 0x6c, 0x65, 0x74, 0x22, 0x7d, 0x7d,
  0x7d, 0x7d, 0x2c, 0x22, 0x62, 0x75, 0x74, 0x74, 0x6f, 0x6e, 0x73, 0x22, 0x3a, 0x5b, 0x7b, 0x22,
  0x63, 0x6f, 0x6e, 0x74, 0x72, 0x6f, 0x6c, 0x22, 0x3a, 0x22, 0x53, 0x57, 0x31, 0x22, 0x2c, 0x22,
  0x65, 0x76, 0x65, 0x6e, 0x74, 0x22, 0x3a, 0x22, 0x62, 0x75, 0x74, 0x74, 0x6f, 0x6e, 0x2e, 0x73,
  0x77, 0x31, 0x2e, 0x73, 0x68, 0x6f, 0x72, 0x74, 0x5f, 0x70, 0x72, 0x65, 0x73, 0x73, 0x22, 0x2c,
  0x22, 0x61, 0x63, 0x74, 0x69, 0x6f, 0x6e, 0x22, 0x3a, 0x22, 0x72, 0x65, 0x6d, 0x69, 0x6e, 0x64,
  0x65, 0x72, 0x2e, 0x61, 0x63, 0x6b, 0x6e, 0x6f, 0x77, 0x6c, 0x65, 0x64, 0x67, 0x65, 0x22, 0x2c,
  0x22, 0x6c, 0x61, 0x62, 0x65, 0x6c, 0x22, 0x3a, 0x22, 0xe6, 0x88, 0x91, 0xe5, 0x96, 0x9d, 0xe4,
  0xba, 0x86, 0x22, 0x7d, 0x2c, 0x7b, 0x22, 0x63, 0x6f, 0x6e, 0x74, 0x72, 0x6f, 0x6c, 0x22, 0x3a,
  0x22, 0x53, 0x57, 0x32, 0x22, 0x2c, 0x22, 0x65, 0x76, 0x65, 0x6e, 0x74, 0x22, 0x3a, 0x22, 0x62,
  0x75, 0x74, 0x74, 0x6f, 0x6e, 0x2e, 0x73, 0x77, 0x32, 0x2e, 0x73, 0x68, 0x6f, 0x72, 0x74, 0x5f,
  0x70, 0x72, 0x65, 0x73, 0x73, 0x22, 0x2c, 0x22, 0x61, 0x63, 0x74, 0x69, 0x6f, 0x6e, 0x22, 0x3a,
  0x22, 0x72, 0x65, 0x6d, 0x69, 0x6e, 0x64, 0x65, 0x72, 0x2e, 0x70, 0x61, 0x75, 0x73, 0x65, 0x5f,
  0x72, 0x65, 0x73, 0x75, 0x6d, 0x65, 0x22, 0x2c, 0x22, 0x6c, 0x61, 0x62, 0x65, 0x6c, 0x22, 0x3a,
  0x22, 0xe6, 0x9a, 0x82, 0xe5, 0x81, 0x9c, 0x20, 0x2f, 0x20, 0xe6, 0x81, 0xa2, 0xe5, 0xa4, 0x8d,
  0x22, 0x7d, 0x2c, 0x7b, 0x22, 0x63, 0x6f, 0x6e, 0x74, 0x72, 0x6f, 0x6c, 0x22, 0x3a, 0x22, 0xe5,
  0x89, 0x8d, 0xe6, 0x96, 0xb9, 0xe6, 0x91, 0x87, 0xe6, 0x9d, 0x86, 0x22, 0x2c, 0x22, 0x65, 0x76,
  0x65, 0x6e, 0x74, 0x22, 0x3a, 0x22, 0x6b, 0x6e, 0x6f, 0x62, 0x2e, 0x72, 0x6f, 0x74, 0x61, 0x74,
  0x65, 0x5f, 0x63, 0x77, 0x22, 0x2c, 0x22, 0x61, 0x63, 0x74, 0x69, 0x6f, 0x6e, 0x22, 0x3a, 0x22,
  0x72, 0x65, 0x6d, 0x69, 0x6e, 0x64, 0x65, 0x72, 0x2e, 0x73, 0x77, 0x69, 0x74, 0x63, 0x68, 0x5f,
  0x76, 0x69, 0x65, 0x77, 0x22, 0x2c, 0x22, 0x6c, 0x61, 0x62, 0x65, 0x6c, 0x22, 0x3a, 0x22, 0xe5,
  0x88, 0x87, 0xe6, 0x8d, 0xa2, 0xe8, 0xa7, 0x86, 0xe5, 0x9b, 0xbe, 0x22, 0x7d, 0x5d, 0x2c, 0x22,
  0x73, 0x70, 0x72, 0x69, 0x74, 0x65, 0x73, 0x43, 0x68, 0x65, 0x63, 0x6b, 0x73, 0x75, 0x6d, 0x22,
  0x3a, 0x22, 0x30, 0x30, 0x30, 0x30, 0x30, 0x30, 0x30, 0x30, 0x22, 0x2c, 0x22, 0x73, 0x70, 0x72,
  0x69, 0x74, 0x65, 0x46, 0x69, 0x6c, 0x65, 0x73, 0x22, 0x3a, 0x5b, 0x5d, 0x7d, 0x2c, 0x7b, 0x22,
  0x69, 0x64, 0x22, 0x3a, 0x22, 0x74, 0x6f, 0x6b, 0x65, 0x6e, 0x2d, 0x75, 0x73, 0x61, 0x67, 0x65,
  0x22, 0x2c, 0x22, 0x76, 0x65, 0x72, 0x73, 0x69, 0x6f, 0x6e, 0x22, 0x3a, 0x22, 0x32, 0x2e, 0x32,
  0x2e, 0x36, 0x22, 0x2c, 0x22, 0x77, 0x69, 0x64, 0x67, 0x65, 0x74, 0x22, 0x3a, 0x7b, 0x22, 0x73,
  0x63, 0x68, 0x65, 0x6d, 0x61, 0x5f, 0x76, 0x65, 0x72, 0x73, 0x69, 0x6f, 0x6e, 0x22, 0x3a, 0x31,
  0x2c, 0x22, 0x65, 0x6e, 0x67, 0x69, 0x6e, 0x65, 0x22, 0x3a, 0x22, 0x70, 0x34, 0x2d, 0x62, 0x6f,
  0x75, 0x6e, 0x64, 0x65, 0x64, 0x2d, 0x72, 0x75, 0x6e, 0x74, 0x69, 0x6d, 0x65, 0x2d, 0x76, 0x33,
  0x22, 0x2c, 0x22, 0x76, 0x61, 0x72, 0x73, 0x22, 0x3a, 0x7b, 0x22, 0x61, 0x67, 0x65, 0x6e, 0x74,
  0x5f, 0x6c, 0x61, 0x62, 0x65, 0x6c, 0x22, 0x3a, 0x7b, 0x22, 0x74, 0x79, 0x70, 0x65, 0x22, 0x3a,
  0x22, 0x73, 0x74, 0x72, 0x69, 0x6e, 0x67, 0x22, 0x2c, 0x22, 0x69, 0x6e, 0x69, 0x74, 0x22, 0x3a,
  0x22, 0xe5, 0xbd, 0x93, 0xe5, 0x89, 0x8d, 0x20, 0x41, 0x67, 0x65, 0x6e, 0x74, 0x22, 0x7d, 0x2c,
  0x22, 0x68, 0x65, 0x61, 0x64, 0x6c, 0x69, 0x6e, 0x65, 0x5f, 0x74, 0x65, 0x78, 0x74, 0x22, 0x3a,
  0x7b, 0x22, 0x74, 0x79, 0x70, 0x65, 0x22, 0x3a, 0x22, 0x73, 0x74, 0x72, 0x69, 0x6e, 0x67, 0x22,
  0x2c, 0x22, 0x69, 0x6e, 0x69, 0x74, 0x22, 0x3a, 0x22, 0xe7, 0xad, 0x89, 0xe5, 0xbe, 0x85, 0xe4,
  0xbb, 0x8a, 0xe6, 0x97, 0xa5, 0xe7, 0xbb, 0x9f, 0xe8, 0xae, 0xa1, 0x22, 0x7d, 0x2c, 0x22, 0x74,
  0x6f, 0x74, 0x61, 0x6c, 0x5f, 0x64, 0x69, 0x73, 0x70, 0x6c, 0x61, 0x79, 0x22, 0x3a, 0x7b, 0x22,
  0x74, 0x79, 0x70, 0x65, 0x22, 0x3a, 0x22, 0x73, 0x74, 0x72, 0x69, 0x6e, 0x67, 0x22, 0x2c, 0x22,
  0x69, 0x6e, 0x69, 0x74, 0x22, 0x3a, 0x22, 0xe2, 0x80, 0x94, 0x22, 0x7d, 0x2c, 0x22, 0x69, 0x6e,
  0x70, 0x75, 0x74, 0x5f, 0x64, 0x69, 0x73, 0x70, 0x6c, 0x61, 0x79, 0x22, 0x3a, 0x7b, 0x22, 0x74,
  0x79, 0x70, 0x65, 0x22, 0x3a, 0x22, 0x73, 0x74, 0x72, 0x69, 0x6e, 0x67, 0x22, 0x2c, 0x22, 0x69,
  0x6e, 0x69, 0x74, 0x22, 0x3a, 0x22, 0xe2, 0x80, 0x94, 0x22, 0x7d, 0x2c, 0x22, 0x6f, 0x75, 0x74,
  0x70, 0x75, 0x74, 0x5f, 0x64, 0x69, 0x73, 0x70, 0x6c, 0x61, 0x79, 0x22, 0x3a, 0x7b, 0x22, 0x74,
  0x79, 0x70, 0x65, 0x22, 0x3a, 0x22, 0x73, 0x74, 0x72, 0x69, 0x6e, 0x67, 0x22, 0x2c, 0x22, 0x69,
  0x6e, 0x69, 0x74, 0x22, 0x3a, 0x22, 0xe2, 0x80, 0x94, 0x22, 0x7d, 0x2c, 0x22, 0x63, 0x61, 0x63,
  0x68, 0x65, 0x5f, 0x64, 0x69, 0x73, 0x70, 0x6c, 0x61, 0x79, 0x22, 0x3a, 0x7b, 0x22, 0x74, 0x79,
  0x70, 0x65, 0x22, 0x3a, 0x22, 0x73, 0x74, 0x72, 0x69, 0x6e, 0x67, 0x22, 0x2c, 0x22, 0x69, 0x6e,
  0x69, 0x74, 0x22, 0x3a, 0x22, 0xe7, 0xbc, 0x93, 0xe5, 0xad, 0x98, 0x20, 0xe2, 0x80, 0x94, 0x22,
  0x7d, 0x2c, 0x22, 0x62, 0x72, 0x65, 0x61, 0x6b, 0x64, 0x6f, 0x77, 0x6e, 0x5f, 0x74, 0x65, 0x78,
  0x74, 0x22, 0x3a, 0x7b, 0x22, 0x74, 0x79, 0x70, 0x65, 0x22, 0x3a, 0x22, 0x73, 0x74, 0x72, 0x69,
  0x6e, 0x67, 0x22, 0x2c, 0x22, 0x69, 0x6e, 0x69, 0x74, 0x22, 0x3a, 0x22, 0x22, 0x7d, 0x7d, 0x2c,
  0x22, 0x73, 0x74, 0x61, 0x74, 0x65, 0x73, 0x22, 0x3a, 0x5b, 0x22, 0x6c, 0x69, 0x76, 0x65, 0x22,
  0x5d, 0x2c, 0x22, 0x69, 0x6e, 0x69, 0x74, 0x69, 0x61, 0x6c, 0x5f, 0x73, 0x74, 0x61, 0x74, 0x65,
  0x22, 0x3a, 0x22, 0x6c, 0x69, 0x76, 0x65, 0x22, 0x2c, 0x22, 0x70, 0x61, 0x67, 0x65, 0x73, 0x22,
  0x3a, 0x5b, 0x7b, 0x22, 0x69, 0x64, 0x22, 0x3a, 0x22, 0x74, 0x6f, 0x74, 0x61, 0x6c, 0x22, 0x7d,
  0x2c, 0x7b, 0x22, 0x69, 0x64, 0x22, 0x3a, 0x22, 0x69, 0x6e, 0x70, 0x75, 0x74, 0x22, 0x7d, 0x2c,
  0x7b, 0x22, 0x69, 0x64, 0x22, 0x3a, 0x22, 0x6f, 0x75, 0x74, 0x70, 0x75, 0x74, 0x22, 0x7d, 0x5d,
  0x2c, 0x22, 0x69, 0x6e, 0x69, 0x74, 0x69, 0x61, 0x6c, 0x5f, 0x70, 0x61, 0x67, 0x65, 0x22, 0x3a,
  0x22, 0x74, 0x6f, 0x74, 0x61, 0x6c, 0x22, 0x2c, 0x22, 0x74, 0x72, 0x61, 0x6e, 0x73, 0x69, 0x74,
  0x69, 0x6f, 0x6e, 0x73, 0x22, 0x3a, 0x5b, 0x7b, 0x22, 0x66, 0x72, 0x6f, 0x6d, 0x22, 0x3a, 0x22,
  0x2a, 0x22, 0x2c, 0x22, 0x6f, 0x6e, 0x22, 0x3a, 0x22, 0x73, 0x74, 0x61, 0x74, 0x73, 0x2e, 0x73,
  0x68, 0x6f, 0x77, 0x5f, 0x74, 0x6f, 0x74, 0x61, 0x6c, 0x22, 0x2c, 0x22, 0x70, 0x61, 0x67, 0x65,
  0x22, 0x3a, 0x22, 0x74, 0x6f, 0x74, 0x61, 0x6c, 0x22, 0x7d, 0x2c, 0x7b, 0x22, 0x66, 0x72, 0x6f,
  0x6d, 0x22, 0x3a, 0x22, 0x2a, 0x22, 0x2c, 0x22, 0x6f, 0x6e, 0x22, 0x3a, 0x22, 0x73, 0x74, 0x61,
  0x74, 0x73, 0x2e, 0x73, 0x68, 0x6f, 0x77, 0x5f, 0x69, 0x6e, 0x70, 0x75, 0x74, 0x22, 0x2c, 0x22,
  0x70, 0x61, 0x67, 0x65, 0x22, 0x3a, 0x22, 0x69, 0x6e, 0x70, 0x75, 0x74, 0x22, 0x7d, 0x2c, 0x7b,
  0x22, 0x66, 0x72, 0x6f, 0x6d, 0x22, 0x3a, 0x22, 0x2a, 0x22, 0x2c, 0x22, 0x6f, 0x6e, 0x22, 0x3a,
  0x22, 0x73, 0x74, 0x61, 0x74, 0x73, 0x2e, 0x73, 0x68, 0x6f, 0x77, 0x5f, 0x6f, 0x75, 0x74, 0x70,
  0x75, 0x74, 0x22, 0x2c, 0x22, 0x70, 0x61, 0x67, 0x65, 0x22, 0x3a, 0x22, 0x6f, 0x75, 0x74, 0x70,
  0x75, 0x74, 0x22, 0x7d, 0x5d, 0x2c, 0x22, 0x74, 0x69, 0x63, 0x6b, 0x22, 0x3a, 0x5b, 0x5d, 0x2c,
  0x22, 0x64, 0x61, 0x73, 0x68, 0x62, 0x6f, 0x61, 0x72, 0x64, 0x22, 0x3a, 0x7b, 0x22, 0x74, 0x69,
  0x74, 0x6c, 0x65, 0x22, 0x3a, 0x22, 0x54, 0x6f, 0x6b, 0x65, 0x6e, 0x20, 0xe4, 0xbb, 0xaa, 0xe8,
  0xa1, 0xa8, 0xe7, 0x9b, 0x98, 0x22, 0x2c, 0x22, 0x65, 0x79, 0x65, 0x62, 0x72, 0x6f, 0x77, 0x22,
  0x3a, 0x7b, 0x22, 0x76, 0x61, 0x72, 0x22, 0x3a, 0x22, 0x61, 0x67, 0x65, 0x6e, 0x74, 0x5f, 0x6c,
  0x61, 0x62, 0x65, 0x6c, 0x22, 0x7d, 0x2c, 0x22, 0x68, 0x65, 0x61, 0x64, 0x6c, 0x69, 0x6e, 0x65,
  0x22, 0x3a, 0x7b, 0x22, 0x76, 0x61, 0x72, 0x22, 0x3a, 0x22, 0x68, 0x65, 0x61, 0x64, 0x6c, 0x69,
  0x6e, 0x65, 0x5f, 0x74, 0x65, 0x78, 0x74, 0x22, 0x7d, 0x2c, 0x22, 0x6d, 0x65, 0x74, 0x72, 0x69,
  0x63, 0x4c, 0x61, 0x62, 0x65, 0x6c, 0x22, 0x3a, 0x7b, 0x22, 0x73, 0x77, 0x69, 0x74, 0x63, 0x68,
  0x5f, 0x70, 0x61, 0x67, 0x65, 0x22, 0x3a, 0x7b, 0x22, 0x74, 0x6f, 0x74, 0x61, 0x6c, 0x22, 0x3a,
  0x22, 0xe6, 0x80, 0xbb, 0x20, 0x54, 0x6f, 0x6b, 0x65, 0x6e, 0x22, 0x2c, 0x22, 0x69, 0x6e, 0x70,
  0x75, 0x74, 0x22, 0x3a, 0x22, 0xe8, 0xbe, 0x93, 0xe5, 0x85, 0xa5, 0x20, 0x54, 0x6f, 0x6b, 0x65,
  0x6e, 0x22, 0x2c, 0x22, 0x6f, 0x75, 0x74, 0x70, 0x75, 0x74, 0x22, 0x3a, 0x22, 0xe8, 0xbe, 0x93,
  0xe5, 0x87, 0xba, 0x20, 0x54, 0x6f, 0x6b, 0x65, 0x6e, 0x22, 0x7d, 0x7d, 0x2c, 0x22, 0x6d, 0x65,
  0x74, 0x72, 0x69, 0x63, 0x56, 0x61, 0x6c, 0x75, 0x65, 0x22, 0x3a, 0x7b, 0x22, 0x73, 0x77, 0x69,
  0x74, 0x63, 0x68, 0x5f, 0x70, 0x61, 0x67, 0x65, 0x22, 0x3a, 0x7b, 0x22, 0x74, 0x6f, 0x74, 0x61,
  0x6c, 0x22, 0x3a, 0x7b, 0x22, 0x76, 0x61, 0x72, 0x22, 0x3a, 0x22, 0x74, 0x6f, 0x74, 0x61, 0x6c,
  0x5f, 0x64, 0x69, 0x73, 0x70, 0x6c, 0x61, 0x79, 0x22, 0x7d, 0x2c, 0x22, 0x69, 0x6e, 0x70, 0x75,
  0x74, 0x22, 0x3a, 0x7b, 0x22, 0x76, 0x61, 0x72, 0x22, 0x3a, 0x22, 0x69, 0x6e, 0x70, 0x75, 0x74,
  0x5f, 0x64, 0x69, 0x73, 0x70, 0x6c, 0x61, 0x79, 0x22, 0x7d, 0x2c, 0x22, 0x6f, 0x75, 0x74, 0x70,
  0x75, 0x74, 0x22, 0x3a, 0x7b, 0x22, 0x76, 0x61, 0x72, 0x22, 0x3a, 0x22, 0x6f, 0x75, 0x74, 0x70,
  0x75, 0x74, 0x5f, 0x64, 0x69, 0x73, 0x70, 0x6c, 0x61, 0x79, 0x22, 0x7d, 0x7d, 0x7d, 0x2c, 0x22,
  0x6d, 0x65, 0x74, 0x72, 0x69, 0x63, 0x55, 0x6e, 0x69, 0x74, 0x22, 0x3a, 0x22, 0x54, 0x4f, 0x4b,
  0x45, 0x4e, 0x22, 0x2c, 0x22, 0x6e, 0x6f, 0x74, 0x65, 0x22, 0x3a, 0x7b, 0x22, 0x76, 0x61, 0x72,
  0x22, 0x3a, 0x22, 0x63, 0x61, 0x63, 0x68, 0x65, 0x5f, 0x64, 0x69, 0x73, 0x70, 0x6c, 0x61, 0x79,
  0x22, 0x7d, 0x2c, 0x22, 0x66, 0x6f, 0x6f, 0x74, 0x65, 0x72, 0x22, 0x3a, 0x22, 0x53, 0x57, 0x31,
  0xe6, 0x80, 0xbb, 0xe9, 0x87, 0x8f, 0x20, 0xc2, 0xb7, 0x20, 0x53, 0x57, 0x32, 0xe8, 0xbe, 0x93,
  0xe5, 0x85, 0xa5, 0x20, 0xc2, 0xb7, 0x20, 0xe6, 0x91, 0x87, 0xe6, 0x9d, 0x86, 0xe5, 0x8f, 0xb3,
  0xe8, 0xbe, 0x93, 0xe5, 0x87, 0xba, 0x20, 0xc2, 0xb7, 0x20, 0xe5, 0x85, 0xa8, 0xe5, 0xb1, 0x80,
  0xe9, 0x94, 0xae, 0xe9, 0x80, 0x80, 0xe5, 0x87, 0xba, 0x22, 0x2c, 0x22, 0x76, 0x69, 0x73, 0x75,
  0x61, 0x6c, 0x53, 0x74, 0x79, 0x6c, 0x65, 0x22, 0x3a, 0x22, 0x70, 0x69, 0x78, 0x65, 0x6c, 0x22,
  0x2c, 0x22, 0x76, 0x69, 0x73, 0x75, 0x61, 0x6c, 0x50, 0x61, 0x6c, 0x65, 0x74, 0x74, 0x65, 0x22,
  0x3a, 0x7b, 0x22, 0x73, 0x77, 0x69, 0x74, 0x63, 0x68, 0x5f, 0x70, 0x61, 0x67, 0x65, 0x22, 0x3a,
  0x7b, 0x22, 0x74, 0x6f, 0x74, 0x61, 0x6c, 0x22, 0x3a, 0x22, 0x61, 0x72, 0x63, 0x61, 0x64, 0x65,
  0x22, 0x2c, 0x22, 0x69, 0x6e, 0x70, 0x75, 0x74, 0x22, 0x3a, 0x22, 0x6d, 0x69, 0x6e, 0x74, 0x22,
  0x2c, 0x22, 0x6f, 0x75, 0x74, 0x70, 0x75, 0x74, 0x22, 0x3a, 0x22, 0x73, 0x75, 0x6e, 0x73, 0x65,
  0x74, 0x22, 0x7d, 0x7d, 0x2c, 0x22, 0x76, 0x69, 0x73, 0x75, 0x61, 0x6c, 0x4c, 0x61, 0x79, 0x6f,
  0x75, 0x74, 0x22, 0x3a, 0x22, 0x74, 0x6f, 0x6f, 0x6c, 0x22, 0x2c, 0x22, 0x76, 0x69, 0x73, 0x75,
  0x61, 0x6c, 0x53, 0x70, 0x72, 0x69, 0x74, 0x65, 0x22, 0x3a, 0x7b, 0x22, 0x73, 0x77, 0x69, 0x74,
  0x63, 0x68, 0x5f, 0x70, 0x61, 0x67, 0x65, 0x22, 0x3a, 0x7b, 0x22, 0x74, 0x6f, 0x74, 0x61, 0x6c,
  0x22, 0x3a, 0x22, 0x67, 0x61, 0x75, 0x67, 0x65, 0x22, 0x2c, 0x22, 0x69, 0x6e, 0x70, 0x75, 0x74,
  0x22, 0x3a, 0x22, 0x62, 0x6f, 0x6c, 0x74, 0x22, 0x2c, 0x22, 0x6f, 0x75, 0x74, 0x70, 0x75, 0x74,
  0x22, 0x3a, 0x22, 0x67, 0x61, 0x75, 0x67, 0x65, 0x22, 0x7d, 0x7d, 0x7d, 0x7d, 0x2c, 0x22, 0x62,
  0x75, 0x74, 0x74, 0x6f, 0x6e, 0x73, 0x22, 0x3a, 0x5b, 0x7b, 0x22, 0x63, 0x6f, 0x6e, 0x74, 0x72,
  0x6f, 0x6c, 0x22, 0x3a, 0x22, 0x53, 0x57, 0x31, 0x22, 0x2c, 0x22, 0x65, 0x76, 0x65, 0x6e, 0x74,
  0x22, 0x3a, 0x22, 0x62, 0x75, 0x74, 0x74, 0x6f, 0x6e, 0x2e, 0x73, 0x77, 0x31, 0x2e, 0x73, 0x68,
  0x6f, 0x72, 0x74, 0x5f, 0x70, 0x72, 0x65, 0x73, 0x73, 0x22, 0x2c, 0x22, 0x61, 0x63, 0x74, 0x69,
  0x6f, 0x6e, 0x22, 0x3a, 0x22, 0x73, 0x74, 0x61, 0x74, 0x73, 0x2e, 0x73, 0x68, 0x6f, 0x77, 0x5f,
  0x74, 0x6f, 0x74, 0x61, 0x6c, 0x22, 0x2c, 0x22, 0x6c, 0x61, 0x62, 0x65, 0x6c, 0x22, 0x3a, 0x22,
  0xe6, 0x80, 0xbb, 0xe9, 0x87, 0x8f, 0x22, 0x7d, 0x2c, 0x7b, 0x22, 0x63, 0x6f, 0x6e, 0x74, 0x72,
  0x6f, 0x6c, 0x22, 0x3a, 0x22, 0x53, 0x57, 0x32, 0x22, 0x2c, 0x22, 0x65, 0x76, 0x65, 0x6e, 0x74,
  0x22, 0x3a, 0x22, 0x62, 0x75, 0x74, 0x74, 0x6f, 0x6e, 0x2e, 0x73, 0x77, 0x32, 0x2e, 0x73, 0x68,
  0x6f, 0x72, 0x74, 0x5f, 0x70, 0x72, 0x65, 0x73, 0x73, 0x22, 0x2c, 0x22, 0x61, 0x63, 0x74, 0x69,
  0x6f, 0x6e, 0x22, 0x3a, 0x22, 0x73, 0x74, 0x61, 0x74, 0x73, 0x2e, 0x73, 0x68, 0x6f, 0x77, 0x5f,
  0x69, 0x6e, 0x70, 0x75, 0x74, 0x22, 0x2c, 0x22, 0x6c, 0x61, 0x62, 0x65, 0x6c, 0x22, 0x3a, 0x22,
  0xe8, 0xbe, 0x93, 0xe5, 0x85, 0xa5, 0x22, 0x7d, 0x2c, 0x7b, 0x22, 0x63, 0x6f, 0x6e, 0x74, 0x72,
  0x6f, 0x6c, 0x22, 0x3a, 0x22, 0xe5, 0x89, 0x8d, 0xe6, 0x96, 0xb9, 0xe6, 0x91, 0x87, 0xe6, 0x9d,
  0x86, 0x22, 0x2c, 0x22, 0x65, 0x76, 0x65, 0x6e, 0x74, 0x22, 0x3a, 0x22, 0x6b, 0x6e, 0x6f, 0x62,
  0x2e, 0x72, 0x6f, 0x74, 0x61, 0x74, 0x65, 0x5f, 0x63, 0x77, 0x22, 0x2c, 0x22, 0x61, 0x63, 0x74,
  0x69, 0x6f, 0x6e, 0x22, 0x3a, 0x22, 0x73, 0x74, 0x61, 0x74, 0x73, 0x2e, 0x73, 0x68, 0x6f, 0x77,
  0x5f, 0x6f, 0x75, 0x74, 0x70, 0x75, 0x74, 0x22, 0x2c, 0x22, 0x6c, 0x61, 0x62, 0x65, 0x6c, 0x22,
  0x3a, 0x22, 0xe8, 0xbe, 0x93, 0xe5, 0x87, 0xba, 0x22, 0x7d, 0x5d, 0x2c, 0x22, 0x73, 0x70, 0x72,
  0x69, 0x74, 0x65, 0x73, 0x43, 0x68, 0x65, 0x63, 0x6b, 0x73, 0x75, 0x6d, 0x22, 0x3a, 0x22, 0x30,
  0x30, 0x30, 0x30, 0x30, 0x30, 0x30, 0x30, 0x22, 0x2c, 0x22, 0x73, 0x70, 0x72, 0x69, 0x74, 0x65,
  0x46, 0x69, 0x6c, 0x65, 0x73, 0x22, 0x3a, 0x5b, 0x5d, 0x7d, 0x5d, 0x7d, 0x0a, 0x00,
};
